contact_id,timestamp,channel,raw_text,clean_text,predicted_intent,prediction_confidence,predicted_sentiment,sentiment_confidence,recommended_route,review_priority,human_intent_label,human_sentiment_label,review_status,reviewer_id,review_notes,taxonomy_version
C0026700,2026-05-15 16:53:05,phone_transcript,hello um Can someone help? asap email sam95@example.com address 45 Spring Lane,hello um can someone help as soon as possible email [email] address [address],unclear_or_out_of_scope,0.3792518623475855,neutral,0.5587167956853476,Human adviser,0.641411475708828,unclear_or_out_of_scope,neutral,unreviewed,,,v2.0
C0029353,2026-05-28 17:39:46,live_chat,I have a question about something on the site please from Oakfield Medical Centre,i have a question about [gp_surgery],unclear_or_out_of_scope,0.4005040378144758,negative,0.6740918509377442,Human adviser,0.6297227792020383,unclear_or_out_of_scope,negative,unreviewed,,,v2.0
C0018985,2026-04-05 21:47:59,phone_transcript,"please can you help, Can someone help? asap",please can you help can someone help as soon as possible,unclear_or_out_of_scope,0.5822946571024773,neutral,0.5730006483185421,Human adviser,0.5297379385936375,unclear_or_out_of_scope,neutral,unreviewed,,,v2.0
C0027275,2026-05-18 12:05:34,live_chat,hello Can someone help? asap,hello can someone help as soon as possible,unclear_or_out_of_scope,0.6764076378056523,neutral,0.5308461564918392,Human adviser,0.47797579920689126,unclear_or_out_of_scope,neutral,unreviewed,,,v2.0
C0028376,2026-05-23 19:56:15,phone_transcript,right so Please get back to me please,right so please get back to me please,unclear_or_out_of_scope,0.7196435736102171,neutral,0.7913672945601743,Human adviser,0.45419603451438056,unclear_or_out_of_scope,neutral,unreviewed,,,v2.0
C0017519,2026-03-29 06:27:43,phone_transcript,hi I am calling because Please get back to me!!!,hi i am calling because please get back to me,unclear_or_out_of_scope,0.7284583001549507,neutral,0.7702977387970996,Human adviser,0.4493479349147771,unclear_or_out_of_scope,neutral,unreviewed,,,v2.0
C0004666,2026-01-24 07:46:23,live_chat,hi - Please get back to me,hi - please get back to me,unclear_or_out_of_scope,0.728583144761775,neutral,0.7693134702728204,Human adviser,0.4492792703810238,unclear_or_out_of_scope,neutral,unreviewed,,,v2.0
C0013986,2026-03-11 17:15:34,live_chat,Please help with my issue. email jo37@example.com,please help with my issue email [email],unclear_or_out_of_scope,0.7288112769133559,neutral,0.6475107631479808,Human adviser,0.4491537976976543,unclear_or_out_of_scope,neutral,unreviewed,,,v2.0
C0010383,2026-02-21 19:16:29,phone_transcript,right so pls get back to me.,right so please get back to me,unclear_or_out_of_scope,0.7399617984249758,neutral,0.792363693603216,Human adviser,0.44302101086626333,unclear_or_out_of_scope,neutral,unreviewed,,,v2.0
C0002341,2026-01-12 17:07:28,email,"Hi support, Please get back to me",hi support please get back to me,unclear_or_out_of_scope,0.7428437320774526,neutral,0.77492738447181,Human adviser,0.4414359473574011,unclear_or_out_of_scope,neutral,unreviewed,,,v2.0
C0002085,2026-01-11 12:15:09,email,"Dear team, Can someone help?.",dear team can someone help,unclear_or_out_of_scope,0.7439009035707123,neutral,0.6687283077320016,Human adviser,0.4408545030361083,unclear_or_out_of_scope,neutral,unreviewed,,,v2.0
C0013731,2026-03-10 13:56:12,live_chat,hi - Please help with my issue thanks postcode B15 2TT,hi - please help with my issue thanks postcode [postcode],unclear_or_out_of_scope,0.7462058100340789,neutral,0.5622725807948817,Human adviser,0.4395868044812566,unclear_or_out_of_scope,neutral,unreviewed,,,v2.0
C0000353,2026-01-02 16:49:54,app_review,App issue: Please get back to me asap,app issue please get back to me as soon as possible,unclear_or_out_of_scope,0.7468751449555241,neutral,0.7979486603484405,Human adviser,0.4392186702744617,unclear_or_out_of_scope,neutral,unreviewed,,,v2.0
C0013447,2026-03-09 07:38:32,phone_transcript,"please can you help, Can someone help?!!!",please can you help can someone help,unclear_or_out_of_scope,0.748171928110905,neutral,0.6806062652748809,Human adviser,0.43850543953900223,unclear_or_out_of_scope,neutral,unreviewed,,,v2.0
C0026557,2026-05-14 23:39:14,app_review,App issue: Please get back to me!!!,app issue please get back to me,unclear_or_out_of_scope,0.7549517733733205,neutral,0.8119857581500934,Human adviser,0.4347765246446737,unclear_or_out_of_scope,neutral,unreviewed,,,v2.0
C0004096,2026-01-21 06:25:05,app_review,Not happy. The delivery status has not changed. email sam42@example.com NHS number 8102059840,not happy the delivery status has not changed email [email] nhs number [nhs_number],delivery_delayed,0.2106548998532479,negative,0.5600529131693226,Human adviser,0.4341398050807137,delivery_delayed,negative,unreviewed,,,v2.0
C0023020,2026-04-26 13:30:42,live_chat,pls help: pls get back to me asap,please help please get back to me as soon as possible,unclear_or_out_of_scope,0.7568434388288322,neutral,0.779849053318802,Human adviser,0.43373610864414225,unclear_or_out_of_scope,neutral,unreviewed,,,v2.0
C0027238,2026-05-18 07:24:07,phone_transcript,hello um Please get back to me.,hello um please get back to me,unclear_or_out_of_scope,0.7596983171084597,neutral,0.7662942443422417,Human adviser,0.43216592559034717,unclear_or_out_of_scope,neutral,unreviewed,,,v2.0
C0006606,2026-02-03 11:18:46,live_chat,Please help with my issue asap DOB 18/01/1961,please help with my issue as soon as possible dob [dob],unclear_or_out_of_scope,0.7603456517207754,neutral,0.5589752239973506,Human adviser,0.4318098915535735,unclear_or_out_of_scope,neutral,unreviewed,,,v2.0
C0001274,2026-01-07 09:15:41,email,"Dear team, The delivery status has not changed!!! My phone is 07701549372",dear team the delivery status has not changed my phone is [phone],delivery_delayed,0.2176965422035252,negative,0.6442482393961875,Human adviser,0.4302669017880612,delivery_delayed,negative,unreviewed,,,v2.0
C0017845,2026-03-30 21:14:44,phone_transcript,"please can you help, Please get back to me.",please can you help please get back to me,unclear_or_out_of_scope,0.7657247171120751,neutral,0.7978517248140653,Human adviser,0.42885140558835866,unclear_or_out_of_scope,neutral,unreviewed,,,v2.0
C0026022,2026-05-12 04:20:49,phone_transcript,hello um I do not know which option to select asap NHS number 4293658795,hello um i do not know which option to select as soon as possible nhs number [nhs_number],unclear_or_out_of_scope,0.7684581363064571,neutral,0.6788982784740327,Human adviser,0.4273480250314486,unclear_or_out_of_scope,neutral,unreviewed,,,v2.0
C0028097,2026-05-22 11:16:00,email,Please help. Please get back to me,please help please get back to me,unclear_or_out_of_scope,0.7684842524563509,neutral,0.7943176346087063,Human adviser,0.427333661149007,unclear_or_out_of_scope,neutral,unreviewed,,,v2.0
C0008002,2026-02-10 08:02:46,live_chat,hello pls get back to me!!!,hello please get back to me,unclear_or_out_of_scope,0.777688241700665,neutral,0.7858828122964081,Human adviser,0.42227146706463425,unclear_or_out_of_scope,neutral,unreviewed,,,v2.0
C0021727,2026-04-20 00:54:42,email,"Dear team, The delivery status has not changed please",dear team the delivery status has not changed please,delivery_delayed,0.2332383109211837,negative,0.6723237284893877,Human adviser,0.42171892899334895,delivery_delayed,negative,unreviewed,,,v2.0
C0003775,2026-01-19 17:14:05,email,"Hi support, The delivery status has not changed!!! from Spring Lane Practice",hi support the delivery status has not changed [gp_surgery],delivery_tracking,0.2339210326747873,negative,0.6528420386293843,Human adviser,0.421343432028867,delivery_tracking,negative,unreviewed,,,v2.0
C0018380,2026-04-02 15:51:45,phone_transcript,right so Can someone help?!!!,right so can someone help,unclear_or_out_of_scope,0.7841646103632814,neutral,0.6138109362658705,Human adviser,0.4187094643001952,unclear_or_out_of_scope,neutral,unreviewed,,,v2.0
C0024171,2026-05-02 12:03:47,social,The delivery status has not changed thanks,the delivery status has not changed thanks,parcel_not_received,0.2390043465802213,negative,0.5643369103475373,Human adviser,0.4185476093808783,parcel_not_received,negative,unreviewed,,,v2.0
C0004180,2026-01-21 16:15:41,social,@support Can someone help? pls,@support can someone help please,unclear_or_out_of_scope,0.785431963064468,neutral,0.8023644910376739,Human adviser,0.41801242031454255,unclear_or_out_of_scope,neutral,unreviewed,,,v2.0
C0029996,2026-05-31 23:25:17,phone_transcript,"please can you help, Please get back to me thanks",please can you help please get back to me thanks,unclear_or_out_of_scope,0.7867411160021618,neutral,0.779735452599013,Human adviser,0.41729238619881104,unclear_or_out_of_scope,neutral,unreviewed,,,v2.0
C0022295,2026-04-22 23:18:13,email,"Hi support, The delivery status has not changed asap email alex80@example.com",hi support the delivery status has not changed as soon as possible email [email],delivery_delayed,0.2423092334497231,negative,0.574866144663434,Human adviser,0.4167299216026523,delivery_delayed,negative,unreviewed,,,v2.0
C0025811,2026-05-11 01:02:37,live_chat,hi - My medicine order has not arrived yet!!! postcode B15 2TT,hi - my medicine order has not arrived yet postcode [postcode],not_dispatched,0.2440203327710499,negative,0.53290101014677,Human adviser,0.41578881697592257,not_dispatched,negative,unreviewed,,,v2.0
C0012360,2026-03-03 16:58:17,email,"Hi support, The delivry status has not changed thanks",hi support the delivery status has not changed thanks,delivery_tracking,0.246623016433471,negative,0.579054038582433,Human adviser,0.41435734096159094,delivery_tracking,negative,unreviewed,,,v2.0
C0019117,2026-04-06 11:57:20,phone_transcript,right so My meds order has not arrived yet thanks postcode B15 2TT,right so my medicine order has not arrived yet thanks postcode [postcode],delivery_delayed,0.248428984919514,negative,0.5117036946575452,Human adviser,0.4133640582942673,delivery_delayed,negative,unreviewed,,,v2.0
C0029646,2026-05-30 06:02:10,email,"Dear team, The delivry status has not changed thanks My phone is 07911074461",dear team the delivery status has not changed thanks my phone is [phone],parcel_not_received,0.2503120619334787,negative,0.5654279368702427,Human adviser,0.4123283659365868,parcel_not_received,negative,unreviewed,,,v2.0
C0009363,2026-02-16 19:43:00,live_chat,pls help: My medicine order has not arrived yet thanks,please help my medicine order has not arrived yet thanks,delivery_delayed,0.2525235141385302,negative,0.5691541918044526,Human adviser,0.4111120672238084,delivery_delayed,negative,unreviewed,,,v2.0
C0024326,2026-05-03 07:06:14,email,Please help. My medicine order has not arrived yet thanks,please help my medicine order has not arrived yet thanks,delivery_delayed,0.2525235141385302,negative,0.5691541918044526,Human adviser,0.4111120672238084,delivery_delayed,negative,unreviewed,,,v2.0
C0024826,2026-05-05 19:33:42,email,Please help. My meds order has not arrived yet thanks,please help my medicine order has not arrived yet thanks,delivery_delayed,0.2525235141385302,negative,0.5691541918044526,Human adviser,0.4111120672238084,delivery_delayed,negative,unreviewed,,,v2.0
C0002456,2026-01-13 07:37:41,email,"Hi support, My meds order has not arrived yet thanks",hi support my medicine order has not arrived yet thanks,parcel_not_received,0.2536136875281816,negative,0.628004330607181,Human adviser,0.4105124718595002,parcel_not_received,negative,unreviewed,,,v2.0
C0015001,2026-03-16 13:15:36,email,"Hi support, My meds order has not arrived yet thanks",hi support my medicine order has not arrived yet thanks,parcel_not_received,0.2536136875281816,negative,0.628004330607181,Human adviser,0.4105124718595002,parcel_not_received,negative,unreviewed,,,v2.0
C0011790,2026-02-28 19:39:40,email,"Hi support, My medicine order has not arrived yet thanks",hi support my medicine order has not arrived yet thanks,parcel_not_received,0.2536136875281816,negative,0.628004330607181,Human adviser,0.4105124718595002,parcel_not_received,negative,unreviewed,,,v2.0
C0000254,2026-01-02 05:51:54,app_review,Please fix this: The delivery status has not changed thanks,please fix this the delivery status has not changed thanks,parcel_not_received,0.2537988845052903,negative,0.6144080615067452,Human adviser,0.41041061352209035,parcel_not_received,negative,unreviewed,,,v2.0
C0011738,2026-02-28 14:12:49,phone_transcript,right so The delivery status has not changed please order no P2U-175078 address 8 Market Street,right so the delivery status has not changed please [order_ref] address [address],delivery_delayed,0.2540580434727734,negative,0.4818437259322332,Human adviser,0.4102680760899747,delivery_delayed,negative,unreviewed,,,v2.0
C0017464,2026-03-29 00:26:53,live_chat,Can someone contact me? asap My phone is 07270606479,can someone contact me as soon as possible my phone is [phone],unclear_or_out_of_scope,0.8009021168042411,neutral,0.6815682297504825,Human adviser,0.4095038357576674,unclear_or_out_of_scope,neutral,unreviewed,,,v2.0
C0029456,2026-05-29 07:45:13,email,"Dear team, The delivery status has not changed thanks My phone is 07234115521 order no P2U-191987",dear team the delivery status has not changed thanks my phone is [phone] [order_ref],delivery_tracking,0.2562739750036804,negative,0.5269644384411064,Human adviser,0.4090493137479758,delivery_tracking,negative,unreviewed,,,v2.0
C0025859,2026-05-11 07:16:10,email,"Dear team, My medicine order has not arrived yet. from Riverside Surgery",dear team my medicine order has not arrived yet [gp_surgery],delivery_tracking,0.2574189200177066,negative,0.5360727485839045,Human adviser,0.4084195939902614,delivery_tracking,negative,unreviewed,,,v2.0
C0029665,2026-05-30 08:24:16,email,"Dear team, The delivery status has not changed asap",dear team the delivery status has not changed as soon as possible,parcel_not_received,0.2578654590584026,negative,0.6021251053318253,Human adviser,0.4081739975178786,parcel_not_received,negative,unreviewed,,,v2.0
C0006539,2026-02-03 01:31:35,email,"Hi support, My medicine order has not arrived yet thanks address 12 Oak Road",hi support my medicine order has not arrived yet thanks address [address],parcel_not_received,0.259208117524573,negative,0.5998379495359452,Human adviser,0.40743553536148486,parcel_not_received,negative,unreviewed,,,v2.0
C0005075,2026-01-26 08:19:08,live_chat,hello The delivery status has not changed,hello the delivery status has not changed,parcel_not_received,0.2599444458040882,negative,0.6017396509555665,Human adviser,0.40703055480775147,parcel_not_received,negative,unreviewed,,,v2.0
C0006786,2026-02-04 08:28:49,live_chat,hello The delivery status has not changed,hello the delivery status has not changed,parcel_not_received,0.2599444458040882,negative,0.6017396509555665,Human adviser,0.40703055480775147,parcel_not_received,negative,unreviewed,,,v2.0
C0020681,2026-04-14 12:47:04,live_chat,hello The delivry status has not changed,hello the delivery status has not changed,parcel_not_received,0.2599444458040882,negative,0.6017396509555665,Human adviser,0.40703055480775147,parcel_not_received,negative,unreviewed,,,v2.0
C0025063,2026-05-06 23:56:28,live_chat,hi - Please help with my issue!!! address 12 Oak Road,hi - please help with my issue address [address],unclear_or_out_of_scope,0.8083278898733343,neutral,0.7091521743775605,Human adviser,0.40541966056966616,unclear_or_out_of_scope,neutral,unreviewed,,,v2.0
C0003316,2026-01-17 09:21:15,phone_transcript,"please can you help, The delivery status has not changed thanks",please can you help the delivery status has not changed thanks,not_dispatched,0.2639807773595559,negative,0.5660357232218828,Human adviser,0.4048105724522443,not_dispatched,negative,unreviewed,,,v2.0
C0006900,2026-02-04 21:17:46,phone_transcript,"please can you help, The delivery status has not changed thanks",please can you help the delivery status has not changed thanks,not_dispatched,0.2639807773595559,negative,0.5660357232218828,Human adviser,0.4048105724522443,not_dispatched,negative,unreviewed,,,v2.0
C0020738,2026-04-14 19:52:21,phone_transcript,"please can you help, The delivery status has not changed thanks",please can you help the delivery status has not changed thanks,not_dispatched,0.2639807773595559,negative,0.5660357232218828,Human adviser,0.4048105724522443,not_dispatched,negative,unreviewed,,,v2.0
C0020622,2026-04-14 08:13:12,email,pls help. Can someone contact me? thanks postcode B15 2TT,please help can someone contact me thanks postcode [postcode],unclear_or_out_of_scope,0.8096169372261006,neutral,0.6873748848950428,Human adviser,0.4047106845256446,unclear_or_out_of_scope,neutral,unreviewed,,,v2.0
C0012207,2026-03-03 00:45:06,live_chat,hi - The delivery status has not changed,hi - the delivery status has not changed,parcel_not_received,0.2642161596189359,negative,0.524044114200173,Human adviser,0.4046811122095853,parcel_not_received,negative,unreviewed,,,v2.0
C0004343,2026-01-22 14:11:45,live_chat,hi - The delivery status has not changed.,hi - the delivery status has not changed,parcel_not_received,0.2642161596189359,negative,0.524044114200173,Human adviser,0.4046811122095853,parcel_not_received,negative,unreviewed,,,v2.0
C0015154,2026-03-17 09:16:51,live_chat,hi - The delivery status has not changed!!!,hi - the delivery status has not changed,parcel_not_received,0.2642161596189359,negative,0.524044114200173,Human adviser,0.4046811122095853,parcel_not_received,negative,unreviewed,,,v2.0
C0000379,2026-01-02 20:31:05,app_review,Not happy. Can someone help? please,not happy can someone help please,unclear_or_out_of_scope,0.8098702766075188,neutral,0.7009100562246461,Human adviser,0.4045713478658647,unclear_or_out_of_scope,neutral,unreviewed,,,v2.0
C0012941,2026-03-06 20:36:21,phone_transcript,hi I am calling because My medicine order has not arrived yet thanks,hi i am calling because my medicine order has not arrived yet thanks,delivery_delayed,0.2646714732559261,negative,0.5422416430784568,Human adviser,0.4044306897092407,delivery_delayed,negative,unreviewed,,,v2.0
C0027447,2026-05-19 05:38:28,phone_transcript,hi I am calling because My medicine order has not arrived yet thanks,hi i am calling because my medicine order has not arrived yet thanks,delivery_delayed,0.2646714732559261,negative,0.5422416430784568,Human adviser,0.4044306897092407,delivery_delayed,negative,unreviewed,,,v2.0
C0021669,2026-04-19 17:39:53,phone_transcript,right so The delivery status has not changed!!! My phone is 07116833865 order no P2U-844707,right so the delivery status has not changed my phone is [phone] [order_ref],delivery_delayed,0.2653629163517313,negative,0.6080498315848631,Human adviser,0.40405039600654785,delivery_delayed,negative,unreviewed,,,v2.0
C0014735,2026-03-15 05:22:04,phone_transcript,right so The delivry status has not changed address 8 Market Street,right so the delivery status has not changed address [address],delivery_delayed,0.2656227803946898,negative,0.5931113829129879,Human adviser,0.40390747078292066,delivery_delayed,negative,unreviewed,,,v2.0
C0021529,2026-04-18 22:57:04,email,"Hello, The delivery status has not changed please",hello the delivery status has not changed please,delivery_delayed,0.2661628842777271,negative,0.661169883454446,Human adviser,0.40361041364725014,delivery_delayed,negative,unreviewed,,,v2.0
C0011638,2026-02-27 23:29:28,social,My medicine order has not arrived yet thanks,my medicine order has not arrived yet thanks,parcel_not_received,0.2662766428577366,negative,0.4907751228264109,Human adviser,0.4035478464282449,parcel_not_received,negative,unreviewed,,,v2.0
C0022336,2026-04-23 04:06:26,email,"Hi support, My medicine order has not arrived yet",hi support my medicine order has not arrived yet,delivery_tracking,0.2668812817126139,negative,0.6277409779946417,Human adviser,0.4032152950580624,delivery_tracking,negative,unreviewed,,,v2.0
C0017604,2026-03-29 16:19:46,email,"Hi support, My medicine order has not arrived yet.",hi support my medicine order has not arrived yet,delivery_tracking,0.2668812817126139,negative,0.6277409779946417,Human adviser,0.4032152950580624,delivery_tracking,negative,unreviewed,,,v2.0
C0008513,2026-02-12 18:10:34,email,"Hi support, My medicine order has not arrived yet.",hi support my medicine order has not arrived yet,delivery_tracking,0.2668812817126139,negative,0.6277409779946417,Human adviser,0.4032152950580624,delivery_tracking,negative,unreviewed,,,v2.0
C0011962,2026-03-01 15:44:18,social,@support Can someone contact me? please DOB 15/08/1982,@support can someone contact me please dob [dob],unclear_or_out_of_scope,0.8130102860452947,neutral,0.6883185406956424,Human adviser,0.40284434267508795,unclear_or_out_of_scope,neutral,unreviewed,,,v2.0
C0024813,2026-05-05 17:51:47,phone_transcript,hi I am calling because Can someone contact me? asap My phone is 07438624962,hi i am calling because can someone contact me as soon as possible my phone is [phone],unclear_or_out_of_scope,0.8131328239497105,neutral,0.7227716344206627,Human adviser,0.4027769468276592,unclear_or_out_of_scope,neutral,unreviewed,,,v2.0
C0023120,2026-04-27 02:05:46,phone_transcript,hi I am calling because Can you tell me what is happening with my parcel? postcode M13 9PL,hi i am calling because can you tell me what is happening with my parcel postcode [postcode],delivery_delayed,0.2695447794613272,negative,0.4971159442717117,Human adviser,0.40175037129627006,delivery_delayed,negative,unreviewed,,,v2.0
C0008009,2026-02-10 08:28:56,email,"Dear team, The delivery status has not changed thanks",dear team the delivery status has not changed thanks,parcel_not_received,0.2700223187848439,negative,0.5920122709512667,Human adviser,0.40148772466833593,parcel_not_received,negative,unreviewed,,,v2.0
C0020005,2026-04-11 02:21:40,live_chat,The delivery status has not changed asap,the delivery status has not changed as soon as possible,delivery_delayed,0.2701919826258158,negative,0.5923008231487211,Human adviser,0.40139440955580136,delivery_delayed,negative,unreviewed,,,v2.0
C0006282,2026-02-01 18:54:54,live_chat,The delivery status has not changed asap,the delivery status has not changed as soon as possible,delivery_delayed,0.2701919826258158,negative,0.5923008231487211,Human adviser,0.40139440955580136,delivery_delayed,negative,unreviewed,,,v2.0
C0021018,2026-04-16 04:47:27,live_chat,pls help: My medicine order has not arrived yet thanks My phone is 07369041939,please help my medicine order has not arrived yet thanks my phone is [phone],delivery_delayed,0.2710932166496072,negative,0.5656557557219553,Human adviser,0.4008987308427161,delivery_delayed,negative,unreviewed,,,v2.0
C0015329,2026-03-18 06:51:29,phone_transcript,hi I am calling because I do not know which option to select!!! My phone is 07767257267,hi i am calling because i do not know which option to select my phone is [phone],unclear_or_out_of_scope,0.8218342421750277,neutral,0.6685367047175067,Human adviser,0.3979911668037348,unclear_or_out_of_scope,neutral,unreviewed,,,v2.0
C0013481,2026-03-09 11:51:13,phone_transcript,hi I am calling because Can you tell me what is happening with my parcel? please,hi i am calling because can you tell me what is happening with my parcel please,delivery_delayed,0.2769931242918201,negative,0.5193134737785009,Human adviser,0.397653781639499,delivery_delayed,negative,unreviewed,,,v2.0
C0021484,2026-04-18 16:57:34,phone_transcript,hello um Please help with my issue asap DOB 03/04/1980,hello um please help with my issue as soon as possible dob [dob],unclear_or_out_of_scope,0.8228503801415362,neutral,0.5736734568593178,Human adviser,0.3974322909221551,unclear_or_out_of_scope,neutral,unreviewed,,,v2.0
C0027258,2026-05-18 09:57:15,phone_transcript,"pls can you help, Please help with my issue asap my name is Pat Jones",please can you help please help with my issue as soon as possible [name],unclear_or_out_of_scope,0.8232377063075326,neutral,0.6103668893446572,Human adviser,0.39721926153085707,unclear_or_out_of_scope,neutral,unreviewed,,,v2.0
C0025392,2026-05-08 20:36:17,phone_transcript,hi I am calling cos The delivery status has not changed thanks,hi i am calling because the delivery status has not changed thanks,delivery_delayed,0.2792040041703996,negative,0.5939465997103577,Human adviser,0.39643779770628024,delivery_delayed,negative,unreviewed,,,v2.0
C0022622,2026-04-24 12:26:48,email,"Hi support, The delivery status has not changed asap My phone is 07226392696",hi support the delivery status has not changed as soon as possible my phone is [phone],delivery_delayed,0.2793473849535955,negative,0.5638799436688504,Human adviser,0.39635893827552254,delivery_delayed,negative,unreviewed,,,v2.0
C0002685,2026-01-14 09:04:26,phone_transcript,"please can you help, The delivery status has not changed asap",please can you help the delivery status has not changed as soon as possible,delivery_delayed,0.2794953062242352,negative,0.5796147564580229,Human adviser,0.3962775815766707,delivery_delayed,negative,unreviewed,,,v2.0
C0003784,2026-01-19 18:03:53,phone_transcript,"please can you help, The delivry status has not changed asap",please can you help the delivery status has not changed as soon as possible,delivery_delayed,0.2794953062242352,negative,0.5796147564580229,Human adviser,0.3962775815766707,delivery_delayed,negative,unreviewed,,,v2.0
C0029441,2026-05-29 05:29:19,live_chat,I have run out of my tablets and need help today from Riverside Surgery,i have run out of [gp_surgery],urgent_ran_out_medicine,0.5522741616848253,negative,0.9770926821826148,Clinical escalation,0.3962492110733461,urgent_ran_out_medicine,negative,unreviewed,,,v2.0
C0013196,2026-03-08 03:03:36,live_chat,pls help: The delivery status has not changed,please help the delivery status has not changed,not_dispatched,0.2801970106018206,negative,0.6116590294255364,Human adviser,0.39589164416899875,not_dispatched,negative,unreviewed,,,v2.0
C0003693,2026-01-19 06:00:41,email,Please help. The delivery status has not changed!!!,please help the delivery status has not changed,not_dispatched,0.2801970106018206,negative,0.6116590294255364,Human adviser,0.39589164416899875,not_dispatched,negative,unreviewed,,,v2.0
C0006626,2026-02-03 13:05:54,live_chat,pls help: The delivry status has not changed!!!,please help the delivery status has not changed,not_dispatched,0.2801970106018206,negative,0.6116590294255364,Human adviser,0.39589164416899875,not_dispatched,negative,unreviewed,,,v2.0
C0028716,2026-05-25 13:06:03,live_chat,pls help: The delivry status has not changed,please help the delivery status has not changed,not_dispatched,0.2801970106018206,negative,0.6116590294255364,Human adviser,0.39589164416899875,not_dispatched,negative,unreviewed,,,v2.0
C0001076,2026-01-06 09:13:52,live_chat,pls help: The delivery status has not changed!!!,please help the delivery status has not changed,not_dispatched,0.2801970106018206,negative,0.6116590294255364,Human adviser,0.39589164416899875,not_dispatched,negative,unreviewed,,,v2.0
C0026758,2026-05-15 22:58:15,email,Please help. The delivery status has not changed!!!,please help the delivery status has not changed,not_dispatched,0.2801970106018206,negative,0.6116590294255364,Human adviser,0.39589164416899875,not_dispatched,negative,unreviewed,,,v2.0
C0008305,2026-02-11 15:53:42,phone_transcript,right so My medicine order has not arrived yet thanks,right so my medicine order has not arrived yet thanks,delivery_tracking,0.2802452774988114,negative,0.5482613234295817,Human adviser,0.3958650973756538,delivery_tracking,negative,unreviewed,,,v2.0
C0014453,2026-03-13 20:01:26,phone_transcript,right so My meds order has not arrived yet thanks,right so my medicine order has not arrived yet thanks,delivery_tracking,0.2802452774988114,negative,0.5482613234295817,Human adviser,0.3958650973756538,delivery_tracking,negative,unreviewed,,,v2.0
C0007557,2026-02-07 23:13:49,phone_transcript,hello um Please help with my issue email pat46@example.com,hello um please help with my issue email [email],unclear_or_out_of_scope,0.8257305915190323,neutral,0.6528518024008347,Human adviser,0.39584817466453226,unclear_or_out_of_scope,neutral,unreviewed,,,v2.0
C0009016,2026-02-15 05:54:09,email,"Dear team, My medicine order has not arrived yet thanks",dear team my medicine order has not arrived yet thanks,delivery_tracking,0.280655379215014,negative,0.4647226282486653,Human adviser,0.39563954143174235,delivery_tracking,negative,unreviewed,,,v2.0
C0023209,2026-04-27 10:56:18,email,"Dear team, My meds order has not arrived yet thanks",dear team my medicine order has not arrived yet thanks,delivery_tracking,0.280655379215014,negative,0.4647226282486653,Human adviser,0.39563954143174235,delivery_tracking,negative,unreviewed,,,v2.0
C0021456,2026-04-18 11:54:10,phone_transcript,right so Please help with my issue please email sam24@example.com,right so please help with my issue please email [email],unclear_or_out_of_scope,0.8281400479488775,neutral,0.6303246434520814,Human adviser,0.3945229736281174,unclear_or_out_of_scope,neutral,unreviewed,,,v2.0
C0012735,2026-03-05 16:46:22,email,Please help. The delivery status has not changed asap,please help the delivery status has not changed as soon as possible,delivery_delayed,0.2828590016073283,negative,0.5910980746757979,Human adviser,0.3944275491159695,delivery_delayed,negative,unreviewed,,,v2.0
C0002852,2026-01-15 07:06:05,phone_transcript,"please can you help, The delivery status has not changed.",please can you help the delivery status has not changed,not_dispatched,0.2835913040668396,negative,0.5964661900019402,Human adviser,0.3940247827632382,not_dispatched,negative,unreviewed,,,v2.0
C0029714,2026-05-30 15:02:48,phone_transcript,"please can you help, The delivery status has not changed.",please can you help the delivery status has not changed,not_dispatched,0.2835913040668396,negative,0.5964661900019402,Human adviser,0.3940247827632382,not_dispatched,negative,unreviewed,,,v2.0
C0026320,2026-05-13 16:52:48,phone_transcript,"please can you help, The delivery status has not changed.",please can you help the delivery status has not changed,not_dispatched,0.2835913040668396,negative,0.5964661900019402,Human adviser,0.3940247827632382,not_dispatched,negative,unreviewed,,,v2.0
C0005906,2026-01-30 22:21:00,phone_transcript,"please can you help, The delivery status has not changed!!!",please can you help the delivery status has not changed,not_dispatched,0.2835913040668396,negative,0.5964661900019402,Human adviser,0.3940247827632382,not_dispatched,negative,unreviewed,,,v2.0
C0009511,2026-02-17 12:51:42,phone_transcript,"please can you help, The delivery status has not changed.",please can you help the delivery status has not changed,not_dispatched,0.2835913040668396,negative,0.5964661900019402,Human adviser,0.3940247827632382,not_dispatched,negative,unreviewed,,,v2.0
C0014220,2026-03-12 18:40:44,phone_transcript,"please can you help, The delivery status has not changed!!!",please can you help the delivery status has not changed,not_dispatched,0.2835913040668396,negative,0.5964661900019402,Human adviser,0.3940247827632382,not_dispatched,negative,unreviewed,,,v2.0
C0000515,2026-01-03 13:47:42,phone_transcript,"please can you help, The delivery status has not changed.",please can you help the delivery status has not changed,not_dispatched,0.2835913040668396,negative,0.5964661900019402,Human adviser,0.3940247827632382,not_dispatched,negative,unreviewed,,,v2.0
C0004208,2026-01-21 20:04:32,phone_transcript,"please can you help, The delivery status has not changed",please can you help the delivery status has not changed,not_dispatched,0.2835913040668396,negative,0.5964661900019402,Human adviser,0.3940247827632382,not_dispatched,negative,unreviewed,,,v2.0
C0020206,2026-04-12 05:27:50,email,"Hi support, Can someone help? please",hi support can someone help please,unclear_or_out_of_scope,0.8294414686260053,neutral,0.8112226220143745,Human adviser,0.39380719225569705,unclear_or_out_of_scope,neutral,unreviewed,,,v2.0
C0024820,2026-05-05 18:34:26,email,"Hi support, My medicine order has not arrived yet please",hi support my medicine order has not arrived yet please,delivery_delayed,0.2843446638843241,negative,0.6821439269358857,Human adviser,0.3936104348636218,delivery_delayed,negative,unreviewed,,,v2.0
C0027676,2026-05-20 07:54:58,email,"Hello, The delivery status has not changed thanks",hello the delivery status has not changed thanks,parcel_not_received,0.2850100295292351,negative,0.5711115999360448,Human adviser,0.39324448375892074,parcel_not_received,negative,unreviewed,,,v2.0
C0027966,2026-05-21 18:18:29,email,"Hello, The delivery status has not changed thanks",hello the delivery status has not changed thanks,parcel_not_received,0.2850100295292351,negative,0.5711115999360448,Human adviser,0.39324448375892074,parcel_not_received,negative,unreviewed,,,v2.0
C0019464,2026-04-08 07:15:57,live_chat,hello The delivery status has not changed thanks,hello the delivery status has not changed thanks,parcel_not_received,0.2850100295292351,negative,0.5711115999360448,Human adviser,0.39324448375892074,parcel_not_received,negative,unreviewed,,,v2.0
C0017328,2026-03-28 09:49:08,email,"Hello, The delivery status has not changed thanks",hello the delivery status has not changed thanks,parcel_not_received,0.2850100295292351,negative,0.5711115999360448,Human adviser,0.39324448375892074,parcel_not_received,negative,unreviewed,,,v2.0
C0023812,2026-04-30 17:21:26,email,"Hello, The delivry status has not changed thanks",hello the delivery status has not changed thanks,parcel_not_received,0.2850100295292351,negative,0.5711115999360448,Human adviser,0.39324448375892074,parcel_not_received,negative,unreviewed,,,v2.0
C0006215,2026-02-01 12:14:19,live_chat,hello The delivery status has not changed thanks,hello the delivery status has not changed thanks,parcel_not_received,0.2850100295292351,negative,0.5711115999360448,Human adviser,0.39324448375892074,parcel_not_received,negative,unreviewed,,,v2.0
C0014412,2026-03-13 14:52:13,live_chat,hi - The delivery status has not changed asap,hi - the delivery status has not changed as soon as possible,parcel_not_received,0.285010367440871,negative,0.5259661580807627,Human adviser,0.39324429790752097,parcel_not_received,negative,unreviewed,,,v2.0
C0009600,2026-02-17 22:14:17,email,"Hi support, pls help with my issue please My phone is 07969099044",hi support please help with my issue please my phone is [phone],unclear_or_out_of_scope,0.8313384159693461,neutral,0.6793971707321762,Human adviser,0.39276387121685963,unclear_or_out_of_scope,neutral,unreviewed,,,v2.0
C0021115,2026-04-16 15:53:43,email,"Hello, The delivery status has not changed asap",hello the delivery status has not changed as soon as possible,parcel_not_received,0.2862831407110356,negative,0.600635410688431,Human adviser,0.3925442726089305,parcel_not_received,negative,unreviewed,,,v2.0
C0026537,2026-05-14 21:15:28,email,"Dear team, My medicine order has not arrived yet please My phone is 07947574610",dear team my medicine order has not arrived yet please my phone is [phone],delivery_tracking,0.2880353384551913,negative,0.5470318556052658,Human adviser,0.39158056384964485,delivery_tracking,negative,unreviewed,,,v2.0
C0015440,2026-03-18 20:13:46,live_chat,hello My medicine order has not arrived yet!!! DOB 02/01/1947,hello my medicine order has not arrived yet dob [dob],delivery_delayed,0.2880565416806934,negative,0.5216845261677421,Human adviser,0.3915689020756187,delivery_delayed,negative,unreviewed,,,v2.0
C0020958,2026-04-15 22:54:29,live_chat,My meds order has not arrived yet.,my medicine order has not arrived yet,delivery_tracking,0.2881129407913915,negative,0.4760456566266694,Human adviser,0.3915378825647347,delivery_tracking,negative,unreviewed,,,v2.0
C0029026,2026-05-27 04:38:16,live_chat,My medicine order has not arrived yet!!!,my medicine order has not arrived yet,delivery_tracking,0.2881129407913915,negative,0.4760456566266694,Human adviser,0.3915378825647347,delivery_tracking,negative,unreviewed,,,v2.0
C0023353,2026-04-28 05:10:18,app_review,My medicine order has not arrived yet!!!,my medicine order has not arrived yet,delivery_tracking,0.2881129407913915,negative,0.4760456566266694,Human adviser,0.3915378825647347,delivery_tracking,negative,unreviewed,,,v2.0
C0005460,2026-01-28 09:29:24,live_chat,My medicine order has not arrived yet.,my medicine order has not arrived yet,delivery_tracking,0.2881129407913915,negative,0.4760456566266694,Human adviser,0.3915378825647347,delivery_tracking,negative,unreviewed,,,v2.0
C0003949,2026-01-20 13:33:55,live_chat,My meds order has not arrived yet!!!,my medicine order has not arrived yet,delivery_tracking,0.2881129407913915,negative,0.4760456566266694,Human adviser,0.3915378825647347,delivery_tracking,negative,unreviewed,,,v2.0
C0017738,2026-03-30 09:33:11,live_chat,My medicine order has not arrived yet,my medicine order has not arrived yet,delivery_tracking,0.2881129407913915,negative,0.4760456566266694,Human adviser,0.3915378825647347,delivery_tracking,negative,unreviewed,,,v2.0
C0017189,2026-03-27 15:30:51,app_review,My medicine order has not arrived yet,my medicine order has not arrived yet,delivery_tracking,0.2881129407913915,negative,0.4760456566266694,Human adviser,0.3915378825647347,delivery_tracking,negative,unreviewed,,,v2.0
C0028407,2026-05-23 23:40:22,email,"Hello, The delivery status has not changed please My phone is 07399168844",hello the delivery status has not changed please my phone is [phone],delivery_delayed,0.2891611058527198,negative,0.6183946097537804,Human adviser,0.39096139178100414,delivery_delayed,negative,unreviewed,,,v2.0
C0014442,2026-03-13 18:38:09,phone_transcript,hello um Can someone contact me? pls address 12 Oak Road,hello um can someone contact me please address [address],unclear_or_out_of_scope,0.8347707402856933,neutral,0.6777339148975093,Human adviser,0.39087609284286867,unclear_or_out_of_scope,neutral,unreviewed,,,v2.0
C0015684,2026-03-20 01:48:20,app_review,Please fix this: The delivery status has not changed please,please fix this the delivery status has not changed please,delivery_delayed,0.2893472551196904,negative,0.6896919756190516,Human adviser,0.3908590096841703,delivery_delayed,negative,unreviewed,,,v2.0
C0019170,2026-04-06 18:29:31,social,Can someone help? My medicine order has not arrived yet!!!,can someone help my medicine order has not arrived yet,delivery_delayed,0.2925123678325982,negative,0.4898124028388131,Human adviser,0.389118197692071,delivery_delayed,negative,unreviewed,,,v2.0
C0024422,2026-05-03 17:33:44,phone_transcript,right so I do not know which option to select asap,right so i do not know which option to select as soon as possible,unclear_or_out_of_scope,0.8381570035820575,neutral,0.7274875300274094,Human adviser,0.3890136480298684,unclear_or_out_of_scope,neutral,unreviewed,,,v2.0
C0021523,2026-04-18 22:19:44,email,"Hi support, I have a question about something on the site My phone is 07887900603 DOB 06/10/1940",hi support i have a question about something on the site my phone is [phone] dob [dob],unclear_or_out_of_scope,0.8386945963453335,neutral,0.6581162012848343,Human adviser,0.3887179720100666,unclear_or_out_of_scope,neutral,unreviewed,,,v2.0
C0010411,2026-02-21 22:00:37,live_chat,pls help: My medicine order has not arrived yet asap,please help my medicine order has not arrived yet as soon as possible,delivery_delayed,0.2933798831487251,negative,0.5658814078549548,Human adviser,0.3886410642682012,delivery_delayed,negative,unreviewed,,,v2.0
C0029201,2026-05-27 23:48:00,email,Please help. My medicine order has not arrived yet asap,please help my medicine order has not arrived yet as soon as possible,delivery_delayed,0.2933798831487251,negative,0.5658814078549548,Human adviser,0.3886410642682012,delivery_delayed,negative,unreviewed,,,v2.0
C0024622,2026-05-04 17:40:06,live_chat,pls help: Please help with my issue. order no P2U-572302,please help please help with my issue [order_ref],unclear_or_out_of_scope,0.839671117582466,neutral,0.7055907357115582,Human adviser,0.3881808853296437,unclear_or_out_of_scope,neutral,unreviewed,,,v2.0
C0018640,2026-04-03 23:11:35,app_review,pls fix this: My medicine order has not arrived yet please,please fix this my medicine order has not arrived yet please,delivery_delayed,0.2943181260011648,negative,0.5995996767882552,Human adviser,0.3881250306993594,delivery_delayed,negative,unreviewed,,,v2.0
C0017791,2026-03-30 15:32:25,email,"Dear team, I do not know which option to select!!!",dear team i do not know which option to select,unclear_or_out_of_scope,0.840347984458335,neutral,0.6937601785484914,Human adviser,0.3878086085479157,unclear_or_out_of_scope,neutral,unreviewed,,,v2.0
C0008334,2026-02-11 19:16:17,social,Please respond: My medicine order has not arrived yet please email sam71@example.com,please respond my medicine order has not arrived yet please email [email],delivery_tracking,0.2950672639145079,negative,0.4925372284971601,Human adviser,0.3877130048470207,delivery_tracking,negative,unreviewed,,,v2.0
C0005022,2026-01-26 01:07:51,social,Please respond: My medicine order has not arrived yet thanks,please respond my medicine order has not arrived yet thanks,delivery_tracking,0.2952923388689711,negative,0.4596680422310774,Human adviser,0.38758921362206594,delivery_tracking,negative,unreviewed,,,v2.0
C0025608,2026-05-10 01:08:30,social,Please respond: My medicine order has not arrived yet thanks,please respond my medicine order has not arrived yet thanks,delivery_tracking,0.2952923388689711,negative,0.4596680422310774,Human adviser,0.38758921362206594,delivery_tracking,negative,unreviewed,,,v2.0
C0008931,2026-02-14 19:35:56,app_review,Please fix this: My medicine order has not arrived yet.,please fix this my medicine order has not arrived yet,delivery_tracking,0.2966098995475227,negative,0.5184940956743498,Human adviser,0.38686455524886254,delivery_tracking,negative,unreviewed,,,v2.0
C0013638,2026-03-10 05:17:06,phone_transcript,"please can you help, Can someone contact me? asap from Riverside Surgery",please can you help can someone contact me [gp_surgery],unclear_or_out_of_scope,0.842313119175236,neutral,0.5056994425664515,Human adviser,0.3867277844536202,unclear_or_out_of_scope,neutral,unreviewed,,,v2.0
C0028365,2026-05-23 18:39:10,email,"Hello, My medicine order has not arrived yet thanks My phone is 07821491953 my name is Sam Patel",hello my medicine order has not arrived yet thanks my phone is [phone] [name],delivery_delayed,0.2972902657664225,negative,0.5726070103089195,Human adviser,0.3864903538284677,delivery_delayed,negative,unreviewed,,,v2.0
C0023394,2026-04-28 11:32:26,phone_transcript,"please can you help, My medicine order has not arrived yet asap",please can you help my medicine order has not arrived yet as soon as possible,delivery_delayed,0.2977396480242407,negative,0.5418621153066696,Human adviser,0.38624319358666764,delivery_delayed,negative,unreviewed,,,v2.0
C0010708,2026-02-23 08:38:14,phone_transcript,"please can you help, My meds order has not arrived yet asap",please can you help my medicine order has not arrived yet as soon as possible,delivery_delayed,0.2977396480242407,negative,0.5418621153066696,Human adviser,0.38624319358666764,delivery_delayed,negative,unreviewed,,,v2.0
C0020133,2026-04-11 19:33:13,live_chat,hi - Can you tell me what is happening with my parcel? My phone is 07771722232,hi - can you tell me what is happening with my parcel my phone is [phone],delivery_tracking,0.2983947320328595,negative,0.4471806846139551,Human adviser,0.3858828973819273,delivery_tracking,negative,unreviewed,,,v2.0
C0012995,2026-03-07 02:40:32,phone_transcript,right so The delivery status has not changed asap,right so the delivery status has not changed as soon as possible,delivery_delayed,0.2984000604287029,negative,0.6086388550243887,Human adviser,0.38587996676421343,delivery_delayed,negative,unreviewed,,,v2.0
C0002309,2026-01-12 12:49:23,phone_transcript,right so My medicine order has not arrived yet,right so my medicine order has not arrived yet,delivery_tracking,0.2993706063608094,negative,0.5457716851335576,Human adviser,0.38534616650155484,delivery_tracking,negative,unreviewed,,,v2.0
C0017260,2026-03-28 01:09:21,phone_transcript,right so My medicine order has not arrived yet.,right so my medicine order has not arrived yet,delivery_tracking,0.2993706063608094,negative,0.5457716851335576,Human adviser,0.38534616650155484,delivery_tracking,negative,unreviewed,,,v2.0
C0029955,2026-05-31 18:03:08,phone_transcript,right so My meds order has not arrived yet,right so my medicine order has not arrived yet,delivery_tracking,0.2993706063608094,negative,0.5457716851335576,Human adviser,0.38534616650155484,delivery_tracking,negative,unreviewed,,,v2.0
C0008469,2026-02-12 13:12:53,phone_transcript,right so My medicine order has not arrived yet.,right so my medicine order has not arrived yet,delivery_tracking,0.2993706063608094,negative,0.5457716851335576,Human adviser,0.38534616650155484,delivery_tracking,negative,unreviewed,,,v2.0
C0008728,2026-02-13 20:41:54,phone_transcript,right so My medicine order has not arrived yet,right so my medicine order has not arrived yet,delivery_tracking,0.2993706063608094,negative,0.5457716851335576,Human adviser,0.38534616650155484,delivery_tracking,negative,unreviewed,,,v2.0
C0014679,2026-03-14 22:51:14,phone_transcript,hi I am calling cos The delivery status has not changed. DOB 27/07/1981,hi i am calling because the delivery status has not changed dob [dob],delivery_delayed,0.2997886863823644,negative,0.6619598791632066,Human adviser,0.38511622248969957,delivery_delayed,negative,unreviewed,,,v2.0
C0027483,2026-05-19 09:12:50,live_chat,hi - I do not know which option to select thanks,hi - i do not know which option to select thanks,unclear_or_out_of_scope,0.845885931734932,neutral,0.7654758125238867,Human adviser,0.3847627375457874,unclear_or_out_of_scope,neutral,unreviewed,,,v2.0
C0022297,2026-04-22 23:23:07,live_chat,hello pls help with my issue please My phone is 07285706821,hello please help with my issue please my phone is [phone],unclear_or_out_of_scope,0.8459888131806579,neutral,0.6788521905985676,Human adviser,0.38470615275063813,unclear_or_out_of_scope,neutral,unreviewed,,,v2.0
C0029487,2026-05-29 11:22:42,live_chat,pls help: Can you tell me what is happening with my parcel? asap address 8 Market Street,please help can you tell me what is happening with my parcel as soon as possible address [address],delivery_delayed,0.3006881399729861,negative,0.4904751893016671,Human adviser,0.38462152301485764,delivery_delayed,negative,unreviewed,,,v2.0
C0001723,2026-01-09 15:09:21,phone_transcript,hi I am calling cos I do not know which option to select,hi i am calling because i do not know which option to select,unclear_or_out_of_scope,0.8462152249987608,neutral,0.6903959164332846,Human adviser,0.3845816262506816,unclear_or_out_of_scope,neutral,unreviewed,,,v2.0
C0025487,2026-05-09 07:55:39,email,Please help. The delivery status has not changed My phone is 07731526573,please help the delivery status has not changed my phone is [phone],delivery_delayed,0.3008028793236952,negative,0.6435261050243484,Human adviser,0.3845584163719677,delivery_delayed,negative,unreviewed,,,v2.0
C0009837,2026-02-19 03:21:26,phone_transcript,hi I am calling because My medicine order has not arrived yet asap,hi i am calling because my medicine order has not arrived yet as soon as possible,delivery_delayed,0.3010964208024613,negative,0.5368600690637927,Human adviser,0.3843969685586463,delivery_delayed,negative,unreviewed,,,v2.0
C0026618,2026-05-15 06:48:53,phone_transcript,hi I am calling because My medicine order has not arrived yet asap,hi i am calling because my medicine order has not arrived yet as soon as possible,delivery_delayed,0.3010964208024613,negative,0.5368600690637927,Human adviser,0.3843969685586463,delivery_delayed,negative,unreviewed,,,v2.0
C0025856,2026-05-11 07:08:26,social,Please respond: I do not know which option to select.,please respond i do not know which option to select,unclear_or_out_of_scope,0.8465621263573294,neutral,0.7517676514609333,Human adviser,0.3843908305034688,unclear_or_out_of_scope,neutral,unreviewed,,,v2.0
C0027011,2026-05-17 02:23:53,live_chat,Since the latest app update it crashes whenever I open the prescription screen!!! My phone is 07571556252,since the latest app update it crashes whenever i open the prescription screen my phone is [phone],unclear_or_out_of_scope,0.8472636462251185,neutral,0.800637672588751,Human adviser,0.3840049945761848,unclear_or_out_of_scope,neutral,unreviewed,,,v2.0
C0007310,2026-02-06 20:38:05,email,"Hi support, pls help with my issue. my name is Pat Jones",hi support please help with my issue [name],unclear_or_out_of_scope,0.8478577065506626,neutral,0.6286032575149465,Human adviser,0.38367826139713557,unclear_or_out_of_scope,neutral,unreviewed,,,v2.0
C0002712,2026-01-14 13:07:00,email,"Hi support, My medicine order has not arrived yet thanks order no P2U-243490",hi support my medicine order has not arrived yet thanks [order_ref],delivery_tracking,0.3034357792073107,negative,0.6157558828507749,Human adviser,0.3831103214359792,delivery_tracking,negative,unreviewed,,,v2.0
C0020032,2026-04-11 05:48:44,email,"Hi support, My medicine order has not arrived yet pls My phone is 07926229634",hi support my medicine order has not arrived yet please my phone is [phone],delivery_delayed,0.3039712836695337,negative,0.6310021221760429,Human adviser,0.3828157939817565,delivery_delayed,negative,unreviewed,,,v2.0
C0019951,2026-04-10 19:38:48,email,"Dear team, My medicine order has not arrived yet!!!",dear team my medicine order has not arrived yet,delivery_tracking,0.3040368158519889,negative,0.4538743061280418,Human adviser,0.3827797512814062,delivery_tracking,negative,unreviewed,,,v2.0
C0011044,2026-02-25 00:32:35,email,"Dear team, My medicine order has not arrived yet",dear team my medicine order has not arrived yet,delivery_tracking,0.3040368158519889,negative,0.4538743061280418,Human adviser,0.3827797512814062,delivery_tracking,negative,unreviewed,,,v2.0
C0004443,2026-01-23 01:48:18,email,pls help. Can you tell me what is happening with my parcel? please,please help can you tell me what is happening with my parcel please,delivery_delayed,0.3040477410805299,negative,0.5555075489465531,Human adviser,0.3827737424057086,delivery_delayed,negative,unreviewed,,,v2.0
C0006946,2026-02-05 03:03:47,live_chat,hi - My medicine order has not arrived yet.,hi - my medicine order has not arrived yet,parcel_not_received,0.3048032660175013,negative,0.4991917211774206,Human adviser,0.3823582036903743,parcel_not_received,negative,unreviewed,,,v2.0
C0024811,2026-05-05 17:18:47,live_chat,hi - My medicine order has not arrived yet!!!,hi - my medicine order has not arrived yet,parcel_not_received,0.3048032660175013,negative,0.4991917211774206,Human adviser,0.3823582036903743,parcel_not_received,negative,unreviewed,,,v2.0
C0004973,2026-01-25 17:51:43,live_chat,hi - Can you tell me what is happening with my parcel? asap,hi - can you tell me what is happening with my parcel as soon as possible,delivery_tracking,0.3048193596625976,negative,0.533573196309271,Human adviser,0.3823493521855713,delivery_tracking,negative,unreviewed,,,v2.0
C0005668,2026-01-29 12:45:35,phone_transcript,hello um My medicine order has not arrived yet thanks,hello um my medicine order has not arrived yet thanks,delivery_tracking,0.3049874652171884,negative,0.5296078344886799,Human adviser,0.38225689413054637,delivery_tracking,negative,unreviewed,,,v2.0
C0010449,2026-02-22 01:26:14,live_chat,hi - Can you tell me what is happening with my parcel?!!!,hi - can you tell me what is happening with my parcel,delivery_tracking,0.3050988351241861,negative,0.5358190067443823,Human adviser,0.38219564068169765,delivery_tracking,negative,unreviewed,,,v2.0
C0018031,2026-03-31 18:59:31,live_chat,hello Can someone contact me?. My phone is 07587442004,hello can someone contact me my phone is [phone],unclear_or_out_of_scope,0.850582316694477,neutral,0.6590433652964642,Human adviser,0.3821797258180376,unclear_or_out_of_scope,neutral,unreviewed,,,v2.0
C0029882,2026-05-31 09:15:46,live_chat,After installing the latest version the app will not load the order page,after installing the latest version the app will not load the order page,unclear_or_out_of_scope,0.8506286149349738,neutral,0.5248856862034427,Human adviser,0.3821542617857644,unclear_or_out_of_scope,neutral,unreviewed,,,v2.0
C0021425,2026-04-18 07:25:32,live_chat,hi - Can you tell me what is happening with my parcel? thanks My phone is 07450136882,hi - can you tell me what is happening with my parcel thanks my phone is [phone],delivery_delayed,0.3052341474713342,negative,0.5374881370726418,Human adviser,0.38212121889076617,delivery_delayed,negative,unreviewed,,,v2.0
C0013520,2026-03-09 15:35:46,phone_transcript,right so The delivry status has not changed!!!,right so the delivery status has not changed,delivery_delayed,0.3061263798619364,negative,0.6295445975016594,Human adviser,0.381630491075935,delivery_delayed,negative,unreviewed,,,v2.0
C0006700,2026-02-03 23:18:53,phone_transcript,right so The delivery status has not changed!!!,right so the delivery status has not changed,delivery_delayed,0.3061263798619364,negative,0.6295445975016594,Human adviser,0.381630491075935,delivery_delayed,negative,unreviewed,,,v2.0
C0019392,2026-04-07 22:05:09,phone_transcript,right so The delivery status has not changed!!!,right so the delivery status has not changed,delivery_delayed,0.3061263798619364,negative,0.6295445975016594,Human adviser,0.381630491075935,delivery_delayed,negative,unreviewed,,,v2.0
C0008317,2026-02-11 17:08:45,phone_transcript,right so The delivry status has not changed.,right so the delivery status has not changed,delivery_delayed,0.3061263798619364,negative,0.6295445975016594,Human adviser,0.381630491075935,delivery_delayed,negative,unreviewed,,,v2.0
C0007764,2026-02-09 03:34:25,phone_transcript,right so The delivery status has not changed.,right so the delivery status has not changed,delivery_delayed,0.3061263798619364,negative,0.6295445975016594,Human adviser,0.381630491075935,delivery_delayed,negative,unreviewed,,,v2.0
C0011277,2026-02-26 05:49:27,phone_transcript,right so The delivery status has not changed.,right so the delivery status has not changed,delivery_delayed,0.3061263798619364,negative,0.6295445975016594,Human adviser,0.381630491075935,delivery_delayed,negative,unreviewed,,,v2.0
C0029380,2026-05-28 20:18:15,live_chat,hello I do not know which option to select.,hello i do not know which option to select,unclear_or_out_of_scope,0.8526852005916297,neutral,0.7743665981884406,Human adviser,0.38102313967460366,unclear_or_out_of_scope,neutral,unreviewed,,,v2.0
C0021622,2026-04-19 11:45:44,social,Can someone contact me? asap,can someone contact me as soon as possible,unclear_or_out_of_scope,0.8529069473797595,neutral,0.6823046756247441,Human adviser,0.3809011789411323,unclear_or_out_of_scope,neutral,unreviewed,,,v2.0
C0029762,2026-05-30 21:08:02,social,The mobile app closes immediately after the new update,the mobile app closes immediately after the new update,unclear_or_out_of_scope,0.8529672436288165,neutral,0.7137522416692078,Human adviser,0.38086801600415093,unclear_or_out_of_scope,neutral,unreviewed,,,v2.0
C0016441,2026-03-23 21:59:59,phone_transcript,"pls can you help, Can you tell me what is happening with my parcel? please",please can you help can you tell me what is happening with my parcel please,delivery_delayed,0.308317974052669,negative,0.5677075870468375,Human adviser,0.38042511427103215,delivery_delayed,negative,unreviewed,,,v2.0
C0019870,2026-04-10 10:33:45,phone_transcript,"pls can you help, Can you tell me what is happening with my parcel? please",please can you help can you tell me what is happening with my parcel please,delivery_delayed,0.308317974052669,negative,0.5677075870468375,Human adviser,0.38042511427103215,delivery_delayed,negative,unreviewed,,,v2.0
C0010038,2026-02-20 03:37:40,phone_transcript,"please can you help, Can you tell me what is happening with my parcel? please",please can you help can you tell me what is happening with my parcel please,delivery_delayed,0.308317974052669,negative,0.5677075870468375,Human adviser,0.38042511427103215,delivery_delayed,negative,unreviewed,,,v2.0
C0026243,2026-05-13 07:23:12,app_review,Not happy. After installing the latest version the app will not load the order page asap,not happy after installing the latest version the app will not load the order page as soon as possible,unclear_or_out_of_scope,0.8543894196290815,neutral,0.5375678324333615,Human adviser,0.38008581920400514,unclear_or_out_of_scope,neutral,unreviewed,,,v2.0
C0000758,2026-01-04 17:09:46,app_review,Not happy. The delivery status has not changed thanks,not happy the delivery status has not changed thanks,delivery_delayed,0.3089432803724212,negative,0.5758064684307986,Human adviser,0.38008119579516836,delivery_delayed,negative,unreviewed,,,v2.0
C0029589,2026-05-29 23:13:32,phone_transcript,hi I am calling because The delivery status has not changed asap,hi i am calling because the delivery status has not changed as soon as possible,delivery_delayed,0.3092619629788576,negative,0.615374093342316,Human adviser,0.3799059203616284,delivery_delayed,negative,unreviewed,,,v2.0
C0005701,2026-01-29 17:01:56,phone_transcript,hi I am calling because The delivery status has not changed asap,hi i am calling because the delivery status has not changed as soon as possible,delivery_delayed,0.3092619629788576,negative,0.615374093342316,Human adviser,0.3799059203616284,delivery_delayed,negative,unreviewed,,,v2.0
C0018309,2026-04-02 07:02:38,app_review,App issue: The delivery status has not changed.,app issue the delivery status has not changed,delivery_tracking,0.3102216721005923,negative,0.509691754877948,Human adviser,0.37937808034467424,delivery_tracking,negative,unreviewed,,,v2.0
C0019885,2026-04-10 12:58:01,live_chat,hello Can you tell me what is happening with my parcel? please,hello can you tell me what is happening with my parcel please,delivery_delayed,0.3112202553777625,negative,0.593104340847515,Human adviser,0.3788288595422306,delivery_delayed,negative,unreviewed,,,v2.0
C0003417,2026-01-17 21:28:36,email,"Hello, Can you tell me what is happening with my parcel? pls",hello can you tell me what is happening with my parcel please,delivery_delayed,0.3112202553777625,negative,0.593104340847515,Human adviser,0.3788288595422306,delivery_delayed,negative,unreviewed,,,v2.0
C0009214,2026-02-16 04:45:56,email,"Hello, Can you tell me what is happening with my parcel? please",hello can you tell me what is happening with my parcel please,delivery_delayed,0.3112202553777625,negative,0.593104340847515,Human adviser,0.3788288595422306,delivery_delayed,negative,unreviewed,,,v2.0
C0003770,2026-01-19 16:33:38,live_chat,hello Can you tell me what is happening with my parcel? please,hello can you tell me what is happening with my parcel please,delivery_delayed,0.3112202553777625,negative,0.593104340847515,Human adviser,0.3788288595422306,delivery_delayed,negative,unreviewed,,,v2.0
C0011112,2026-02-25 08:13:46,phone_transcript,hi I am calling because Can someone contact me? asap,hi i am calling because can someone contact me as soon as possible,unclear_or_out_of_scope,0.8567188247440978,neutral,0.7251501090571013,Human adviser,0.37880464639074624,unclear_or_out_of_scope,neutral,unreviewed,,,v2.0
C0026848,2026-05-16 09:25:21,live_chat,Since the latest app update it crashes whenever I open the prescrption screen!!!,since the latest app update it crashes whenever i open the prescription screen,unclear_or_out_of_scope,0.8572849657044749,neutral,0.8077089497242537,Human adviser,0.3784932688625388,unclear_or_out_of_scope,neutral,unreviewed,,,v2.0
C0009096,2026-02-15 15:15:34,app_review,Please fix this: My medicine order has not arrived yet asap,please fix this my medicine order has not arrived yet as soon as possible,delivery_tracking,0.3120589006350797,negative,0.4994262731203712,Human adviser,0.3783676046507062,delivery_tracking,negative,unreviewed,,,v2.0
C0023713,2026-04-30 03:43:06,social,@support I do not know which option to select please,@support i do not know which option to select please,unclear_or_out_of_scope,0.8577837437591442,neutral,0.6923959338803546,Human adviser,0.37821894093247066,unclear_or_out_of_scope,neutral,unreviewed,,,v2.0
C0005592,2026-01-29 03:07:06,phone_transcript,"pls can you help, I do not know which option to select asap",please can you help i do not know which option to select as soon as possible,unclear_or_out_of_scope,0.8577849682778428,neutral,0.7417206716225123,Human adviser,0.37821826744718645,unclear_or_out_of_scope,neutral,unreviewed,,,v2.0
C0008992,2026-02-15 03:54:00,phone_transcript,"please can you help, My meds order has not arrived yet asap DOB 12/05/1984",please can you help my medicine order has not arrived yet as soon as possible dob [dob],delivery_delayed,0.3124480726522352,negative,0.4869322912464618,Human adviser,0.3781535600412707,delivery_delayed,negative,unreviewed,,,v2.0
C0005525,2026-01-28 17:19:12,social,Can someone help? My medicine order has not arrived yet please,can someone help my medicine order has not arrived yet please,delivery_delayed,0.3126255760800246,negative,0.5568385619722356,Human adviser,0.3780559331559865,delivery_delayed,negative,unreviewed,,,v2.0
C0019449,2026-04-08 04:58:58,social,Can someone help? My medicine order has not arrived yet please,can someone help my medicine order has not arrived yet please,delivery_delayed,0.3126255760800246,negative,0.5568385619722356,Human adviser,0.3780559331559865,delivery_delayed,negative,unreviewed,,,v2.0
C0000038,2026-01-01 05:10:18,social,Can someone help? My medicine order has not arrived yet please,can someone help my medicine order has not arrived yet please,delivery_delayed,0.3126255760800246,negative,0.5568385619722356,Human adviser,0.3780559331559865,delivery_delayed,negative,unreviewed,,,v2.0
C0006362,2026-02-02 05:24:35,phone_transcript,right so My medicine order has not arrived yet pls,right so my medicine order has not arrived yet please,delivery_delayed,0.3131492166032337,negative,0.6347949867270345,Human adviser,0.3777679308682215,delivery_delayed,negative,unreviewed,,,v2.0
C0000441,2026-01-03 03:41:09,app_review,Not happy. Please help with my issue asap,not happy please help with my issue as soon as possible,unclear_or_out_of_scope,0.8587218474855659,neutral,0.7006264640601529,Human adviser,0.37770298388293877,unclear_or_out_of_scope,neutral,unreviewed,,,v2.0
C0005815,2026-01-30 10:34:12,app_review,Not happy. pls help with my issue asap,not happy please help with my issue as soon as possible,unclear_or_out_of_scope,0.8587218474855659,neutral,0.7006264640601529,Human adviser,0.37770298388293877,unclear_or_out_of_scope,neutral,unreviewed,,,v2.0
C0021334,2026-04-17 20:20:37,live_chat,pls help: My medicine order has not arrived yet!!!,please help my medicine order has not arrived yet,delivery_delayed,0.3132818278905119,negative,0.5685018763300432,Human adviser,0.3776949946602185,delivery_delayed,negative,unreviewed,,,v2.0
C0004895,2026-01-25 08:27:03,live_chat,pls help: My meds order has not arrived yet.,please help my medicine order has not arrived yet,delivery_delayed,0.3132818278905119,negative,0.5685018763300432,Human adviser,0.3776949946602185,delivery_delayed,negative,unreviewed,,,v2.0
C0026099,2026-05-12 15:36:37,email,pls help. My medicine order has not arrived yet.,please help my medicine order has not arrived yet,delivery_delayed,0.3132818278905119,negative,0.5685018763300432,Human adviser,0.3776949946602185,delivery_delayed,negative,unreviewed,,,v2.0
C0027886,2026-05-21 08:48:11,email,Please help. My medicine order has not arrived yet!!!,please help my medicine order has not arrived yet,delivery_delayed,0.3132818278905119,negative,0.5685018763300432,Human adviser,0.3776949946602185,delivery_delayed,negative,unreviewed,,,v2.0
C0012187,2026-03-02 22:50:47,live_chat,pls help: My medicine order has not arrived yet.,please help my medicine order has not arrived yet,delivery_delayed,0.3132818278905119,negative,0.5685018763300432,Human adviser,0.3776949946602185,delivery_delayed,negative,unreviewed,,,v2.0
C0026185,2026-05-13 00:16:04,live_chat,pls help: My medicine order has not arrived yet,please help my medicine order has not arrived yet,delivery_delayed,0.3132818278905119,negative,0.5685018763300432,Human adviser,0.3776949946602185,delivery_delayed,negative,unreviewed,,,v2.0
C0016580,2026-03-24 13:42:56,live_chat,pls help: Can someone contact me?!!! My phone is 07320106461,please help can someone contact me my phone is [phone],unclear_or_out_of_scope,0.859335681982536,neutral,0.7117898402485969,Human adviser,0.3773653749096052,unclear_or_out_of_scope,neutral,unreviewed,,,v2.0
C0022444,2026-04-23 16:13:17,email,"Hello, I do not know which option to select thanks",hello i do not know which option to select thanks,unclear_or_out_of_scope,0.8593779657725451,neutral,0.7728311348591685,Human adviser,0.37734211882510016,unclear_or_out_of_scope,neutral,unreviewed,,,v2.0
C0002133,2026-01-11 16:08:26,phone_transcript,hi I am calling because The delivry status has not changed!!!,hi i am calling because the delivery status has not changed,delivery_delayed,0.3140646444060924,negative,0.626065192835034,Human adviser,0.37726444557664923,delivery_delayed,negative,unreviewed,,,v2.0
C0025401,2026-05-08 22:02:48,phone_transcript,hi I am calling because The delivery status has not changed!!!,hi i am calling because the delivery status has not changed,delivery_delayed,0.3140646444060924,negative,0.626065192835034,Human adviser,0.37726444557664923,delivery_delayed,negative,unreviewed,,,v2.0
C0014840,2026-03-15 17:10:06,phone_transcript,hi I am calling because The delivry status has not changed!!!,hi i am calling because the delivery status has not changed,delivery_delayed,0.3140646444060924,negative,0.626065192835034,Human adviser,0.37726444557664923,delivery_delayed,negative,unreviewed,,,v2.0
C0025589,2026-05-09 22:30:00,phone_transcript,hi I am calling because The delivery status has not changed!!!,hi i am calling because the delivery status has not changed,delivery_delayed,0.3140646444060924,negative,0.626065192835034,Human adviser,0.37726444557664923,delivery_delayed,negative,unreviewed,,,v2.0
C0028151,2026-05-22 18:29:54,phone_transcript,hi I am calling because The delivery status has not changed!!!,hi i am calling because the delivery status has not changed,delivery_delayed,0.3140646444060924,negative,0.626065192835034,Human adviser,0.37726444557664923,delivery_delayed,negative,unreviewed,,,v2.0
C0028757,2026-05-25 18:27:05,live_chat,hello My meds order has not arrived yet thanks,hello my medicine order has not arrived yet thanks,delivery_tracking,0.3143686518520349,negative,0.5263107771183961,Human adviser,0.37709724148138085,delivery_tracking,negative,unreviewed,,,v2.0
C0025996,2026-05-12 01:27:04,live_chat,hello My medicine order has not arrived yet thanks,hello my medicine order has not arrived yet thanks,delivery_tracking,0.3143686518520349,negative,0.5263107771183961,Human adviser,0.37709724148138085,delivery_tracking,negative,unreviewed,,,v2.0
C0011199,2026-02-25 18:48:19,live_chat,hello My medicine order has not arrived yet thanks,hello my medicine order has not arrived yet thanks,delivery_tracking,0.3143686518520349,negative,0.5263107771183961,Human adviser,0.37709724148138085,delivery_tracking,negative,unreviewed,,,v2.0
C0014126,2026-03-12 09:07:37,live_chat,hello My medicine order has not arrived yet thanks,hello my medicine order has not arrived yet thanks,delivery_tracking,0.3143686518520349,negative,0.5263107771183961,Human adviser,0.37709724148138085,delivery_tracking,negative,unreviewed,,,v2.0
C0003263,2026-01-17 02:14:58,email,"Hello, My medicine order has not arrived yet thanks",hello my medicine order has not arrived yet thanks,delivery_tracking,0.3143686518520349,negative,0.5263107771183961,Human adviser,0.37709724148138085,delivery_tracking,negative,unreviewed,,,v2.0
C0011987,2026-03-01 19:05:07,email,"Dear team, Can someone contact me? asap",dear team can someone contact me as soon as possible,unclear_or_out_of_scope,0.860674066358303,neutral,0.7242390059767347,Human adviser,0.37662926350293335,unclear_or_out_of_scope,neutral,unreviewed,,,v2.0
C0009523,2026-02-17 13:45:23,phone_transcript,hi I am calling because Can someone contact me?,hi i am calling because can someone contact me,unclear_or_out_of_scope,0.8613519204057024,neutral,0.7425729907530759,Human adviser,0.3762564437768637,unclear_or_out_of_scope,neutral,unreviewed,,,v2.0
C0026997,2026-05-17 01:01:26,phone_transcript,hi I am calling because Can someone contact me?.,hi i am calling because can someone contact me,unclear_or_out_of_scope,0.8613519204057024,neutral,0.7425729907530759,Human adviser,0.3762564437768637,unclear_or_out_of_scope,neutral,unreviewed,,,v2.0
C0023887,2026-05-01 03:13:46,email,"Dear team, My medicine order has not arrived yet asap",dear team my medicine order has not arrived yet as soon as possible,delivery_tracking,0.3165964708466092,negative,0.4581697947325807,Human adviser,0.375871941034365,delivery_tracking,negative,unreviewed,,,v2.0
C0010427,2026-02-21 23:52:13,email,"Dear team, My medicine order has not arrived yet asap",dear team my medicine order has not arrived yet as soon as possible,delivery_tracking,0.3165964708466092,negative,0.4581697947325807,Human adviser,0.375871941034365,delivery_tracking,negative,unreviewed,,,v2.0
C0000146,2026-01-01 18:54:05,social,Please respond: Please help with my issue please,please respond please help with my issue please,unclear_or_out_of_scope,0.8621184486022919,neutral,0.6928061026890949,Human adviser,0.37583485326873944,unclear_or_out_of_scope,neutral,unreviewed,,,v2.0
C0025275,2026-05-08 05:10:54,phone_transcript,hi I am calling because Can you tell me what is happening with my parcel?!!!,hi i am calling because can you tell me what is happening with my parcel,delivery_delayed,0.3171450363963644,negative,0.5166532961387074,Human adviser,0.3755702299819996,delivery_delayed,negative,unreviewed,,,v2.0
C0015386,2026-03-18 13:46:14,phone_transcript,hi I am calling cos Can you tell me what is happening with my parcel?!!!,hi i am calling because can you tell me what is happening with my parcel,delivery_delayed,0.3171450363963644,negative,0.5166532961387074,Human adviser,0.3755702299819996,delivery_delayed,negative,unreviewed,,,v2.0
C0020384,2026-04-13 02:13:50,phone_transcript,hi I am calling because Can you tell me what is happening with my parcel?,hi i am calling because can you tell me what is happening with my parcel,delivery_delayed,0.3171450363963644,negative,0.5166532961387074,Human adviser,0.3755702299819996,delivery_delayed,negative,unreviewed,,,v2.0
C0002964,2026-01-15 18:05:24,phone_transcript,hi I am calling cos Can you tell me what is happening with my parcel?.,hi i am calling because can you tell me what is happening with my parcel,delivery_delayed,0.3171450363963644,negative,0.5166532961387074,Human adviser,0.3755702299819996,delivery_delayed,negative,unreviewed,,,v2.0
C0017808,2026-03-30 17:29:56,phone_transcript,hi I am calling cos Can you tell me what is happening with my parcel?,hi i am calling because can you tell me what is happening with my parcel,delivery_delayed,0.3171450363963644,negative,0.5166532961387074,Human adviser,0.3755702299819996,delivery_delayed,negative,unreviewed,,,v2.0
C0016031,2026-03-21 19:13:19,phone_transcript,hi I am calling because Can you tell me what is happening with my parcel?,hi i am calling because can you tell me what is happening with my parcel,delivery_delayed,0.3171450363963644,negative,0.5166532961387074,Human adviser,0.3755702299819996,delivery_delayed,negative,unreviewed,,,v2.0
C0025946,2026-05-11 19:37:54,phone_transcript,hi I am calling because Can you tell me what is happening with my parcel?,hi i am calling because can you tell me what is happening with my parcel,delivery_delayed,0.3171450363963644,negative,0.5166532961387074,Human adviser,0.3755702299819996,delivery_delayed,negative,unreviewed,,,v2.0
C0012621,2026-03-05 05:32:42,phone_transcript,hi I am calling cos Can you tell me what is happening with my parcel?,hi i am calling because can you tell me what is happening with my parcel,delivery_delayed,0.3171450363963644,negative,0.5166532961387074,Human adviser,0.3755702299819996,delivery_delayed,negative,unreviewed,,,v2.0
C0020918,2026-04-15 17:20:13,phone_transcript,hi I am calling because Can you tell me what is happening with my parcel?,hi i am calling because can you tell me what is happening with my parcel,delivery_delayed,0.3171450363963644,negative,0.5166532961387074,Human adviser,0.3755702299819996,delivery_delayed,negative,unreviewed,,,v2.0
C0001845,2026-01-10 04:41:02,phone_transcript,hi I am calling because Can you tell me what is happening with my parcel?!!!,hi i am calling because can you tell me what is happening with my parcel,delivery_delayed,0.3171450363963644,negative,0.5166532961387074,Human adviser,0.3755702299819996,delivery_delayed,negative,unreviewed,,,v2.0
C0021205,2026-04-17 03:58:57,phone_transcript,hi I am calling because Can you tell me what is happening with my parcel?,hi i am calling because can you tell me what is happening with my parcel,delivery_delayed,0.3171450363963644,negative,0.5166532961387074,Human adviser,0.3755702299819996,delivery_delayed,negative,unreviewed,,,v2.0
C0003999,2026-01-20 18:52:48,phone_transcript,hi I am calling cos Can you tell me what is happening with my parcel?!!!,hi i am calling because can you tell me what is happening with my parcel,delivery_delayed,0.3171450363963644,negative,0.5166532961387074,Human adviser,0.3755702299819996,delivery_delayed,negative,unreviewed,,,v2.0
C0015980,2026-03-21 13:08:24,email,pls help. Can someone contact me?!!! email sam21@example.com,please help can someone contact me email [email],unclear_or_out_of_scope,0.8626046533548791,neutral,0.6664369227437774,Human adviser,0.3755674406548165,unclear_or_out_of_scope,neutral,unreviewed,,,v2.0
C0023653,2026-04-29 19:32:54,live_chat,hello I have a question about something on the site. postcode B15 2TT,hello i have a question about something on the site postcode [postcode],unclear_or_out_of_scope,0.8627052748709771,neutral,0.6271634530768783,Human adviser,0.3755120988209626,unclear_or_out_of_scope,neutral,unreviewed,,,v2.0
C0009556,2026-02-17 17:29:08,phone_transcript,"pls can you help, My medicine order has not arrived yet",please can you help my medicine order has not arrived yet,delivery_delayed,0.3173121340983027,negative,0.552010162812522,Human adviser,0.3754783262459335,delivery_delayed,negative,unreviewed,,,v2.0
C0006616,2026-02-03 12:08:28,phone_transcript,"please can you help, My medicine order has not arrived yet",please can you help my medicine order has not arrived yet,delivery_delayed,0.3173121340983027,negative,0.552010162812522,Human adviser,0.3754783262459335,delivery_delayed,negative,unreviewed,,,v2.0
C0001532,2026-01-08 14:44:03,phone_transcript,"please can you help, My medicine order has not arrived yet.",please can you help my medicine order has not arrived yet,delivery_delayed,0.3173121340983027,negative,0.552010162812522,Human adviser,0.3754783262459335,delivery_delayed,negative,unreviewed,,,v2.0
C0007370,2026-02-07 03:37:40,phone_transcript,"please can you help, My medicine order has not arrived yet!!!",please can you help my medicine order has not arrived yet,delivery_delayed,0.3173121340983027,negative,0.552010162812522,Human adviser,0.3754783262459335,delivery_delayed,negative,unreviewed,,,v2.0
C0027513,2026-05-19 13:34:51,phone_transcript,"please can you help, My meds order has not arrived yet",please can you help my medicine order has not arrived yet,delivery_delayed,0.3173121340983027,negative,0.552010162812522,Human adviser,0.3754783262459335,delivery_delayed,negative,unreviewed,,,v2.0
C0009088,2026-02-15 14:44:05,phone_transcript,"please can you help, My medicine order has not arrived yet",please can you help my medicine order has not arrived yet,delivery_delayed,0.3173121340983027,negative,0.552010162812522,Human adviser,0.3754783262459335,delivery_delayed,negative,unreviewed,,,v2.0
C0010266,2026-02-21 05:58:56,phone_transcript,"please can you help, My meds order has not arrived yet!!!",please can you help my medicine order has not arrived yet,delivery_delayed,0.3173121340983027,negative,0.552010162812522,Human adviser,0.3754783262459335,delivery_delayed,negative,unreviewed,,,v2.0
C0001573,2026-01-08 19:46:04,phone_transcript,"pls can you help, My medicine order has not arrived yet",please can you help my medicine order has not arrived yet,delivery_delayed,0.3173121340983027,negative,0.552010162812522,Human adviser,0.3754783262459335,delivery_delayed,negative,unreviewed,,,v2.0
C0020981,2026-04-16 00:43:28,live_chat,hello Can you tell me what is happening with my parcel? asap email pat98@example.com,hello can you tell me what is happening with my parcel as soon as possible email [email],delivery_delayed,0.3175068581653839,negative,0.5553148781328666,Human adviser,0.3753712280090389,delivery_delayed,negative,unreviewed,,,v2.0
C0029141,2026-05-27 16:14:58,app_review,Please fix this: Since the latest app update it crashes whenever I open the prescription screen please DOB 11/06/1998,please fix this since the latest app update it crashes whenever i open the prescription screen please dob [dob],unclear_or_out_of_scope,0.8633391776994871,neutral,0.764780937627262,Human adviser,0.3751634522652821,unclear_or_out_of_scope,neutral,unreviewed,,,v2.0
C0007759,2026-02-09 02:57:35,live_chat,Can you tell me what is happening with my parcel? address 12 Oak Road,can you tell me what is happening with my parcel address [address],delivery_delayed,0.3180473165178243,negative,0.544751828658039,Human adviser,0.37507397591519664,delivery_delayed,negative,unreviewed,,,v2.0
C0028028,2026-05-22 02:07:30,app_review,Please fix this: The mobile app closes immediately after the new update asap,please fix this the mobile app closes immediately after the new update as soon as possible,unclear_or_out_of_scope,0.8645735899410035,neutral,0.6915338244143076,Human adviser,0.37448452553244804,unclear_or_out_of_scope,neutral,unreviewed,,,v2.0
C0013814,2026-03-10 23:58:46,phone_transcript,hi I am calling because My medicine order has not arrived yet.,hi i am calling because my medicine order has not arrived yet,delivery_delayed,0.3192883367530822,negative,0.5421371111875651,Human adviser,0.3743914147858048,delivery_delayed,negative,unreviewed,,,v2.0
C0029064,2026-05-27 08:28:08,phone_transcript,hi I am calling because My medicine order has not arrived yet.,hi i am calling because my medicine order has not arrived yet,delivery_delayed,0.3192883367530822,negative,0.5421371111875651,Human adviser,0.3743914147858048,delivery_delayed,negative,unreviewed,,,v2.0
C0020057,2026-04-11 09:43:40,phone_transcript,hi I am calling because My meds order has not arrived yet,hi i am calling because my medicine order has not arrived yet,delivery_delayed,0.3192883367530822,negative,0.5421371111875651,Human adviser,0.3743914147858048,delivery_delayed,negative,unreviewed,,,v2.0
C0025370,2026-05-08 17:06:08,app_review,Please fix this: Can you tell me what is happening with my parcel?,please fix this can you tell me what is happening with my parcel,delivery_delayed,0.3195589466230351,negative,0.6023320386413278,Human adviser,0.37424257935733074,delivery_delayed,negative,unreviewed,,,v2.0
C0006724,2026-02-04 01:31:48,email,"Hi support, My medicine order has not arrived yet email pat56@example.com",hi support my medicine order has not arrived yet email [email],delivery_delayed,0.3200756912967142,negative,0.6856875101218509,Human adviser,0.37395836978680724,delivery_delayed,negative,unreviewed,,,v2.0
C0000532,2026-01-03 15:27:39,phone_transcript,hello um I do not know which option to select thanks,hello um i do not know which option to select thanks,unclear_or_out_of_scope,0.8656513012248602,neutral,0.7192528140982429,Human adviser,0.37389178432632686,unclear_or_out_of_scope,neutral,unreviewed,,,v2.0
C0018862,2026-04-05 03:13:02,live_chat,pls help: I do not know which option to select.,please help i do not know which option to select,unclear_or_out_of_scope,0.8656866254993564,neutral,0.7578438468136411,Human adviser,0.37387235597535395,unclear_or_out_of_scope,neutral,unreviewed,,,v2.0
C0009360,2026-02-16 19:26:18,phone_transcript,hello um My repeat medicine request does not look right asap,hello um my repeat medicine request does not look right as soon as possible,prescription_not_received,0.3202738357028636,neutral,0.5761379996265704,Human adviser,0.37384939036342507,prescription_not_received,neutral,unreviewed,,,v2.0
C0004797,2026-01-24 22:27:22,phone_transcript,hello um My repeat medicine request does not look right asap,hello um my repeat medicine request does not look right as soon as possible,prescription_not_received,0.3202738357028636,neutral,0.5761379996265704,Human adviser,0.37384939036342507,prescription_not_received,neutral,unreviewed,,,v2.0
C0027307,2026-05-18 14:28:29,phone_transcript,hello um My repeat medicine request does not look right asap,hello um my repeat medicine request does not look right as soon as possible,prescription_not_received,0.3202738357028636,neutral,0.5761379996265704,Human adviser,0.37384939036342507,prescription_not_received,neutral,unreviewed,,,v2.0
C0025696,2026-05-10 12:16:31,email,"Dear team, I have a question about something on the site. my name is Pat Jones",dear team i have a question about something on the site [name],unclear_or_out_of_scope,0.8664003093617384,neutral,0.5756549130474059,Human adviser,0.3734798298510439,unclear_or_out_of_scope,neutral,unreviewed,,,v2.0
C0029821,2026-05-31 02:43:13,email,"Dear team, After installing the latest version the app will not load the order page please my name is Jo Brown",dear team after installing the latest version the app will not load the order page please [name],unclear_or_out_of_scope,0.8683634125734807,negative,0.4953724873622914,Human adviser,0.3724001230845856,unclear_or_out_of_scope,negative,unreviewed,,,v2.0
C0020209,2026-04-12 05:43:41,social,@support Can someone contact me?!!!,@support can someone contact me,unclear_or_out_of_scope,0.8685014979376445,neutral,0.7937184062793798,Human adviser,0.37232417613429547,unclear_or_out_of_scope,neutral,unreviewed,,,v2.0
C0009584,2026-02-17 20:30:06,email,"Hello, Can you tell me what is happening with my parcel? DOB 06/11/1959",hello can you tell me what is happening with my parcel dob [dob],delivery_delayed,0.3233131809539499,negative,0.5852065027786824,Human adviser,0.3721777504753276,delivery_delayed,negative,unreviewed,,,v2.0
C0008911,2026-02-14 17:25:05,email,"Dear team, Can someone contact me? thanks",dear team can someone contact me thanks,unclear_or_out_of_scope,0.8687983025359853,neutral,0.7117469750674241,Human adviser,0.3721609336052081,unclear_or_out_of_scope,neutral,unreviewed,,,v2.0
C0027852,2026-05-21 04:44:03,live_chat,pls help: Can you tell me what is happening with my parcel?. email sam27@example.com,please help can you tell me what is happening with my parcel email [email],delivery_delayed,0.3235445344944033,negative,0.5844888006824445,Human adviser,0.37205050602807826,delivery_delayed,negative,unreviewed,,,v2.0
C0004588,2026-01-23 20:58:20,social,pls respond: Please help with my issue.,please respond please help with my issue,unclear_or_out_of_scope,0.8691827330977904,neutral,0.7089727954668361,Human adviser,0.3719494967962153,unclear_or_out_of_scope,neutral,unreviewed,,,v2.0
C0001155,2026-01-06 19:06:55,phone_transcript,right so My medicine order has not arrived yet asap,right so my medicine order has not arrived yet as soon as possible,delivery_tracking,0.3241895882478175,negative,0.533022247777056,Human adviser,0.3716957264637004,delivery_tracking,negative,unreviewed,,,v2.0
C0004284,2026-01-22 06:19:06,phone_transcript,right so My medicine order has not arrived yet asap,right so my medicine order has not arrived yet as soon as possible,delivery_tracking,0.3241895882478175,negative,0.533022247777056,Human adviser,0.3716957264637004,delivery_tracking,negative,unreviewed,,,v2.0
C0016239,2026-03-22 22:04:16,email,"Dear team, Can someone contact me?.",dear team can someone contact me,unclear_or_out_of_scope,0.8700979069996576,neutral,0.7402853390944469,Human adviser,0.3714461511501883,unclear_or_out_of_scope,neutral,unreviewed,,,v2.0
C0028668,2026-05-25 07:19:55,email,"Dear team, Can you tell me what is happening with my parcel? please My phone is 07382396452",dear team can you tell me what is happening with my parcel please my phone is [phone],delivery_delayed,0.3248088525817312,negative,0.513880852926257,Human adviser,0.37135513108004786,delivery_delayed,negative,unreviewed,,,v2.0
C0010284,2026-02-21 08:22:46,phone_transcript,hello um My medicine order has not arrived yet!!!,hello um my medicine order has not arrived yet,delivery_tracking,0.3250541707874116,negative,0.5178475112587181,Human adviser,0.37122020606692363,delivery_tracking,negative,unreviewed,,,v2.0
C0017903,2026-03-31 05:51:09,phone_transcript,hello um My meds order has not arrived yet,hello um my medicine order has not arrived yet,delivery_tracking,0.3250541707874116,negative,0.5178475112587181,Human adviser,0.37122020606692363,delivery_tracking,negative,unreviewed,,,v2.0
C0028322,2026-05-23 13:27:22,phone_transcript,hello um My meds order has not arrived yet!!!,hello um my medicine order has not arrived yet,delivery_tracking,0.3250541707874116,negative,0.5178475112587181,Human adviser,0.37122020606692363,delivery_tracking,negative,unreviewed,,,v2.0
C0014260,2026-03-12 23:04:37,phone_transcript,hello um My meds order has not arrived yet.,hello um my medicine order has not arrived yet,delivery_tracking,0.3250541707874116,negative,0.5178475112587181,Human adviser,0.37122020606692363,delivery_tracking,negative,unreviewed,,,v2.0
C0011732,2026-02-28 13:01:00,phone_transcript,hello um My medicine order has not arrived yet.,hello um my medicine order has not arrived yet,delivery_tracking,0.3250541707874116,negative,0.5178475112587181,Human adviser,0.37122020606692363,delivery_tracking,negative,unreviewed,,,v2.0
C0006230,2026-02-01 13:52:53,phone_transcript,hello um My meds order has not arrived yet!!!,hello um my medicine order has not arrived yet,delivery_tracking,0.3250541707874116,negative,0.5178475112587181,Human adviser,0.37122020606692363,delivery_tracking,negative,unreviewed,,,v2.0
C0027364,2026-05-18 20:30:05,email,"Dear team, Since the latest app update it crashes whenever I open the prescription screen asap",dear team since the latest app update it crashes whenever i open the prescription screen as soon as possible,unclear_or_out_of_scope,0.8705104595288963,neutral,0.7660413943098656,Human adviser,0.37121924725910704,unclear_or_out_of_scope,neutral,unreviewed,,,v2.0
C0013188,2026-03-08 01:51:48,phone_transcript,hi I am calling because Can you tell me what is happening with my parcel? asap,hi i am calling because can you tell me what is happening with my parcel as soon as possible,delivery_delayed,0.3253376380749342,negative,0.5193642219911221,Human adviser,0.37106429905878624,delivery_delayed,negative,unreviewed,,,v2.0
C0008389,2026-02-12 02:59:00,phone_transcript,hi I am calling because Can you tell me what is happening with my parcel? asap,hi i am calling because can you tell me what is happening with my parcel as soon as possible,delivery_delayed,0.3253376380749342,negative,0.5193642219911221,Human adviser,0.37106429905878624,delivery_delayed,negative,unreviewed,,,v2.0
C0000716,2026-01-04 12:27:55,phone_transcript,hi I am calling because Can you tell me what is happening with my parcel? asap,hi i am calling because can you tell me what is happening with my parcel as soon as possible,delivery_delayed,0.3253376380749342,negative,0.5193642219911221,Human adviser,0.37106429905878624,delivery_delayed,negative,unreviewed,,,v2.0
C0023358,2026-04-28 05:53:24,phone_transcript,hi I am calling because Can you tell me what is happening with my parcel? asap,hi i am calling because can you tell me what is happening with my parcel as soon as possible,delivery_delayed,0.3253376380749342,negative,0.5193642219911221,Human adviser,0.37106429905878624,delivery_delayed,negative,unreviewed,,,v2.0
C0016153,2026-03-22 10:29:23,phone_transcript,hi I am calling because Can you tell me what is happening with my parcel? asap,hi i am calling because can you tell me what is happening with my parcel as soon as possible,delivery_delayed,0.3253376380749342,negative,0.5193642219911221,Human adviser,0.37106429905878624,delivery_delayed,negative,unreviewed,,,v2.0
C0010700,2026-02-23 07:41:27,social,Can someone help? Can you tell me what is happening with my parcel?!!!,can someone help can you tell me what is happening with my parcel,delivery_delayed,0.3254180765657186,negative,0.4893924485519722,Human adviser,0.3710200578888548,delivery_delayed,negative,unreviewed,,,v2.0
C0011252,2026-02-26 01:05:34,phone_transcript,"pls can you help, One part of my order has not moved please",please can you help one part of my order has not moved please,split_order_request,0.3254897411968793,negative,0.6035094271364867,Human adviser,0.3709806423417164,split_order_request,negative,unreviewed,,,v2.0
C0029917,2026-05-31 13:15:17,email,"Hi support, After installing the latest version the app will not load the order page asap",hi support after installing the latest version the app will not load the order page as soon as possible,unclear_or_out_of_scope,0.871063477340182,neutral,0.5176408117384947,Human adviser,0.3709150874628999,unclear_or_out_of_scope,neutral,unreviewed,,,v2.0
C0028766,2026-05-25 19:11:04,live_chat,hi - Please help with my issue asap,hi - please help with my issue as soon as possible,unclear_or_out_of_scope,0.8712234220999877,neutral,0.652464263939748,Human adviser,0.37082711784500677,unclear_or_out_of_scope,neutral,unreviewed,,,v2.0
C0020034,2026-04-11 06:15:51,email,"Dear team, My medicine order has not arrived yet asap My phone is 07463925460",dear team my medicine order has not arrived yet as soon as possible my phone is [phone],delivery_tracking,0.3258237200241926,negative,0.4361710877142817,Human adviser,0.3707969539866941,delivery_tracking,negative,unreviewed,,,v2.0
C0027350,2026-05-18 19:27:21,social,Please respond: The delivery status has not changed,please respond the delivery status has not changed,not_dispatched,0.3258887666861085,negative,0.6033484964049677,Human adviser,0.37076117832264033,not_dispatched,negative,unreviewed,,,v2.0
C0028036,2026-05-22 03:25:26,social,Please respond: The delivery status has not changed.,please respond the delivery status has not changed,not_dispatched,0.3258887666861085,negative,0.6033484964049677,Human adviser,0.37076117832264033,not_dispatched,negative,unreviewed,,,v2.0
C0024476,2026-05-03 23:57:42,social,Please respond: The delivery status has not changed.,please respond the delivery status has not changed,not_dispatched,0.3258887666861085,negative,0.6033484964049677,Human adviser,0.37076117832264033,not_dispatched,negative,unreviewed,,,v2.0
C0029803,2026-05-31 00:45:49,social,Please respond: The delivery status has not changed!!!,please respond the delivery status has not changed,not_dispatched,0.3258887666861085,negative,0.6033484964049677,Human adviser,0.37076117832264033,not_dispatched,negative,unreviewed,,,v2.0
C0011627,2026-02-27 21:27:49,app_review,App issue: pls help with my issue.,app issue please help with my issue,unclear_or_out_of_scope,0.8716781933587502,neutral,0.7415719939316817,Human adviser,0.37057699365268737,unclear_or_out_of_scope,neutral,unreviewed,,,v2.0
C0009044,2026-02-15 08:54:03,app_review,App issue: Please help with my issue.,app issue please help with my issue,unclear_or_out_of_scope,0.8716781933587502,neutral,0.7415719939316817,Human adviser,0.37057699365268737,unclear_or_out_of_scope,neutral,unreviewed,,,v2.0
C0028281,2026-05-23 08:37:54,app_review,My medicine order has not arrived yet asap email sam57@example.com,my medicine order has not arrived yet as soon as possible email [email],delivery_tracking,0.3263439095260393,negative,0.4717772476401746,Human adviser,0.3705108497606784,delivery_tracking,negative,unreviewed,,,v2.0
C0016282,2026-03-23 02:31:26,live_chat,My medication order is stuck during processing asap from Riverside Surgery,my medication order [gp_surgery],split_order_request,0.3264211541380454,negative,0.4197573192849103,Human adviser,0.37046836522407506,split_order_request,negative,unreviewed,,,v2.0
C0004719,2026-01-24 12:08:08,phone_transcript,"pls can you help, Can you tell me what is happening with my parcel? email alex19@example.com",please can you help can you tell me what is happening with my parcel email [email],delivery_delayed,0.3267070709134378,negative,0.5956918977807749,Human adviser,0.3703111109976092,delivery_delayed,negative,unreviewed,,,v2.0
C0022425,2026-04-23 14:25:09,phone_transcript,right so One part of my order has not moved pls,right so one part of my order has not moved please,split_order_request,0.3276928761715462,negative,0.5667807592298979,Human adviser,0.3697689181056496,split_order_request,negative,unreviewed,,,v2.0
C0013826,2026-03-11 01:10:23,email,"Hi support, The delivery status has not changed please",hi support the delivery status has not changed please,delivery_delayed,0.3277399648144286,negative,0.6628658740576503,Human adviser,0.36974301935206433,delivery_delayed,negative,unreviewed,,,v2.0
C0027267,2026-05-18 11:01:12,phone_transcript,right so Please help with my issue asap,right so please help with my issue as soon as possible,unclear_or_out_of_scope,0.8732148273067207,neutral,0.6993466908926748,Human adviser,0.3697318449813036,unclear_or_out_of_scope,neutral,unreviewed,,,v2.0
C0027440,2026-05-19 04:53:39,phone_transcript,right so Please help with my issue asap,right so please help with my issue as soon as possible,unclear_or_out_of_scope,0.8732148273067207,neutral,0.6993466908926748,Human adviser,0.3697318449813036,unclear_or_out_of_scope,neutral,unreviewed,,,v2.0
C0028512,2026-05-24 12:47:10,email,"Dear team, Since the latest app update it crashes whenever I open the prescription screen.",dear team since the latest app update it crashes whenever i open the prescription screen,unclear_or_out_of_scope,0.8733469573684118,neutral,0.8042007066344975,Human adviser,0.3696591734473735,unclear_or_out_of_scope,neutral,unreviewed,,,v2.0
C0029725,2026-05-30 16:17:35,phone_transcript,right so After installing the latest version the app will not load the order page!!!,right so after installing the latest version the app will not load the order page,unclear_or_out_of_scope,0.8733932641232443,neutral,0.5190444711386603,Human adviser,0.3696337047322157,unclear_or_out_of_scope,neutral,unreviewed,,,v2.0
C0027354,2026-05-18 19:40:41,phone_transcript,right so After installing the latest version the app will not load the order page!!!,right so after installing the latest version the app will not load the order page,unclear_or_out_of_scope,0.8733932641232443,neutral,0.5190444711386603,Human adviser,0.3696337047322157,unclear_or_out_of_scope,neutral,unreviewed,,,v2.0
C0027913,2026-05-21 11:51:10,email,"Dear team, The delivry status has not changed email alex42@example.com",dear team the delivery status has not changed email [email],not_dispatched,0.3279439168141136,negative,0.653798061282597,Human adviser,0.36963084575223754,not_dispatched,negative,unreviewed,,,v2.0
C0028503,2026-05-24 11:37:47,phone_transcript,hello um Since the latest app update it crashes whenever I open the prescription screen My phone is 07743805621,hello um since the latest app update it crashes whenever i open the prescription screen my phone is [phone],unclear_or_out_of_scope,0.8736879724677012,neutral,0.8103732152409262,Human adviser,0.3694716151427643,unclear_or_out_of_scope,neutral,unreviewed,,,v2.0
C0007058,2026-02-05 14:42:06,email,Please help. Can you check the pharmacy processing step?!!! postcode B15 2TT,please help can you check the pharmacy processing step postcode [postcode],split_order_request,0.3284322468511854,negative,0.4846623390798396,Human adviser,0.3693622642318481,split_order_request,negative,unreviewed,,,v2.0
C0029951,2026-05-31 17:55:33,phone_transcript,right so The mobile app closes immediately after the new update.,right so the mobile app closes immediately after the new update,unclear_or_out_of_scope,0.87388705608577,neutral,0.6811610387135235,Human adviser,0.36936211915282646,unclear_or_out_of_scope,neutral,unreviewed,,,v2.0
C0027863,2026-05-21 06:08:50,app_review,Please fix this: After installing the latest version the app will not load the order page please,please fix this after installing the latest version the app will not load the order page please,unclear_or_out_of_scope,0.8743269041793497,neutral,0.5112056963326663,Human adviser,0.3691202027013577,unclear_or_out_of_scope,neutral,unreviewed,,,v2.0
C0028270,2026-05-23 07:25:08,app_review,pls fix this: The mobile app closes immediately after the new update please,please fix this the mobile app closes immediately after the new update please,unclear_or_out_of_scope,0.8745649735487376,neutral,0.7333861585648381,Human adviser,0.3689892645481943,unclear_or_out_of_scope,neutral,unreviewed,,,v2.0
C0018009,2026-03-31 16:43:00,phone_transcript,"pls can you help, Please help with my issue asap",please can you help please help with my issue as soon as possible,unclear_or_out_of_scope,0.8746351434850853,neutral,0.7164979324844442,Human adviser,0.36895067108320306,unclear_or_out_of_scope,neutral,unreviewed,,,v2.0
C0027633,2026-05-20 03:13:08,app_review,My medicine order has not arrived yet. order no P2U-814834,my medicine order has not arrived yet [order_ref],delivery_tracking,0.3292196327422172,negative,0.5420464889350842,Human adviser,0.3689292019917806,delivery_tracking,negative,unreviewed,,,v2.0
C0021303,2026-04-17 16:33:02,phone_transcript,"pls can you help, I have a question about something on the site please DOB 07/12/1979",please can you help i have a question about something on the site please dob [dob],unclear_or_out_of_scope,0.8746863446828039,neutral,0.6617287882322486,Human adviser,0.36892251042445784,unclear_or_out_of_scope,neutral,unreviewed,,,v2.0
C0018890,2026-04-05 06:17:22,live_chat,The delivery status has not changed please DOB 25/07/1969,the delivery status has not changed please dob [dob],delivery_delayed,0.3295419207305849,negative,0.6375285884945919,Human adviser,0.3687519435981783,delivery_delayed,negative,unreviewed,,,v2.0
C0012643,2026-03-05 07:36:37,phone_transcript,hello um My medicine order has not arrived yet please,hello um my medicine order has not arrived yet please,delivery_delayed,0.3299624450501366,negative,0.5985731018763626,Human adviser,0.3685206552224249,delivery_delayed,negative,unreviewed,,,v2.0
C0026190,2026-05-13 00:32:42,phone_transcript,right so Since the latest app update it crashes whenever I open the prescription screen,right so since the latest app update it crashes whenever i open the prescription screen,unclear_or_out_of_scope,0.87566271743375,neutral,0.7939386575233047,Human adviser,0.3683855054114375,unclear_or_out_of_scope,neutral,unreviewed,,,v2.0
C0027850,2026-05-21 04:29:17,live_chat,The app keeps freezing after I updated it and I cannot reach my prescriptions,the app keeps freezing after i updated it and i cannot reach my prescriptions,unclear_or_out_of_scope,0.875851153797689,neutral,0.5358123266402592,Human adviser,0.36828186541127106,unclear_or_out_of_scope,neutral,unreviewed,,,v2.0
C0028439,2026-05-24 04:34:13,live_chat,hi - The mobile app closes immediately after the new update please,hi - the mobile app closes immediately after the new update please,unclear_or_out_of_scope,0.8759545695433768,neutral,0.7839367268844439,Human adviser,0.36822498675114274,unclear_or_out_of_scope,neutral,unreviewed,,,v2.0
C0027336,2026-05-18 17:32:17,email,"Hi support, After installing the latest version the app will not load the order page.",hi support after installing the latest version the app will not load the order page,unclear_or_out_of_scope,0.8763966840512802,neutral,0.5426612804617043,Human adviser,0.3679818237717959,unclear_or_out_of_scope,neutral,unreviewed,,,v2.0
C0027917,2026-05-21 12:29:53,live_chat,pls help: Please help with my issue asap,please help please help with my issue as soon as possible,unclear_or_out_of_scope,0.8764426093431915,neutral,0.6983994808124472,Human adviser,0.3679565648612447,unclear_or_out_of_scope,neutral,unreviewed,,,v2.0
C0005809,2026-01-30 09:47:25,email,"Dear team, Can you tell me what is happening with my parcel? please DOB 24/11/1983",dear team can you tell me what is happening with my parcel please dob [dob],delivery_delayed,0.3313219009128232,negative,0.5496993389078078,Human adviser,0.3677729544979473,delivery_delayed,negative,unreviewed,,,v2.0
C0022414,2026-04-23 13:04:32,phone_transcript,hi I am calling cos Can you tell me what is happening with my parcel? thanks My phone is 07636520589,hi i am calling because can you tell me what is happening with my parcel thanks my phone is [phone],delivery_delayed,0.3314133539883807,negative,0.5229597128447564,Human adviser,0.36772265530639064,delivery_delayed,negative,unreviewed,,,v2.0
C0001212,2026-01-07 01:57:14,live_chat,hi - Can someone contact me? asap,hi - can someone contact me as soon as possible,unclear_or_out_of_scope,0.8769351976982673,neutral,0.782490747169965,Human adviser,0.36768564126595293,unclear_or_out_of_scope,neutral,unreviewed,,,v2.0
C0014450,2026-03-13 19:40:01,live_chat,hi - Can someone contact me? asap,hi - can someone contact me as soon as possible,unclear_or_out_of_scope,0.8769351976982673,neutral,0.782490747169965,Human adviser,0.36768564126595293,unclear_or_out_of_scope,neutral,unreviewed,,,v2.0
C0007723,2026-02-08 21:37:33,email,Please help. My medicine order has not arrived yet please,please help my medicine order has not arrived yet please,delivery_delayed,0.3320267381563988,negative,0.678636432111734,Human adviser,0.3673852940139807,delivery_delayed,negative,unreviewed,,,v2.0
C0009541,2026-02-17 15:40:17,email,Please help. My medicine order has not arrived yet please,please help my medicine order has not arrived yet please,delivery_delayed,0.3320267381563988,negative,0.678636432111734,Human adviser,0.3673852940139807,delivery_delayed,negative,unreviewed,,,v2.0
C0027664,2026-05-20 06:25:46,phone_transcript,"pls can you help, The mobile app closes immediately after the new update asap",please can you help the mobile app closes immediately after the new update as soon as possible,unclear_or_out_of_scope,0.8775500916619565,neutral,0.6894703518826091,Human adviser,0.3673474495859239,unclear_or_out_of_scope,neutral,unreviewed,,,v2.0
C0028453,2026-05-24 06:22:06,phone_transcript,hi I am calling because Since the latest app update it crashes whenever I open the prescription screen.,hi i am calling because since the latest app update it crashes whenever i open the prescription screen,unclear_or_out_of_scope,0.8778429422343886,neutral,0.7980764986116856,Human adviser,0.36718638177108626,unclear_or_out_of_scope,neutral,unreviewed,,,v2.0
C0026256,2026-05-13 09:02:56,phone_transcript,hi I am calling because Since the latest app update it crashes whenever I open the prescription screen!!!,hi i am calling because since the latest app update it crashes whenever i open the prescription screen,unclear_or_out_of_scope,0.8778429422343886,neutral,0.7980764986116856,Human adviser,0.36718638177108626,unclear_or_out_of_scope,neutral,unreviewed,,,v2.0
C0028931,2026-05-26 17:39:58,phone_transcript,hi I am calling cos Since the latest app update it crashes whenever I open the prescription screen.,hi i am calling because since the latest app update it crashes whenever i open the prescription screen,unclear_or_out_of_scope,0.8778429422343886,neutral,0.7980764986116856,Human adviser,0.36718638177108626,unclear_or_out_of_scope,neutral,unreviewed,,,v2.0
C0025817,2026-05-11 01:43:52,email,Please help. My repeat medicine request does not look right asap,please help my repeat medicine request does not look right as soon as possible,early_repeat_request,0.3330020136689626,neutral,0.4833928363455584,Human adviser,0.3668488924820706,early_repeat_request,neutral,unreviewed,,,v2.0
C0019712,2026-04-09 14:20:19,live_chat,One part of my order has not moved please,one part of my order has not moved please,split_order_request,0.3331354920683801,negative,0.5904240439745886,Human adviser,0.36677547936239097,split_order_request,negative,unreviewed,,,v2.0
C0020412,2026-04-13 05:45:19,app_review,App issue: Can someone contact me?.,app issue can someone contact me,unclear_or_out_of_scope,0.8785942962482496,neutral,0.6998999696487406,Human adviser,0.3667731370634627,unclear_or_out_of_scope,neutral,unreviewed,,,v2.0
C0019401,2026-04-07 23:04:47,live_chat,I have a question about something on the site please order no P2U-898340,i have a question about something on the site please [order_ref],unclear_or_out_of_scope,0.879102686599508,neutral,0.7114480214029418,Human adviser,0.3664935223702706,unclear_or_out_of_scope,neutral,unreviewed,,,v2.0
C0028015,2026-05-22 00:21:36,phone_transcript,hello um Since the latest app update it crashes whenever I open the prescrption screen asap,hello um since the latest app update it crashes whenever i open the prescription screen as soon as possible,unclear_or_out_of_scope,0.8792937863390383,neutral,0.7815789193438314,Human adviser,0.3663884175135289,unclear_or_out_of_scope,neutral,unreviewed,,,v2.0
C0024486,2026-05-04 01:17:04,phone_transcript,hi I am calling because One part of my order has not moved asap,hi i am calling because one part of my order has not moved as soon as possible,medicine_unavailable,0.3338670042126492,negative,0.6381440263551573,Human adviser,0.36637314768304297,medicine_unavailable,negative,unreviewed,,,v2.0
C0006643,2026-02-03 16:26:22,phone_transcript,hi I am calling because One part of my order has not moved asap,hi i am calling because one part of my order has not moved as soon as possible,medicine_unavailable,0.3338670042126492,negative,0.6381440263551573,Human adviser,0.36637314768304297,medicine_unavailable,negative,unreviewed,,,v2.0
C0025043,2026-05-06 20:49:44,email,"Dear team, Please help with my issue thanks",dear team please help with my issue thanks,unclear_or_out_of_scope,0.8793685550961932,neutral,0.6875563098678165,Human adviser,0.36634729469709376,unclear_or_out_of_scope,neutral,unreviewed,,,v2.0
C0026556,2026-05-14 23:33:56,live_chat,pls help: The app keeps freezing after I updated it and I cannot reach my prescriptions please My phone is 07166136870 email sam26@example.com,please help the app keeps freezing after i updated it and i cannot reach my prescriptions please my phone is [phone] email [email],unclear_or_out_of_scope,0.8793978647098305,neutral,0.5052105756974903,Human adviser,0.36633117440959323,unclear_or_out_of_scope,neutral,unreviewed,,,v2.0
C0012463,2026-03-04 07:13:26,phone_transcript,"please can you help, The delivery status has not changed please",please can you help the delivery status has not changed please,delivery_delayed,0.3339816256137451,negative,0.6522137892400125,Human adviser,0.36631010591244023,delivery_delayed,negative,unreviewed,,,v2.0
C0026695,2026-05-15 16:07:16,phone_transcript,hi I am calling because My medicine order has not arrived yet please,hi i am calling because my medicine order has not arrived yet please,delivery_delayed,0.3341849528976955,negative,0.6353258466176277,Human adviser,0.3661982759062675,delivery_delayed,negative,unreviewed,,,v2.0
C0029290,2026-05-28 10:10:23,phone_transcript,hi I am calling because My meds order has not arrived yet please,hi i am calling because my medicine order has not arrived yet please,delivery_delayed,0.3341849528976955,negative,0.6353258466176277,Human adviser,0.3661982759062675,delivery_delayed,negative,unreviewed,,,v2.0
C0018195,2026-04-01 15:53:19,phone_transcript,hi I am calling because My medicine order has not arrived yet please,hi i am calling because my medicine order has not arrived yet please,delivery_delayed,0.3341849528976955,negative,0.6353258466176277,Human adviser,0.3661982759062675,delivery_delayed,negative,unreviewed,,,v2.0
C0016442,2026-03-23 22:09:06,phone_transcript,hi I am calling because Can you tell me what is happening with my parcel? thanks,hi i am calling because can you tell me what is happening with my parcel thanks,delivery_delayed,0.3342230202831147,negative,0.5660949966198178,Human adviser,0.36617733884428694,delivery_delayed,negative,unreviewed,,,v2.0
C0000282,2026-01-02 08:38:39,phone_transcript,hi I am calling because Can you tell me what is happening with my parcel? thanks,hi i am calling because can you tell me what is happening with my parcel thanks,delivery_delayed,0.3342230202831147,negative,0.5660949966198178,Human adviser,0.36617733884428694,delivery_delayed,negative,unreviewed,,,v2.0
C0029861,2026-05-31 07:07:58,phone_transcript,hello um After installing the latest version the app will not load the order page!!!,hello um after installing the latest version the app will not load the order page,unclear_or_out_of_scope,0.8799300957150384,neutral,0.5526728423103796,Human adviser,0.36603844735672886,unclear_or_out_of_scope,neutral,unreviewed,,,v2.0
C0002362,2026-01-12 19:26:17,app_review,Can you tell me what is happening with my parcel? please,can you tell me what is happening with my parcel please,delivery_delayed,0.3349216818655621,negative,0.6435711148814593,Human adviser,0.3657930749739409,delivery_delayed,negative,unreviewed,,,v2.0
C0027369,2026-05-18 21:02:55,live_chat,Can you tell me what is happening with my parcel? please,can you tell me what is happening with my parcel please,delivery_delayed,0.3349216818655621,negative,0.6435711148814593,Human adviser,0.3657930749739409,delivery_delayed,negative,unreviewed,,,v2.0
C0006278,2026-02-01 18:28:14,app_review,Please help with my issue thanks,please help with my issue thanks,unclear_or_out_of_scope,0.8807436290373253,neutral,0.6722291088791688,Human adviser,0.3655910040294711,unclear_or_out_of_scope,neutral,unreviewed,,,v2.0
C0029236,2026-05-28 04:47:58,phone_transcript,hi I am calling because After installing the latest version the app will not load the order page please,hi i am calling because after installing the latest version the app will not load the order page please,unclear_or_out_of_scope,0.8812361730691097,neutral,0.5222715832626278,Human adviser,0.3653201048119896,unclear_or_out_of_scope,neutral,unreviewed,,,v2.0
C0017877,2026-03-31 02:11:07,phone_transcript,right so Can you check the pharmacy processing step? asap DOB 23/12/1973,right so can you check the pharmacy processing step as soon as possible dob [dob],split_order_request,0.3362444915064701,negative,0.5841955543525308,Human adviser,0.36506552967144146,split_order_request,negative,unreviewed,,,v2.0
C0009625,2026-02-18 01:06:39,app_review,Not happy. The delivery status has not changed asap,not happy the delivery status has not changed as soon as possible,delivery_delayed,0.3362514173308086,negative,0.5933889771237499,Human adviser,0.3650617204680553,delivery_delayed,negative,unreviewed,,,v2.0
C0026797,2026-05-16 03:16:56,phone_transcript,"please can you help, The mobile app closes immediately after the new update.",please can you help the mobile app closes immediately after the new update,unclear_or_out_of_scope,0.8817528736592878,neutral,0.6877262427326928,Human adviser,0.3650359194873917,unclear_or_out_of_scope,neutral,unreviewed,,,v2.0
C0027347,2026-05-18 18:52:57,phone_transcript,"please can you help, The mobile app closes immediately after the new update",please can you help the mobile app closes immediately after the new update,unclear_or_out_of_scope,0.8817528736592878,neutral,0.6877262427326928,Human adviser,0.3650359194873917,unclear_or_out_of_scope,neutral,unreviewed,,,v2.0
C0026178,2026-05-12 23:38:59,app_review,Please fix this: Can you tell me what is happening with my parcel? thanks,please fix this can you tell me what is happening with my parcel thanks,delivery_delayed,0.336514022343515,negative,0.6437966320981915,Human adviser,0.3649172877110668,delivery_delayed,negative,unreviewed,,,v2.0
C0026856,2026-05-16 09:45:07,email,"Hi support, Can someone contact me? asap",hi support can someone contact me as soon as possible,unclear_or_out_of_scope,0.8823249511941671,neutral,0.7706423580150538,Human adviser,0.3647212768432081,unclear_or_out_of_scope,neutral,unreviewed,,,v2.0
C0029797,2026-05-31 00:02:54,phone_transcript,hello um Since the latest app update it crashes whenever I open the prescription screen,hello um since the latest app update it crashes whenever i open the prescription screen,unclear_or_out_of_scope,0.8825195544179008,neutral,0.8169474881204077,Human adviser,0.3646142450701546,unclear_or_out_of_scope,neutral,unreviewed,,,v2.0
C0028044,2026-05-22 04:52:02,email,"Hi support, The mobile app closes immediately after the new update thanks",hi support the mobile app closes immediately after the new update thanks,unclear_or_out_of_scope,0.8825950668233918,neutral,0.6910888178298005,Human adviser,0.3645727132471345,unclear_or_out_of_scope,neutral,unreviewed,,,v2.0
C0027675,2026-05-20 07:43:18,email,"Hi support, After installing the latest version the app will not load the order page thanks",hi support after installing the latest version the app will not load the order page thanks,unclear_or_out_of_scope,0.8828337156141407,neutral,0.5775536930413143,Human adviser,0.3644414564122226,unclear_or_out_of_scope,neutral,unreviewed,,,v2.0
C0024605,2026-05-04 16:34:47,phone_transcript,hi I am calling because Please help with my issue thanks,hi i am calling because please help with my issue thanks,unclear_or_out_of_scope,0.8829128363751286,neutral,0.7010515048768957,Human adviser,0.36439793999367925,unclear_or_out_of_scope,neutral,unreviewed,,,v2.0
C0009475,2026-02-17 08:39:15,phone_transcript,hi I am calling because Please help with my issue thanks,hi i am calling because please help with my issue thanks,unclear_or_out_of_scope,0.8829128363751286,neutral,0.7010515048768957,Human adviser,0.36439793999367925,unclear_or_out_of_scope,neutral,unreviewed,,,v2.0
C0006419,2026-02-02 11:57:51,phone_transcript,hi I am calling cos Please help with my issue thanks,hi i am calling because please help with my issue thanks,unclear_or_out_of_scope,0.8829128363751286,neutral,0.7010515048768957,Human adviser,0.36439793999367925,unclear_or_out_of_scope,neutral,unreviewed,,,v2.0
C0008282,2026-02-11 13:44:48,phone_transcript,hello um My repeat medicine request does not look right thanks postcode B15 2TT,hello um my repeat medicine request does not look right thanks postcode [postcode],early_repeat_request,0.3376083364034913,neutral,0.500608196833419,Human adviser,0.3643154149780798,early_repeat_request,neutral,unreviewed,,,v2.0
C0015356,2026-03-18 10:47:36,email,"Dear team, My repeat meds request does not look right asap",dear team my repeat medicine request does not look right as soon as possible,repeat_prescription_request,0.3376817150148117,neutral,0.4708313296923294,Human adviser,0.3642750567418536,repeat_prescription_request,neutral,unreviewed,,,v2.0
C0005940,2026-01-31 01:54:41,email,Please help. The delivry status has not changed please,please help the delivery status has not changed please,delivery_delayed,0.3381592701334321,negative,0.672084627606104,Human adviser,0.36401240142661234,delivery_delayed,negative,unreviewed,,,v2.0
C0005184,2026-01-26 22:27:46,live_chat,pls help: The delivery status has not changed please,please help the delivery status has not changed please,delivery_delayed,0.3381592701334321,negative,0.672084627606104,Human adviser,0.36401240142661234,delivery_delayed,negative,unreviewed,,,v2.0
C0019832,2026-04-10 06:56:20,phone_transcript,right so Can someone contact me? asap,right so can someone contact me as soon as possible,unclear_or_out_of_scope,0.8843176593769506,neutral,0.7031992185821639,Human adviser,0.3636252873426772,unclear_or_out_of_scope,neutral,unreviewed,,,v2.0
C0009118,2026-02-15 17:28:10,phone_transcript,"please can you help, Can someone contact me? please",please can you help can someone contact me please,unclear_or_out_of_scope,0.8843991309606345,neutral,0.7280863249207091,Human adviser,0.36358047797165105,unclear_or_out_of_scope,neutral,unreviewed,,,v2.0
C0017768,2026-03-30 12:55:31,phone_transcript,"please can you help, Can someone contact me? please",please can you help can someone contact me please,unclear_or_out_of_scope,0.8843991309606345,neutral,0.7280863249207091,Human adviser,0.36358047797165105,unclear_or_out_of_scope,neutral,unreviewed,,,v2.0
C0028352,2026-05-23 16:49:42,phone_transcript,"pls can you help, Can someone contact me? please",please can you help can someone contact me please,unclear_or_out_of_scope,0.8843991309606345,neutral,0.7280863249207091,Human adviser,0.36358047797165105,unclear_or_out_of_scope,neutral,unreviewed,,,v2.0
C0019912,2026-04-10 15:47:01,email,"Dear team, pls help with my issue!!!",dear team please help with my issue,unclear_or_out_of_scope,0.8846175943685505,neutral,0.7274425676763765,Human adviser,0.36346032309729726,unclear_or_out_of_scope,neutral,unreviewed,,,v2.0
C0001652,2026-01-09 06:12:34,email,"Dear team, Please help with my issue.",dear team please help with my issue,unclear_or_out_of_scope,0.8846175943685505,neutral,0.7274425676763765,Human adviser,0.36346032309729726,unclear_or_out_of_scope,neutral,unreviewed,,,v2.0
C0015691,2026-03-20 02:17:02,phone_transcript,hello um The delivery status has not changed,hello um the delivery status has not changed,delivery_delayed,0.3396198174765217,negative,0.6524526545652716,Human adviser,0.3632091003879131,delivery_delayed,negative,unreviewed,,,v2.0
C0002430,2026-01-13 04:50:10,social,Can someone help? I have a question about something on the site!!! My phone is 07704056852,can someone help i have a question about something on the site my phone is [phone],unclear_or_out_of_scope,0.8851222044504528,neutral,0.7660423618423124,Human adviser,0.363182787552251,unclear_or_out_of_scope,neutral,unreviewed,,,v2.0
C0024752,2026-05-05 09:05:33,live_chat,I have a question about something on the site.,i have a question about something on the site,unclear_or_out_of_scope,0.885207104950832,neutral,0.7357696671436892,Human adviser,0.3631360922770424,unclear_or_out_of_scope,neutral,unreviewed,,,v2.0
C0000928,2026-01-05 14:12:57,app_review,I have a question about something on the site,i have a question about something on the site,unclear_or_out_of_scope,0.885207104950832,neutral,0.7357696671436892,Human adviser,0.3631360922770424,unclear_or_out_of_scope,neutral,unreviewed,,,v2.0
C0016664,2026-03-24 22:07:40,live_chat,I have a question about something on the site!!!,i have a question about something on the site,unclear_or_out_of_scope,0.885207104950832,neutral,0.7357696671436892,Human adviser,0.3631360922770424,unclear_or_out_of_scope,neutral,unreviewed,,,v2.0
C0016044,2026-03-21 21:20:51,live_chat,I have a question about something on the site!!!,i have a question about something on the site,unclear_or_out_of_scope,0.885207104950832,neutral,0.7357696671436892,Human adviser,0.3631360922770424,unclear_or_out_of_scope,neutral,unreviewed,,,v2.0
C0028644,2026-05-25 05:18:05,live_chat,pls help: Since the latest app update it crashes whenever I open the prescription screen!!!,please help since the latest app update it crashes whenever i open the prescription screen,unclear_or_out_of_scope,0.8854926578494178,neutral,0.8048563072123104,Human adviser,0.36297903818282024,unclear_or_out_of_scope,neutral,unreviewed,,,v2.0
C0028132,2026-05-22 15:44:43,email,Please help. Since the latest app update it crashes whenever I open the prescrption screen,please help since the latest app update it crashes whenever i open the prescription screen,unclear_or_out_of_scope,0.8854926578494178,neutral,0.8048563072123104,Human adviser,0.36297903818282024,unclear_or_out_of_scope,neutral,unreviewed,,,v2.0
C0028393,2026-05-23 21:45:18,phone_transcript,hello um The mobile app closes immediately after the new update!!!,hello um the mobile app closes immediately after the new update,unclear_or_out_of_scope,0.8857370379050163,neutral,0.6964261080926737,Human adviser,0.362844629152241,unclear_or_out_of_scope,neutral,unreviewed,,,v2.0
C0027660,2026-05-20 06:00:19,phone_transcript,hi I am calling cos I have a question about something on the site asap,hi i am calling because i have a question about something on the site as soon as possible,unclear_or_out_of_scope,0.8861740081181639,neutral,0.7035701968860947,Human adviser,0.36260429553500984,unclear_or_out_of_scope,neutral,unreviewed,,,v2.0
C0024708,2026-05-05 03:45:25,phone_transcript,"pls can you help, My repeat medicine request does not look right please",please can you help my repeat medicine request does not look right please,early_repeat_request,0.3414434218271119,neutral,0.5404039179939026,Human adviser,0.3622061179950885,early_repeat_request,neutral,unreviewed,,,v2.0
C0014468,2026-03-13 21:43:23,phone_transcript,"please can you help, My repeat medicine request does not look right please",please can you help my repeat medicine request does not look right please,early_repeat_request,0.3414434218271119,neutral,0.5404039179939026,Human adviser,0.3622061179950885,early_repeat_request,neutral,unreviewed,,,v2.0
C0006431,2026-02-02 13:16:53,phone_transcript,"please can you help, My repeat meds request does not look right please",please can you help my repeat medicine request does not look right please,early_repeat_request,0.3414434218271119,neutral,0.5404039179939026,Human adviser,0.3622061179950885,early_repeat_request,neutral,unreviewed,,,v2.0
C0016004,2026-03-21 16:02:08,phone_transcript,right so Can you check the pharmacy processing step?!!! email alex12@example.com,right so can you check the pharmacy processing step email [email],clinical_review_delay,0.3414862830284667,negative,0.5707578876198421,Human adviser,0.3621825443343434,clinical_review_delay,negative,unreviewed,,,v2.0
C0028520,2026-05-24 13:30:44,phone_transcript,"pls can you help, After installing the latest version the app will not load the order page please",please can you help after installing the latest version the app will not load the order page please,unclear_or_out_of_scope,0.8875994381353294,negative,0.504850681444007,Human adviser,0.36182030902556883,unclear_or_out_of_scope,negative,unreviewed,,,v2.0
C0003407,2026-01-17 20:49:34,phone_transcript,"pls can you help, I have a question about something on the site. My phone is 07361127977",please can you help i have a question about something on the site my phone is [phone],unclear_or_out_of_scope,0.8878024540670911,neutral,0.7048994146034749,Human adviser,0.3617086502630999,unclear_or_out_of_scope,neutral,unreviewed,,,v2.0
C0026504,2026-05-14 18:10:06,live_chat,pls help: After installing the latest version the app will not load the order page please,please help after installing the latest version the app will not load the order page please,unclear_or_out_of_scope,0.888022983244815,negative,0.522170762788498,Human adviser,0.36158735921535173,unclear_or_out_of_scope,negative,unreviewed,,,v2.0
C0024139,2026-05-02 08:05:35,social,pls respond: There is a problem with my prescription request thanks,please respond there is a problem with my prescription request thanks,repeat_prescription_request,0.3425941019769676,positive,0.4406787766425497,Human adviser,0.3615732439126679,repeat_prescription_request,positive,unreviewed,,,v2.0
C0002218,2026-01-12 02:38:09,email,pls help. Can you tell me what is happening with my parcel? asap My phone is 07959944066,please help can you tell me what is happening with my parcel as soon as possible my phone is [phone],delivery_delayed,0.342902011776702,negative,0.4750144105625283,Human adviser,0.36140389352281393,delivery_delayed,negative,unreviewed,,,v2.0
C0001695,2026-01-09 12:08:25,email,"Hi support, My repeat medicine request does not look right!!!",hi support my repeat medicine request does not look right,prescription_not_received,0.3429296421287906,neutral,0.5516095287315724,Human adviser,0.3613886968291652,prescription_not_received,neutral,unreviewed,,,v2.0
C0025951,2026-05-11 20:08:22,live_chat,pls help: I have a question about something on the site!!! My phone is 07907712685,please help i have a question about something on the site my phone is [phone],unclear_or_out_of_scope,0.8888080233027477,neutral,0.6980458562933182,Human adviser,0.3611555871834888,unclear_or_out_of_scope,neutral,unreviewed,,,v2.0
C0026435,2026-05-14 09:30:23,phone_transcript,hi I am calling because The app keeps freezing after I updated it and I cannot reach my prescriptions,hi i am calling because the app keeps freezing after i updated it and i cannot reach my prescriptions,unclear_or_out_of_scope,0.8891487293458507,neutral,0.513453596975018,Human adviser,0.36096819885978215,unclear_or_out_of_scope,neutral,unreviewed,,,v2.0
C0026182,2026-05-13 00:03:39,email,"Hello, The app keeps freezing after I updated it and I cannot reach my prescrptions",hello the app keeps freezing after i updated it and i cannot reach my prescrptions,unclear_or_out_of_scope,0.8898665299345947,neutral,0.5488040224735862,Human adviser,0.3605734085359729,unclear_or_out_of_scope,neutral,unreviewed,,,v2.0
C0027126,2026-05-17 18:21:45,app_review,Not happy. My medicine order has not arrived yet,not happy my medicine order has not arrived yet,delivery_delayed,0.3454385694323204,negative,0.4270442786661448,Human adviser,0.36000878681222387,delivery_delayed,negative,unreviewed,,,v2.0
C0028743,2026-05-25 16:19:16,app_review,Not happy. My meds order has not arrived yet.,not happy my medicine order has not arrived yet,delivery_delayed,0.3454385694323204,negative,0.4270442786661448,Human adviser,0.36000878681222387,delivery_delayed,negative,unreviewed,,,v2.0
C0027617,2026-05-20 01:17:20,app_review,Not happy. The delivery status has not changed!!!,not happy the delivery status has not changed,delivery_delayed,0.3454952881380835,negative,0.6078170529391048,Human adviser,0.3599775915240541,delivery_delayed,negative,unreviewed,,,v2.0
C0016404,2026-03-23 16:47:31,app_review,Not happy. The delivry status has not changed!!!,not happy the delivery status has not changed,delivery_delayed,0.3454952881380835,negative,0.6078170529391048,Human adviser,0.3599775915240541,delivery_delayed,negative,unreviewed,,,v2.0
C0024772,2026-05-05 11:39:21,app_review,Not happy. The delivry status has not changed,not happy the delivery status has not changed,delivery_delayed,0.3454952881380835,negative,0.6078170529391048,Human adviser,0.3599775915240541,delivery_delayed,negative,unreviewed,,,v2.0
C0022888,2026-04-25 19:24:40,live_chat,hello Can someone contact me? asap,hello can someone contact me as soon as possible,unclear_or_out_of_scope,0.8912420478671513,neutral,0.7137063693693748,Human adviser,0.35981687367306675,unclear_or_out_of_scope,neutral,unreviewed,,,v2.0
C0018131,2026-04-01 08:05:08,live_chat,hello Can you tell me what is happening with my parcel? asap from Riverside Surgery,hello can you tell me what is happening with my parcel [gp_surgery],delivery_delayed,0.3460116638245061,negative,0.7501541263734678,Human adviser,0.3596935848965217,delivery_delayed,negative,unreviewed,,,v2.0
C0029559,2026-05-29 19:48:45,live_chat,hi - The app keeps freezing after I updated it and I cannot reach my prescriptions thanks,hi - the app keeps freezing after i updated it and i cannot reach my prescriptions thanks,unclear_or_out_of_scope,0.8914725263549126,neutral,0.5205498433101574,Human adviser,0.35969011050479804,unclear_or_out_of_scope,neutral,unreviewed,,,v2.0
C0025995,2026-05-12 01:20:14,live_chat,hi - The app keeps freezing after I updated it and I cannot reach my prescriptions thanks,hi - the app keeps freezing after i updated it and i cannot reach my prescriptions thanks,unclear_or_out_of_scope,0.8914725263549126,neutral,0.5205498433101574,Human adviser,0.35969011050479804,unclear_or_out_of_scope,neutral,unreviewed,,,v2.0
C0020797,2026-04-15 02:28:41,phone_transcript,hi I am calling because Please help with my issue!!!,hi i am calling because please help with my issue,unclear_or_out_of_scope,0.8915123909746002,neutral,0.741135505120068,Human adviser,0.35966818496396985,unclear_or_out_of_scope,neutral,unreviewed,,,v2.0
C0026221,2026-05-13 04:31:13,phone_transcript,hi I am calling because Please help with my issue!!!,hi i am calling because please help with my issue,unclear_or_out_of_scope,0.8915123909746002,neutral,0.741135505120068,Human adviser,0.35966818496396985,unclear_or_out_of_scope,neutral,unreviewed,,,v2.0
C0015307,2026-03-18 03:33:15,email,"Dear team, I have a question about something on the site",dear team i have a question about something on the site,unclear_or_out_of_scope,0.8915654261021919,neutral,0.6591811513064915,Human adviser,0.3596390156437944,unclear_or_out_of_scope,neutral,unreviewed,,,v2.0
C0021174,2026-04-16 23:48:16,email,Please help. Can you tell me what is happening with my parcel? asap,please help can you tell me what is happening with my parcel as soon as possible,delivery_delayed,0.3461633089748437,negative,0.5481758567649067,Human adviser,0.359610180063836,delivery_delayed,negative,unreviewed,,,v2.0
C0028049,2026-05-22 05:16:52,email,Please help. Can you tell me what is happening with my parcel? asap,please help can you tell me what is happening with my parcel as soon as possible,delivery_delayed,0.3461633089748437,negative,0.5481758567649067,Human adviser,0.359610180063836,delivery_delayed,negative,unreviewed,,,v2.0
C0004199,2026-01-21 18:56:37,live_chat,pls help: Can you tell me what is happening with my parcel? asap,please help can you tell me what is happening with my parcel as soon as possible,delivery_delayed,0.3461633089748437,negative,0.5481758567649067,Human adviser,0.359610180063836,delivery_delayed,negative,unreviewed,,,v2.0
C0006229,2026-02-01 13:44:22,live_chat,pls help: Can you tell me what is happening with my parcel? asap,please help can you tell me what is happening with my parcel as soon as possible,delivery_delayed,0.3461633089748437,negative,0.5481758567649067,Human adviser,0.359610180063836,delivery_delayed,negative,unreviewed,,,v2.0
C0000909,2026-01-05 12:10:14,phone_transcript,hello um The delivery status has not changed please email pat48@example.com,hello um the delivery status has not changed please email [email],delivery_delayed,0.3462488601136724,negative,0.6426048491935469,Human adviser,0.3595631269374802,delivery_delayed,negative,unreviewed,,,v2.0
C0021816,2026-04-20 12:48:24,phone_transcript,"please can you help, My repeat meds request does not look right",please can you help my repeat medicine request does not look right,early_repeat_request,0.3464835697062521,neutral,0.4771551106931453,Human adviser,0.35943403666156143,early_repeat_request,neutral,unreviewed,,,v2.0
C0010601,2026-02-22 18:16:05,phone_transcript,"please can you help, My repeat meds request does not look right.",please can you help my repeat medicine request does not look right,early_repeat_request,0.3464835697062521,neutral,0.4771551106931453,Human adviser,0.35943403666156143,early_repeat_request,neutral,unreviewed,,,v2.0
C0017307,2026-03-28 07:25:29,phone_transcript,"pls can you help, My repeat medicine request does not look right",please can you help my repeat medicine request does not look right,early_repeat_request,0.3464835697062521,neutral,0.4771551106931453,Human adviser,0.35943403666156143,early_repeat_request,neutral,unreviewed,,,v2.0
C0007186,2026-02-06 08:08:51,phone_transcript,"pls can you help, My repeat medicine request does not look right!!!",please can you help my repeat medicine request does not look right,early_repeat_request,0.3464835697062521,neutral,0.4771551106931453,Human adviser,0.35943403666156143,early_repeat_request,neutral,unreviewed,,,v2.0
C0013191,2026-03-08 02:26:17,phone_transcript,right so My repeat medicine request does not look right,right so my repeat medicine request does not look right,prescription_not_received,0.3468227666636166,neutral,0.4881896685632782,Human adviser,0.3592474783350109,prescription_not_received,neutral,unreviewed,,,v2.0
C0009892,2026-02-19 10:00:43,phone_transcript,right so My repeat medicine request does not look right!!!,right so my repeat medicine request does not look right,prescription_not_received,0.3468227666636166,neutral,0.4881896685632782,Human adviser,0.3592474783350109,prescription_not_received,neutral,unreviewed,,,v2.0
C0010936,2026-02-24 12:30:33,phone_transcript,right so My repeat medicine request does not look right!!!,right so my repeat medicine request does not look right,prescription_not_received,0.3468227666636166,neutral,0.4881896685632782,Human adviser,0.3592474783350109,prescription_not_received,neutral,unreviewed,,,v2.0
C0025263,2026-05-08 03:52:42,phone_transcript,right so My repeat meds request does not look right.,right so my repeat medicine request does not look right,prescription_not_received,0.3468227666636166,neutral,0.4881896685632782,Human adviser,0.3592474783350109,prescription_not_received,neutral,unreviewed,,,v2.0
C0020757,2026-04-14 22:07:02,email,"Hi support, Please help with my issue thanks",hi support please help with my issue thanks,unclear_or_out_of_scope,0.8924019207980672,neutral,0.7001747074492665,Human adviser,0.359178943561063,unclear_or_out_of_scope,neutral,unreviewed,,,v2.0
C0017288,2026-03-28 04:38:16,app_review,pls fix this: My repeat medicine request does not look right,please fix this my repeat medicine request does not look right,early_repeat_request,0.3471378642647735,neutral,0.5230440728991508,Human adviser,0.3590741746543746,early_repeat_request,neutral,unreviewed,,,v2.0
C0005365,2026-01-27 21:44:53,live_chat,hi - Can someone contact me? thanks,hi - can someone contact me thanks,unclear_or_out_of_scope,0.892617872221915,neutral,0.7777636749390248,Human adviser,0.35906017027794673,unclear_or_out_of_scope,neutral,unreviewed,,,v2.0
C0028410,2026-05-24 00:11:17,phone_transcript,right so The app keeps freezing after I updated it and I cannot reach my prescriptions!!!,right so the app keeps freezing after i updated it and i cannot reach my prescriptions,unclear_or_out_of_scope,0.892628284861736,neutral,0.5093601156872579,Human adviser,0.3590544433260452,unclear_or_out_of_scope,neutral,unreviewed,,,v2.0
C0021877,2026-04-20 21:05:53,live_chat,hello My medicine order has not arrived yet!!!,hello my medicine order has not arrived yet,delivery_tracking,0.3471756240186494,negative,0.5163891142769234,Human adviser,0.35905340678974285,delivery_tracking,negative,unreviewed,,,v2.0
C0014993,2026-03-16 11:57:23,email,"Hello, My medicine order has not arrived yet.",hello my medicine order has not arrived yet,delivery_tracking,0.3471756240186494,negative,0.5163891142769234,Human adviser,0.35905340678974285,delivery_tracking,negative,unreviewed,,,v2.0
C0019788,2026-04-09 23:53:40,email,"Hello, My meds order has not arrived yet.",hello my medicine order has not arrived yet,delivery_tracking,0.3471756240186494,negative,0.5163891142769234,Human adviser,0.35905340678974285,delivery_tracking,negative,unreviewed,,,v2.0
C0028544,2026-05-24 15:59:37,live_chat,hello My medicine order has not arrived yet.,hello my medicine order has not arrived yet,delivery_tracking,0.3471756240186494,negative,0.5163891142769234,Human adviser,0.35905340678974285,delivery_tracking,negative,unreviewed,,,v2.0
C0005930,2026-01-31 01:03:45,email,"Hello, My medicine order has not arrived yet",hello my medicine order has not arrived yet,delivery_tracking,0.3471756240186494,negative,0.5163891142769234,Human adviser,0.35905340678974285,delivery_tracking,negative,unreviewed,,,v2.0
C0016966,2026-03-26 14:25:05,email,"Hello, My medicine order has not arrived yet",hello my medicine order has not arrived yet,delivery_tracking,0.3471756240186494,negative,0.5163891142769234,Human adviser,0.35905340678974285,delivery_tracking,negative,unreviewed,,,v2.0
C0008328,2026-02-11 18:45:38,live_chat,hello My medicine order has not arrived yet.,hello my medicine order has not arrived yet,delivery_tracking,0.3471756240186494,negative,0.5163891142769234,Human adviser,0.35905340678974285,delivery_tracking,negative,unreviewed,,,v2.0
C0018757,2026-04-04 15:06:06,email,"Hello, My meds order has not arrived yet",hello my medicine order has not arrived yet,delivery_tracking,0.3471756240186494,negative,0.5163891142769234,Human adviser,0.35905340678974285,delivery_tracking,negative,unreviewed,,,v2.0
C0000217,2026-01-02 02:27:03,social,@support My medicine order has not arrived yet please,@support my medicine order has not arrived yet please,delivery_delayed,0.3477221217826678,negative,0.6970292560039537,Human adviser,0.35875283301953276,delivery_delayed,negative,unreviewed,,,v2.0
C0017134,2026-03-27 09:10:31,live_chat,pls help: Please help with my issue thanks,please help please help with my issue thanks,unclear_or_out_of_scope,0.8935376343239428,neutral,0.7169840093861252,Human adviser,0.35855430112183145,unclear_or_out_of_scope,neutral,unreviewed,,,v2.0
C0015956,2026-03-21 10:20:28,live_chat,pls help: Please help with my issue thanks,please help please help with my issue thanks,unclear_or_out_of_scope,0.8935376343239428,neutral,0.7169840093861252,Human adviser,0.35855430112183145,unclear_or_out_of_scope,neutral,unreviewed,,,v2.0
C0000496,2026-01-03 11:18:59,email,Please help. Please help with my issue thanks,please help please help with my issue thanks,unclear_or_out_of_scope,0.8935376343239428,neutral,0.7169840093861252,Human adviser,0.35855430112183145,unclear_or_out_of_scope,neutral,unreviewed,,,v2.0
C0022020,2026-04-21 12:49:41,live_chat,pls help: Please help with my issue please,please help please help with my issue please,unclear_or_out_of_scope,0.8936125609495881,neutral,0.7353778216301267,Human adviser,0.35851309147772653,unclear_or_out_of_scope,neutral,unreviewed,,,v2.0
C0011825,2026-02-28 23:00:02,live_chat,pls help with my issue,please help with my issue,unclear_or_out_of_scope,0.8940344083037968,neutral,0.7302181298903275,Human adviser,0.35828107543291177,unclear_or_out_of_scope,neutral,unreviewed,,,v2.0
C0007099,2026-02-05 20:15:32,phone_transcript,"please can you help, Can you tell me what is happening with my parcel? asap",please can you help can you tell me what is happening with my parcel as soon as possible,delivery_delayed,0.3486805869607639,negative,0.5590739475570793,Human adviser,0.3582256771715799,delivery_delayed,negative,unreviewed,,,v2.0
C0029844,2026-05-31 05:21:15,phone_transcript,"please can you help, Can you tell me what is happening with my parcel? asap",please can you help can you tell me what is happening with my parcel as soon as possible,delivery_delayed,0.3486805869607639,negative,0.5590739475570793,Human adviser,0.3582256771715799,delivery_delayed,negative,unreviewed,,,v2.0
C0029116,2026-05-27 13:40:43,phone_transcript,"please can you help, Can you tell me what is happening with my parcel? asap",please can you help can you tell me what is happening with my parcel as soon as possible,delivery_delayed,0.3486805869607639,negative,0.5590739475570793,Human adviser,0.3582256771715799,delivery_delayed,negative,unreviewed,,,v2.0
C0005244,2026-01-27 06:00:21,phone_transcript,"please can you help, Please help with my issue please",please can you help please help with my issue please,unclear_or_out_of_scope,0.8949148305022743,neutral,0.7511383274251375,Human adviser,0.35779684322374916,unclear_or_out_of_scope,neutral,unreviewed,,,v2.0
C0025828,2026-05-11 03:01:17,phone_transcript,"pls can you help, Please help with my issue please",please can you help please help with my issue please,unclear_or_out_of_scope,0.8949148305022743,neutral,0.7511383274251375,Human adviser,0.35779684322374916,unclear_or_out_of_scope,neutral,unreviewed,,,v2.0
C0023982,2026-05-01 13:26:21,social,@support There is a problem with my prescription request!!!,@support there is a problem with my prescription request,prescription_not_received,0.3495952064897838,neutral,0.3707706131340157,Human adviser,0.3577226364306189,prescription_not_received,neutral,unreviewed,,,v2.0
C0025799,2026-05-10 23:16:18,phone_transcript,hello um Please help with my issue asap,hello um please help with my issue as soon as possible,unclear_or_out_of_scope,0.8951198997807873,neutral,0.6569044945137003,Human adviser,0.35768405512056695,unclear_or_out_of_scope,neutral,unreviewed,,,v2.0
C0006312,2026-02-01 23:06:23,phone_transcript,hello um Please help with my issue asap,hello um please help with my issue as soon as possible,unclear_or_out_of_scope,0.8951198997807873,neutral,0.6569044945137003,Human adviser,0.35768405512056695,unclear_or_out_of_scope,neutral,unreviewed,,,v2.0
C0024181,2026-05-02 13:22:20,phone_transcript,"please can you help, Can someone contact me? thanks",please can you help can someone contact me thanks,unclear_or_out_of_scope,0.8954127724604943,neutral,0.7071839077052637,Human adviser,0.3575229751467281,unclear_or_out_of_scope,neutral,unreviewed,,,v2.0
C0011839,2026-03-01 00:11:29,phone_transcript,"pls can you help, Can someone contact me? thanks",please can you help can someone contact me thanks,unclear_or_out_of_scope,0.8954127724604943,neutral,0.7071839077052637,Human adviser,0.3575229751467281,unclear_or_out_of_scope,neutral,unreviewed,,,v2.0
C0009623,2026-02-18 00:45:46,live_chat,I have a question about something on the site thanks,i have a question about something on the site thanks,unclear_or_out_of_scope,0.8954165160541462,neutral,0.6167142563236387,Human adviser,0.3575209161702196,unclear_or_out_of_scope,neutral,unreviewed,,,v2.0
C0015826,2026-03-20 17:22:31,email,"Dear team, My medicine order has not arrived yet. my name is Sam Patel",dear team my medicine order has not arrived yet [name],delivery_delayed,0.3500854294791363,negative,0.5097333085762137,Human adviser,0.3574530137864751,delivery_delayed,negative,unreviewed,,,v2.0
C0010021,2026-02-20 00:57:02,email,Please help. Can you tell me what is happening with my parcel?,please help can you tell me what is happening with my parcel,delivery_delayed,0.3502366984048982,negative,0.5510873046389878,Human adviser,0.35736981587730604,delivery_delayed,negative,unreviewed,,,v2.0
C0013706,2026-03-10 11:01:10,email,pls help. Can you tell me what is happening with my parcel?,please help can you tell me what is happening with my parcel,delivery_delayed,0.3502366984048982,negative,0.5510873046389878,Human adviser,0.35736981587730604,delivery_delayed,negative,unreviewed,,,v2.0
C0012455,2026-03-04 05:59:53,email,Please help. Can you tell me what is happening with my parcel?.,please help can you tell me what is happening with my parcel,delivery_delayed,0.3502366984048982,negative,0.5510873046389878,Human adviser,0.35736981587730604,delivery_delayed,negative,unreviewed,,,v2.0
C0019243,2026-04-07 03:33:20,email,Please help. Can you tell me what is happening with my parcel?.,please help can you tell me what is happening with my parcel,delivery_delayed,0.3502366984048982,negative,0.5510873046389878,Human adviser,0.35736981587730604,delivery_delayed,negative,unreviewed,,,v2.0
C0006470,2026-02-02 18:02:53,live_chat,pls help: Can you tell me what is happening with my parcel?,please help can you tell me what is happening with my parcel,delivery_delayed,0.3502366984048982,negative,0.5510873046389878,Human adviser,0.35736981587730604,delivery_delayed,negative,unreviewed,,,v2.0
C0029482,2026-05-29 10:25:44,email,Please help. Can you tell me what is happening with my parcel?,please help can you tell me what is happening with my parcel,delivery_delayed,0.3502366984048982,negative,0.5510873046389878,Human adviser,0.35736981587730604,delivery_delayed,negative,unreviewed,,,v2.0
C0014736,2026-03-15 05:26:57,email,pls help. Can you tell me what is happening with my parcel?,please help can you tell me what is happening with my parcel,delivery_delayed,0.3502366984048982,negative,0.5510873046389878,Human adviser,0.35736981587730604,delivery_delayed,negative,unreviewed,,,v2.0
C0010077,2026-02-20 09:02:09,live_chat,Can you tell me what is happening with my parcel?!!! email sam25@example.com,can you tell me what is happening with my parcel email [email],delivery_delayed,0.3503089759821661,negative,0.6627868070103908,Human adviser,0.3573300632098087,delivery_delayed,negative,unreviewed,,,v2.0
C0022067,2026-04-21 18:12:57,phone_transcript,hi I am calling because I have a question about something on the site,hi i am calling because i have a question about something on the site,unclear_or_out_of_scope,0.895847817548155,neutral,0.680832379322566,Human adviser,0.35728370034851475,unclear_or_out_of_scope,neutral,unreviewed,,,v2.0
C0027144,2026-05-17 20:51:06,phone_transcript,hi I am calling cos I have a question about something on the site,hi i am calling because i have a question about something on the site,unclear_or_out_of_scope,0.895847817548155,neutral,0.680832379322566,Human adviser,0.35728370034851475,unclear_or_out_of_scope,neutral,unreviewed,,,v2.0
C0027776,2026-05-20 20:11:23,app_review,App issue: One part of my order has not moved.,app issue one part of my order has not moved,split_order_request,0.3505490059749525,negative,0.5280972440408039,Human adviser,0.35719804671377614,split_order_request,negative,unreviewed,,,v2.0
C0004401,2026-01-22 22:00:21,live_chat,hello I have a question about something on the site please My phone is 07677979001,hello i have a question about something on the site please my phone is [phone],unclear_or_out_of_scope,0.896119403505822,neutral,0.6564282728471981,Human adviser,0.3571343280717979,unclear_or_out_of_scope,neutral,unreviewed,,,v2.0
C0028664,2026-05-25 06:57:32,phone_transcript,hi I am calling because One part of my order has not moved thanks,hi i am calling because one part of my order has not moved thanks,split_order_request,0.3508151467801745,negative,0.6124191233642922,Human adviser,0.35705166927090404,split_order_request,negative,unreviewed,,,v2.0
C0006360,2026-02-02 04:59:10,email,"Hi support, Can someone contact me?.",hi support can someone contact me,unclear_or_out_of_scope,0.896525400750005,neutral,0.7953959456208339,Human adviser,0.35691102958749726,unclear_or_out_of_scope,neutral,unreviewed,,,v2.0
C0029641,2026-05-30 05:31:54,email,"Hi support, Can someone contact me?",hi support can someone contact me,unclear_or_out_of_scope,0.896525400750005,neutral,0.7953959456208339,Human adviser,0.35691102958749726,unclear_or_out_of_scope,neutral,unreviewed,,,v2.0
C0018913,2026-04-05 09:48:05,app_review,App issue: My meds order has not arrived yet.,app issue my medicine order has not arrived yet,delivery_tracking,0.3510933592652568,negative,0.4057537555500811,Human adviser,0.35689865240410884,delivery_tracking,negative,unreviewed,,,v2.0
C0024934,2026-05-06 08:15:47,phone_transcript,hello um Can you tell me what is happening with my parcel?!!!,hello um can you tell me what is happening with my parcel,delivery_delayed,0.3511436174814112,negative,0.6174010532405917,Human adviser,0.35687101038522384,delivery_delayed,negative,unreviewed,,,v2.0
C0020017,2026-04-11 03:31:11,phone_transcript,hello um Can you tell me what is happening with my parcel?,hello um can you tell me what is happening with my parcel,delivery_delayed,0.3511436174814112,negative,0.6174010532405917,Human adviser,0.35687101038522384,delivery_delayed,negative,unreviewed,,,v2.0
C0028547,2026-05-24 16:40:44,phone_transcript,hello um Can you tell me what is happening with my parcel?,hello um can you tell me what is happening with my parcel,delivery_delayed,0.3511436174814112,negative,0.6174010532405917,Human adviser,0.35687101038522384,delivery_delayed,negative,unreviewed,,,v2.0
C0026859,2026-05-16 10:18:52,phone_transcript,hello um Can you tell me what is happening with my parcel?!!!,hello um can you tell me what is happening with my parcel,delivery_delayed,0.3511436174814112,negative,0.6174010532405917,Human adviser,0.35687101038522384,delivery_delayed,negative,unreviewed,,,v2.0
C0007500,2026-02-07 16:51:32,phone_transcript,hello um Can you tell me what is happening with my parcel?,hello um can you tell me what is happening with my parcel,delivery_delayed,0.3511436174814112,negative,0.6174010532405917,Human adviser,0.35687101038522384,delivery_delayed,negative,unreviewed,,,v2.0
C0010073,2026-02-20 08:49:18,phone_transcript,hello um Can you tell me what is happening with my parcel?.,hello um can you tell me what is happening with my parcel,delivery_delayed,0.3511436174814112,negative,0.6174010532405917,Human adviser,0.35687101038522384,delivery_delayed,negative,unreviewed,,,v2.0
C0010367,2026-02-21 17:58:11,phone_transcript,hello um Can you tell me what is happening with my parcel?.,hello um can you tell me what is happening with my parcel,delivery_delayed,0.3511436174814112,negative,0.6174010532405917,Human adviser,0.35687101038522384,delivery_delayed,negative,unreviewed,,,v2.0
C0012304,2026-03-03 11:04:48,app_review,Not happy. I have a question about something on the site please,not happy i have a question about something on the site please,unclear_or_out_of_scope,0.8968164123586663,neutral,0.729923548678811,Human adviser,0.3567509732027335,unclear_or_out_of_scope,neutral,unreviewed,,,v2.0
C0008006,2026-02-10 08:08:59,live_chat,hi - I have a question about something on the site!!!,hi - i have a question about something on the site,unclear_or_out_of_scope,0.8968194042660991,neutral,0.6157046419464393,Human adviser,0.35674932765364553,unclear_or_out_of_scope,neutral,unreviewed,,,v2.0
C0011915,2026-03-01 09:36:16,live_chat,hi - I have a question about something on the site.,hi - i have a question about something on the site,unclear_or_out_of_scope,0.8968194042660991,neutral,0.6157046419464393,Human adviser,0.35674932765364553,unclear_or_out_of_scope,neutral,unreviewed,,,v2.0
C0002365,2026-01-12 19:42:12,phone_transcript,"please can you help, Can you tell me what is happening with my parcel?",please can you help can you tell me what is happening with my parcel,delivery_delayed,0.3515875415244748,negative,0.5668024147482381,Human adviser,0.3566268521615389,delivery_delayed,negative,unreviewed,,,v2.0
C0004810,2026-01-24 23:56:59,phone_transcript,"pls can you help, Can you tell me what is happening with my parcel?.",please can you help can you tell me what is happening with my parcel,delivery_delayed,0.3515875415244748,negative,0.5668024147482381,Human adviser,0.3566268521615389,delivery_delayed,negative,unreviewed,,,v2.0
C0014556,2026-03-14 07:49:18,phone_transcript,"please can you help, Can you tell me what is happening with my parcel?.",please can you help can you tell me what is happening with my parcel,delivery_delayed,0.3515875415244748,negative,0.5668024147482381,Human adviser,0.3566268521615389,delivery_delayed,negative,unreviewed,,,v2.0
C0015241,2026-03-17 19:46:17,phone_transcript,"please can you help, Can you tell me what is happening with my parcel?!!!",please can you help can you tell me what is happening with my parcel,delivery_delayed,0.3515875415244748,negative,0.5668024147482381,Human adviser,0.3566268521615389,delivery_delayed,negative,unreviewed,,,v2.0
C0009615,2026-02-17 23:43:07,phone_transcript,"please can you help, Can you tell me what is happening with my parcel?!!!",please can you help can you tell me what is happening with my parcel,delivery_delayed,0.3515875415244748,negative,0.5668024147482381,Human adviser,0.3566268521615389,delivery_delayed,negative,unreviewed,,,v2.0
C0014459,2026-03-13 20:39:22,phone_transcript,right so I have a question about something on the site please email pat29@example.com,right so i have a question about something on the site please email [email],unclear_or_out_of_scope,0.897101371433632,neutral,0.6816654150453146,Human adviser,0.3565942457115024,unclear_or_out_of_scope,neutral,unreviewed,,,v2.0
C0027055,2026-05-17 07:44:28,phone_transcript,"please can you help, Can someone contact me?!!!",please can you help can someone contact me,unclear_or_out_of_scope,0.8971780614941366,neutral,0.7362751078740745,Human adviser,0.3565520661782249,unclear_or_out_of_scope,neutral,unreviewed,,,v2.0
C0008371,2026-02-12 00:38:09,phone_transcript,"please can you help, Can someone contact me?.",please can you help can someone contact me,unclear_or_out_of_scope,0.8971780614941366,neutral,0.7362751078740745,Human adviser,0.3565520661782249,unclear_or_out_of_scope,neutral,unreviewed,,,v2.0
C0010166,2026-02-20 18:40:34,phone_transcript,"please can you help, Can someone contact me?.",please can you help can someone contact me,unclear_or_out_of_scope,0.8971780614941366,neutral,0.7362751078740745,Human adviser,0.3565520661782249,unclear_or_out_of_scope,neutral,unreviewed,,,v2.0
C0007765,2026-02-09 03:35:50,phone_transcript,hello um One part of my order has not moved,hello um one part of my order has not moved,clinical_review_delay,0.3523402200937655,negative,0.6633215106440644,Human adviser,0.356212878948429,clinical_review_delay,negative,unreviewed,,,v2.0
C0023661,2026-04-29 20:19:14,email,Please help. I have a question about something on the site thanks My phone is 07960136276,please help i have a question about something on the site thanks my phone is [phone],unclear_or_out_of_scope,0.8979728808790323,neutral,0.6209865977559305,Human adviser,0.35611491551653224,unclear_or_out_of_scope,neutral,unreviewed,,,v2.0
C0022545,2026-04-24 04:32:29,app_review,Please fix this: I have a question about something on the site please,please fix this i have a question about something on the site please,unclear_or_out_of_scope,0.8981635586636803,neutral,0.7124062014379028,Human adviser,0.35601004273497583,unclear_or_out_of_scope,neutral,unreviewed,,,v2.0
C0020929,2026-04-15 18:52:57,app_review,pls fix this: I have a question about something on the site please,please fix this i have a question about something on the site please,unclear_or_out_of_scope,0.8981635586636803,neutral,0.7124062014379028,Human adviser,0.35601004273497583,unclear_or_out_of_scope,neutral,unreviewed,,,v2.0
C0027983,2026-05-21 19:59:38,phone_transcript,"please can you help, Can you tell me what is happening with my parcel?!!! My phone is 07517126232",please can you help can you tell me what is happening with my parcel my phone is [phone],delivery_delayed,0.352743123641156,negative,0.4768913593054582,Human adviser,0.35599128199736424,delivery_delayed,negative,unreviewed,,,v2.0
C0002043,2026-01-11 07:06:27,live_chat,hi - Can you check the pharmacy processing step? asap,hi - can you check the pharmacy processing step as soon as possible,split_order_request,0.3529773484019946,negative,0.6120944146143625,Human adviser,0.355862458378903,split_order_request,negative,unreviewed,,,v2.0
C0017605,2026-03-29 16:31:06,social,Please respond: I have a question about something on the site,please respond i have a question about something on the site,unclear_or_out_of_scope,0.8987644470063243,neutral,0.6942806961872618,Human adviser,0.35567955414652164,unclear_or_out_of_scope,neutral,unreviewed,,,v2.0
C0008042,2026-02-10 13:29:34,live_chat,hi - Please help with my issue.,hi - please help with my issue,unclear_or_out_of_scope,0.8991458575015802,neutral,0.7258968726954971,Human adviser,0.3554697783741309,unclear_or_out_of_scope,neutral,unreviewed,,,v2.0
C0011278,2026-02-26 05:56:12,phone_transcript,"please can you help, The delivery status has not changed please My phone is 07840691644",please can you help the delivery status has not changed please my phone is [phone],delivery_delayed,0.3539505298003504,negative,0.6181022552796414,Human adviser,0.35532720860980727,delivery_delayed,negative,unreviewed,,,v2.0
C0021788,2026-04-20 09:34:09,email,"Hi support, Can someone contact me? please",hi support can someone contact me please,unclear_or_out_of_scope,0.899421396299723,neutral,0.7872800817062228,Human adviser,0.3553182320351524,unclear_or_out_of_scope,neutral,unreviewed,,,v2.0
C0006740,2026-02-04 02:47:22,phone_transcript,"please can you help, Please help with my issue!!!",please can you help please help with my issue,unclear_or_out_of_scope,0.8994468813801813,neutral,0.7744589889922711,Human adviser,0.3553042152409003,unclear_or_out_of_scope,neutral,unreviewed,,,v2.0
C0024212,2026-05-02 16:27:58,phone_transcript,"please can you help, Please help with my issue.",please can you help please help with my issue,unclear_or_out_of_scope,0.8994468813801813,neutral,0.7744589889922711,Human adviser,0.3553042152409003,unclear_or_out_of_scope,neutral,unreviewed,,,v2.0
C0001334,2026-01-07 17:08:57,email,Please help. Can you check the pharmacy processing step? asap,please help can you check the pharmacy processing step as soon as possible,split_order_request,0.3539938763766923,negative,0.6214414102978718,Human adviser,0.35530336799281925,split_order_request,negative,unreviewed,,,v2.0
C0017770,2026-03-30 12:57:08,email,Please help. Can you check the pharmacy processing step? asap,please help can you check the pharmacy processing step as soon as possible,split_order_request,0.3539938763766923,negative,0.6214414102978718,Human adviser,0.35530336799281925,split_order_request,negative,unreviewed,,,v2.0
C0002693,2026-01-14 10:00:56,email,pls help. Can you check the pharmacy processing step? asap,please help can you check the pharmacy processing step as soon as possible,split_order_request,0.3539938763766923,negative,0.6214414102978718,Human adviser,0.35530336799281925,split_order_request,negative,unreviewed,,,v2.0
C0017472,2026-03-29 01:28:03,app_review,There is a problem with my prescrption request!!!,there is a problem with my prescription request,prescription_not_received,0.3540638823019392,neutral,0.4250135891380514,Human adviser,0.3552648647339335,prescription_not_received,neutral,unreviewed,,,v2.0
C0021525,2026-04-18 22:29:25,app_review,There is a problem with my prescription request.,there is a problem with my prescription request,prescription_not_received,0.3540638823019392,neutral,0.4250135891380514,Human adviser,0.3552648647339335,prescription_not_received,neutral,unreviewed,,,v2.0
C0027276,2026-05-18 12:05:48,phone_transcript,hello um The app keeps freezing after I updated it and I cannot reach my prescriptions asap,hello um the app keeps freezing after i updated it and i cannot reach my prescriptions as soon as possible,unclear_or_out_of_scope,0.9003026262923741,neutral,0.5018770314925085,Human adviser,0.3548335555391942,unclear_or_out_of_scope,neutral,unreviewed,,,v2.0
C0024838,2026-05-05 20:57:02,phone_transcript,hello um My repeat meds request does not look right!!!,hello um my repeat medicine request does not look right,repeat_prescription_request,0.3548562893764188,neutral,0.5637637856971952,Human adviser,0.3548290408429697,repeat_prescription_request,neutral,unreviewed,,,v2.0
C0028102,2026-05-22 12:03:05,phone_transcript,hello um The app keeps freezing after I updated it and I cannot reach my prescriptions order no P2U-160024,hello um the app keeps freezing after i updated it and i cannot reach my prescriptions [order_ref],unclear_or_out_of_scope,0.900567926817851,neutral,0.5182422280471192,Human adviser,0.35468764025018196,unclear_or_out_of_scope,neutral,unreviewed,,,v2.0
C0016523,2026-03-24 07:20:13,email,pls help. Please help with my issue,please help please help with my issue,unclear_or_out_of_scope,0.900648887439575,neutral,0.7637013723883737,Human adviser,0.3546431119082337,unclear_or_out_of_scope,neutral,unreviewed,,,v2.0
C0003206,2026-01-16 18:21:43,email,Please help. Please help with my issue!!!,please help please help with my issue,unclear_or_out_of_scope,0.900648887439575,neutral,0.7637013723883737,Human adviser,0.3546431119082337,unclear_or_out_of_scope,neutral,unreviewed,,,v2.0
C0022848,2026-04-25 15:11:27,email,pls help. Please help with my issue.,please help please help with my issue,unclear_or_out_of_scope,0.900648887439575,neutral,0.7637013723883737,Human adviser,0.3546431119082337,unclear_or_out_of_scope,neutral,unreviewed,,,v2.0
C0022992,2026-04-26 10:21:35,app_review,Please fix this: Can you check the pharmacy processing step?,please fix this can you check the pharmacy processing step,split_order_request,0.3553752227013517,negative,0.6217186620545172,Human adviser,0.3545436275142566,split_order_request,negative,unreviewed,,,v2.0
C0013358,2026-03-08 22:20:20,live_chat,hello My repeat meds request does not look right.,hello my repeat medicine request does not look right,repeat_prescription_request,0.3556307408764166,neutral,0.5179300616755819,Human adviser,0.3544030925179709,repeat_prescription_request,neutral,unreviewed,,,v2.0
C0004776,2026-01-24 20:14:04,live_chat,hello My repeat medicine request does not look right,hello my repeat medicine request does not look right,repeat_prescription_request,0.3556307408764166,neutral,0.5179300616755819,Human adviser,0.3544030925179709,repeat_prescription_request,neutral,unreviewed,,,v2.0
C0028920,2026-05-26 16:00:05,email,"Hello, My repeat meds request does not look right.",hello my repeat medicine request does not look right,repeat_prescription_request,0.3556307408764166,neutral,0.5179300616755819,Human adviser,0.3544030925179709,repeat_prescription_request,neutral,unreviewed,,,v2.0
C0021480,2026-04-18 15:41:10,live_chat,hello My repeat medicine request does not look right.,hello my repeat medicine request does not look right,repeat_prescription_request,0.3556307408764166,neutral,0.5179300616755819,Human adviser,0.3544030925179709,repeat_prescription_request,neutral,unreviewed,,,v2.0
C0022977,2026-04-26 07:36:43,live_chat,hi - Can someone contact me? please,hi - can someone contact me please,unclear_or_out_of_scope,0.9011086046880644,neutral,0.8038565399541592,Human adviser,0.35439026742156454,unclear_or_out_of_scope,neutral,unreviewed,,,v2.0
C0012556,2026-03-04 20:09:14,email,"Hi support, pls help with my issue!!!",hi support please help with my issue,unclear_or_out_of_scope,0.901578404775899,neutral,0.7389046751373796,Human adviser,0.3541318773732555,unclear_or_out_of_scope,neutral,unreviewed,,,v2.0
C0023547,2026-04-29 05:06:03,phone_transcript,right so Can you check the pharmacy processing step? asap,right so can you check the pharmacy processing step as soon as possible,split_order_request,0.3561817542235568,negative,0.6417724730112191,Human adviser,0.3541000351770438,split_order_request,negative,unreviewed,,,v2.0
C0016951,2026-03-26 12:49:20,live_chat,hello Can someone contact me? thanks,hello can someone contact me thanks,unclear_or_out_of_scope,0.9019206776165946,neutral,0.7003213061469791,Human adviser,0.353943627310873,unclear_or_out_of_scope,neutral,unreviewed,,,v2.0
C0000676,2026-01-04 07:19:37,live_chat,hello Can someone contact me? thanks,hello can someone contact me thanks,unclear_or_out_of_scope,0.9019206776165946,neutral,0.7003213061469791,Human adviser,0.353943627310873,unclear_or_out_of_scope,neutral,unreviewed,,,v2.0
C0012218,2026-03-03 02:12:46,social,pls respond: I have a question about something on the site please,please respond i have a question about something on the site please,unclear_or_out_of_scope,0.9019380059869304,neutral,0.6749371440881794,Human adviser,0.3539340967071883,unclear_or_out_of_scope,neutral,unreviewed,,,v2.0
C0010366,2026-02-21 17:46:02,email,"Hi support, Can you tell me what is happening with my parcel? pls",hi support can you tell me what is happening with my parcel please,delivery_delayed,0.3568020492949854,negative,0.5400515769560595,Human adviser,0.3537588728877581,delivery_delayed,negative,unreviewed,,,v2.0
C0023917,2026-05-01 06:26:47,live_chat,pls help: Can you check what happened to my request?. email jo70@example.com DOB 26/12/2000,please help can you check what happened to my request email [email] dob [dob],early_repeat_request,0.3571930330556617,neutral,0.4353344032980459,Human adviser,0.35354383181938615,early_repeat_request,neutral,unreviewed,,,v2.0
C0000647,2026-01-04 04:43:26,phone_transcript,right so Can someone contact me?.,right so can someone contact me,unclear_or_out_of_scope,0.9026889150116596,neutral,0.7163760240624949,Human adviser,0.3535210967435872,unclear_or_out_of_scope,neutral,unreviewed,,,v2.0
C0015136,2026-03-17 07:23:20,email,"Hello, My repeat medicine request does not look right asap",hello my repeat medicine request does not look right as soon as possible,prescription_not_received,0.3572774757694686,neutral,0.537389768421524,Human adviser,0.35349738832679234,prescription_not_received,neutral,unreviewed,,,v2.0
C0018240,2026-04-01 21:13:38,phone_transcript,hello um Can someone contact me?!!!,hello um can someone contact me,unclear_or_out_of_scope,0.9031443709948817,neutral,0.7044863746987878,Human adviser,0.35327059595281507,unclear_or_out_of_scope,neutral,unreviewed,,,v2.0
C0013071,2026-03-07 11:44:27,phone_transcript,hello um Can someone contact me?,hello um can someone contact me,unclear_or_out_of_scope,0.9031443709948817,neutral,0.7044863746987878,Human adviser,0.35327059595281507,unclear_or_out_of_scope,neutral,unreviewed,,,v2.0
C0027911,2026-05-21 11:19:53,phone_transcript,hello um Can someone contact me?.,hello um can someone contact me,unclear_or_out_of_scope,0.9031443709948817,neutral,0.7044863746987878,Human adviser,0.35327059595281507,unclear_or_out_of_scope,neutral,unreviewed,,,v2.0
C0019828,2026-04-10 06:23:28,live_chat,hello I have a question about something on the site asap,hello i have a question about something on the site as soon as possible,unclear_or_out_of_scope,0.9039052646053212,neutral,0.7096135484431987,Human adviser,0.3528521044670734,unclear_or_out_of_scope,neutral,unreviewed,,,v2.0
C0010046,2026-02-20 05:01:22,live_chat,hello I have a question about something on the site asap,hello i have a question about something on the site as soon as possible,unclear_or_out_of_scope,0.9039052646053212,neutral,0.7096135484431987,Human adviser,0.3528521044670734,unclear_or_out_of_scope,neutral,unreviewed,,,v2.0
C0004134,2026-01-21 10:53:58,phone_transcript,"please can you help, There is a problem with my prescription request",please can you help there is a problem with my prescription request,prescription_not_received,0.3585713528409677,neutral,0.4622509441110883,Human adviser,0.35278575593746775,prescription_not_received,neutral,unreviewed,,,v2.0
C0016869,2026-03-26 00:50:20,phone_transcript,"please can you help, There is a problem with my prescription request!!!",please can you help there is a problem with my prescription request,prescription_not_received,0.3585713528409677,neutral,0.4622509441110883,Human adviser,0.35278575593746775,prescription_not_received,neutral,unreviewed,,,v2.0
C0000897,2026-01-05 10:34:25,phone_transcript,"please can you help, There is a problem with my prescrption request",please can you help there is a problem with my prescription request,prescription_not_received,0.3585713528409677,neutral,0.4622509441110883,Human adviser,0.35278575593746775,prescription_not_received,neutral,unreviewed,,,v2.0
C0017628,2026-03-29 18:36:56,phone_transcript,hi I am calling because I have a question about something on the site please,hi i am calling because i have a question about something on the site please,unclear_or_out_of_scope,0.904074392984572,neutral,0.6627843350494921,Human adviser,0.35275908385848537,unclear_or_out_of_scope,neutral,unreviewed,,,v2.0
C0015965,2026-03-21 11:11:45,live_chat,hello Can you tell me what is happening with my parcel? asap,hello can you tell me what is happening with my parcel as soon as possible,delivery_delayed,0.3586297054131696,negative,0.5875179561272299,Human adviser,0.3527536620227568,delivery_delayed,negative,unreviewed,,,v2.0
C0024961,2026-05-06 10:48:52,phone_transcript,"please can you help, Can you check the pharmacy processing step? thanks My phone is 07460652602",please can you help can you check the pharmacy processing step thanks my phone is [phone],clinical_review_delay,0.3590179706713948,negative,0.644176002142491,Human adviser,0.35254011613073294,clinical_review_delay,negative,unreviewed,,,v2.0
C0026231,2026-05-13 06:02:32,email,"Hello, Can someone contact me?!!!",hello can someone contact me,unclear_or_out_of_scope,0.9051835007112145,neutral,0.7364180953596645,Human adviser,0.35214907460883205,unclear_or_out_of_scope,neutral,unreviewed,,,v2.0
C0021677,2026-04-19 18:10:28,live_chat,hello Can someone contact me?.,hello can someone contact me,unclear_or_out_of_scope,0.9051835007112145,neutral,0.7364180953596645,Human adviser,0.35214907460883205,unclear_or_out_of_scope,neutral,unreviewed,,,v2.0
C0019153,2026-04-06 16:31:02,live_chat,hello Can someone contact me?!!!,hello can someone contact me,unclear_or_out_of_scope,0.9051835007112145,neutral,0.7364180953596645,Human adviser,0.35214907460883205,unclear_or_out_of_scope,neutral,unreviewed,,,v2.0
C0012959,2026-03-06 22:35:04,email,"Hello, Can someone contact me?.",hello can someone contact me,unclear_or_out_of_scope,0.9051835007112145,neutral,0.7364180953596645,Human adviser,0.35214907460883205,unclear_or_out_of_scope,neutral,unreviewed,,,v2.0
C0015604,2026-03-19 17:00:33,phone_transcript,hello um My repeat medicine request does not look right please,hello um my repeat medicine request does not look right please,repeat_prescription_request,0.3598042342829141,neutral,0.6273769303655482,Human adviser,0.3521076711443973,repeat_prescription_request,neutral,unreviewed,,,v2.0
C0025320,2026-05-08 11:45:56,email,"Hello, One part of my order has not moved",hello one part of my order has not moved,medicine_unavailable,0.3598643770256874,negative,0.6453078288492567,Human adviser,0.35207459263587193,medicine_unavailable,negative,unreviewed,,,v2.0
C0000526,2026-01-03 14:34:39,live_chat,hello One part of my order has not moved,hello one part of my order has not moved,medicine_unavailable,0.3598643770256874,negative,0.6453078288492567,Human adviser,0.35207459263587193,medicine_unavailable,negative,unreviewed,,,v2.0
C0004194,2026-01-21 18:26:29,live_chat,hello Can you tell me what is happening with my parcel?,hello can you tell me what is happening with my parcel,delivery_delayed,0.3599419232712081,negative,0.5942569560164717,Human adviser,0.35203194220083556,delivery_delayed,negative,unreviewed,,,v2.0
C0019091,2026-04-06 09:04:26,email,"Hello, Can you tell me what is happening with my parcel?.",hello can you tell me what is happening with my parcel,delivery_delayed,0.3599419232712081,negative,0.5942569560164717,Human adviser,0.35203194220083556,delivery_delayed,negative,unreviewed,,,v2.0
C0026195,2026-05-13 01:07:38,live_chat,hello Can you tell me what is happening with my parcel?.,hello can you tell me what is happening with my parcel,delivery_delayed,0.3599419232712081,negative,0.5942569560164717,Human adviser,0.35203194220083556,delivery_delayed,negative,unreviewed,,,v2.0
C0028807,2026-05-26 01:02:53,live_chat,pls help: The app keeps freezing after I updated it and I cannot reach my prescriptions thanks,please help the app keeps freezing after i updated it and i cannot reach my prescriptions thanks,unclear_or_out_of_scope,0.9058693078360424,negative,0.5254472409509153,Human adviser,0.3517718806901767,unclear_or_out_of_scope,negative,unreviewed,,,v2.0
C0020594,2026-04-14 04:23:03,app_review,Not happy. My medicine order has not arrived yet please,not happy my medicine order has not arrived yet please,delivery_delayed,0.3604270114332258,negative,0.508293019041565,Human adviser,0.35176514371172585,delivery_delayed,negative,unreviewed,,,v2.0
C0006403,2026-02-02 09:50:08,phone_transcript,hello um Can someone contact me? pls,hello um can someone contact me please,unclear_or_out_of_scope,0.9059761465895914,neutral,0.704682999998224,Human adviser,0.35171311937572475,unclear_or_out_of_scope,neutral,unreviewed,,,v2.0
C0006694,2026-02-03 23:04:23,email,"Hi support, There is a problem with my prescrption request thanks",hi support there is a problem with my prescription request thanks,early_repeat_request,0.3616834074440433,neutral,0.4562053668655834,Human adviser,0.3510741259057762,early_repeat_request,neutral,unreviewed,,,v2.0
C0028122,2026-05-22 14:25:01,app_review,App issue: I have a question about something on the site.,app issue i have a question about something on the site,unclear_or_out_of_scope,0.9072194776574256,neutral,0.7897479839344551,Human adviser,0.3510292872884159,unclear_or_out_of_scope,neutral,unreviewed,,,v2.0
C0015538,2026-03-19 10:00:28,live_chat,hi - Can you check the pharmacy processing step? please,hi - can you check the pharmacy processing step please,split_order_request,0.3619935013688193,negative,0.581085622666286,Human adviser,0.3509035742471494,split_order_request,negative,unreviewed,,,v2.0
C0021927,2026-04-21 01:50:58,email,"Hi support, Can you check the pharmacy processing step? asap",hi support can you check the pharmacy processing step as soon as possible,split_order_request,0.3621344350383764,negative,0.6020609463612555,Human adviser,0.350826060728893,split_order_request,negative,unreviewed,,,v2.0
C0024442,2026-05-03 19:17:53,email,"Hello, There is a problem with my prescription request thanks",hello there is a problem with my prescription request thanks,early_repeat_request,0.3622270919759793,neutral,0.461408221275849,Human adviser,0.3507750994132114,early_repeat_request,neutral,unreviewed,,,v2.0
C0027133,2026-05-17 19:51:48,phone_transcript,hello um The app keeps freezing after I updated it and I cannot reach my prescriptions thanks,hello um the app keeps freezing after i updated it and i cannot reach my prescriptions thanks,unclear_or_out_of_scope,0.907846206847916,negative,0.5085157189900054,Human adviser,0.35068458623364623,unclear_or_out_of_scope,negative,unreviewed,,,v2.0
C0002100,2026-01-11 13:04:05,phone_transcript,right so Please help with my issue!!!,right so please help with my issue,unclear_or_out_of_scope,0.9081504106484743,neutral,0.7615700967897292,Human adviser,0.3505172741433391,unclear_or_out_of_scope,neutral,unreviewed,,,v2.0
C0012330,2026-03-03 13:36:39,phone_transcript,right so pls help with my issue!!!,right so please help with my issue,unclear_or_out_of_scope,0.9081504106484743,neutral,0.7615700967897292,Human adviser,0.3505172741433391,unclear_or_out_of_scope,neutral,unreviewed,,,v2.0
C0008802,2026-02-14 05:08:15,phone_transcript,right so Please help with my issue!!!,right so please help with my issue,unclear_or_out_of_scope,0.9081504106484743,neutral,0.7615700967897292,Human adviser,0.3505172741433391,unclear_or_out_of_scope,neutral,unreviewed,,,v2.0
C0000697,2026-01-04 10:26:48,phone_transcript,right so pls help with my issue!!!,right so please help with my issue,unclear_or_out_of_scope,0.9081504106484743,neutral,0.7615700967897292,Human adviser,0.3505172741433391,unclear_or_out_of_scope,neutral,unreviewed,,,v2.0
C0000983,2026-01-05 22:40:14,phone_transcript,right so Please help with my issue.,right so please help with my issue,unclear_or_out_of_scope,0.9081504106484743,neutral,0.7615700967897292,Human adviser,0.3505172741433391,unclear_or_out_of_scope,neutral,unreviewed,,,v2.0
C0024620,2026-05-04 17:28:28,phone_transcript,right so I have a question about something on the site,right so i have a question about something on the site,unclear_or_out_of_scope,0.9086185850404532,neutral,0.753840676832645,Human adviser,0.35025977822775073,unclear_or_out_of_scope,neutral,unreviewed,,,v2.0
C0016614,2026-03-24 16:55:07,phone_transcript,right so I have a question about something on the site.,right so i have a question about something on the site,unclear_or_out_of_scope,0.9086185850404532,neutral,0.753840676832645,Human adviser,0.35025977822775073,unclear_or_out_of_scope,neutral,unreviewed,,,v2.0
C0016682,2026-03-25 00:27:25,social,Can someone help? Can you check the pharmacy processing step? asap,can someone help can you check the pharmacy processing step as soon as possible,split_order_request,0.3633427210274377,negative,0.5533237208556483,Human adviser,0.3501615034349093,split_order_request,negative,unreviewed,,,v2.0
C0017811,2026-03-30 17:42:30,live_chat,hi - My repeat meds request does not look right asap,hi - my repeat medicine request does not look right as soon as possible,prescription_not_received,0.3643663339793405,neutral,0.4774250029532284,Human adviser,0.34959851631136274,prescription_not_received,neutral,unreviewed,,,v2.0
C0021246,2026-04-17 08:14:34,phone_transcript,hi I am calling because My medicine order has not arrived yet!!! email alex56@example.com,hi i am calling because my medicine order has not arrived yet email [email],delivery_delayed,0.3644052960171668,negative,0.628796246839394,Human adviser,0.34957708719055824,delivery_delayed,negative,unreviewed,,,v2.0
C0006630,2026-02-03 13:38:01,phone_transcript,hello um My meds order has not arrived yet!!! My phone is 07302018525,hello um my medicine order has not arrived yet my phone is [phone],delivery_delayed,0.364691230929998,negative,0.5688013639629603,Human adviser,0.3494198229885011,delivery_delayed,negative,unreviewed,,,v2.0
C0009383,2026-02-16 21:47:31,phone_transcript,hi I am calling because My medicine order has not arrived yet My phone is 07719903718,hi i am calling because my medicine order has not arrived yet my phone is [phone],delivery_delayed,0.364742224948277,negative,0.5985887542310698,Human adviser,0.3493917762784477,delivery_delayed,negative,unreviewed,,,v2.0
C0000907,2026-01-05 11:42:27,live_chat,hello I have a question about something on the site.,hello i have a question about something on the site,unclear_or_out_of_scope,0.9107565798476538,neutral,0.6878154144433218,Human adviser,0.3490838810837904,unclear_or_out_of_scope,neutral,unreviewed,,,v2.0
C0021595,2026-04-19 07:59:12,live_chat,hello I have a question about something on the site.,hello i have a question about something on the site,unclear_or_out_of_scope,0.9107565798476538,neutral,0.6878154144433218,Human adviser,0.3490838810837904,unclear_or_out_of_scope,neutral,unreviewed,,,v2.0
C0006652,2026-02-03 17:14:11,phone_transcript,right so Can you check the pharmacy processing step? pls DOB 05/11/2001,right so can you check the pharmacy processing step please dob [dob],medicine_unavailable,0.3653363102253307,negative,0.5797745446933238,Human adviser,0.3490650293760682,medicine_unavailable,negative,unreviewed,,,v2.0
C0013574,2026-03-09 21:53:55,email,"Dear team, Can you tell me what is happening with my parcel?!!!",dear team can you tell me what is happening with my parcel,delivery_delayed,0.3655076855047313,negative,0.5638228791953606,Human adviser,0.34897077297239787,delivery_delayed,negative,unreviewed,,,v2.0
C0000938,2026-01-05 15:55:58,email,"Dear team, Can you tell me what is happening with my parcel?.",dear team can you tell me what is happening with my parcel,delivery_delayed,0.3655076855047313,negative,0.5638228791953606,Human adviser,0.34897077297239787,delivery_delayed,negative,unreviewed,,,v2.0
C0014005,2026-03-11 20:03:30,email,"Dear team, Can you tell me what is happening with my parcel?",dear team can you tell me what is happening with my parcel,delivery_delayed,0.3655076855047313,negative,0.5638228791953606,Human adviser,0.34897077297239787,delivery_delayed,negative,unreviewed,,,v2.0
C0020860,2026-04-15 10:34:13,email,"Dear team, Can you tell me what is happening with my parcel?.",dear team can you tell me what is happening with my parcel,delivery_delayed,0.3655076855047313,negative,0.5638228791953606,Human adviser,0.34897077297239787,delivery_delayed,negative,unreviewed,,,v2.0
C0005543,2026-01-28 20:11:38,email,"Dear team, Can you tell me what is happening with my parcel?!!!",dear team can you tell me what is happening with my parcel,delivery_delayed,0.3655076855047313,negative,0.5638228791953606,Human adviser,0.34897077297239787,delivery_delayed,negative,unreviewed,,,v2.0
C0022340,2026-04-23 04:19:11,live_chat,pls help: Can someone contact me?!!!,please help can someone contact me,unclear_or_out_of_scope,0.9110270250321862,neutral,0.7961628337413643,Human adviser,0.34893513623229755,unclear_or_out_of_scope,neutral,unreviewed,,,v2.0
C0003990,2026-01-20 17:55:02,live_chat,hello Please help with my issue thanks,hello please help with my issue thanks,unclear_or_out_of_scope,0.911028581773458,neutral,0.7040575553649278,Human adviser,0.3489342800245981,unclear_or_out_of_scope,neutral,unreviewed,,,v2.0
C0017539,2026-03-29 08:21:00,live_chat,hello Please help with my issue thanks,hello please help with my issue thanks,unclear_or_out_of_scope,0.911028581773458,neutral,0.7040575553649278,Human adviser,0.3489342800245981,unclear_or_out_of_scope,neutral,unreviewed,,,v2.0
C0028969,2026-05-26 22:21:42,live_chat,pls help: I have a question about something on the site pls,please help i have a question about something on the site please,unclear_or_out_of_scope,0.9113753424171476,neutral,0.7162394034521861,Human adviser,0.34874356167056886,unclear_or_out_of_scope,neutral,unreviewed,,,v2.0
C0015450,2026-03-18 21:33:09,phone_transcript,"pls can you help, I have a question about something on the site!!!",please can you help i have a question about something on the site,unclear_or_out_of_scope,0.9114143130205652,neutral,0.744573517104866,Human adviser,0.34872212783868917,unclear_or_out_of_scope,neutral,unreviewed,,,v2.0
C0026411,2026-05-14 06:30:02,phone_transcript,"please can you help, I have a question about something on the site.",please can you help i have a question about something on the site,unclear_or_out_of_scope,0.9114143130205652,neutral,0.744573517104866,Human adviser,0.34872212783868917,unclear_or_out_of_scope,neutral,unreviewed,,,v2.0
C0007272,2026-02-06 16:27:42,phone_transcript,"pls can you help, I have a question about something on the site!!!",please can you help i have a question about something on the site,unclear_or_out_of_scope,0.9114143130205652,neutral,0.744573517104866,Human adviser,0.34872212783868917,unclear_or_out_of_scope,neutral,unreviewed,,,v2.0
C0029182,2026-05-27 20:59:44,phone_transcript,"pls can you help, One part of my order has not moved",please can you help one part of my order has not moved,split_order_request,0.3661029824863969,negative,0.5809232421298994,Human adviser,0.3486433596324818,split_order_request,negative,unreviewed,,,v2.0
C0013655,2026-03-10 06:28:45,phone_transcript,"please can you help, I have a question about something on the site please",please can you help i have a question about something on the site please,unclear_or_out_of_scope,0.9116152062824898,neutral,0.7219602822629377,Human adviser,0.34861163654463057,unclear_or_out_of_scope,neutral,unreviewed,,,v2.0
C0024258,2026-05-02 22:04:40,live_chat,pls help: I have a question about something on the site,please help i have a question about something on the site,unclear_or_out_of_scope,0.9122515417158948,neutral,0.7419775819175219,Human adviser,0.3482616520562578,unclear_or_out_of_scope,neutral,unreviewed,,,v2.0
C0012001,2026-03-01 21:11:52,email,Please help. I have a question about something on the site!!!,please help i have a question about something on the site,unclear_or_out_of_scope,0.9122515417158948,neutral,0.7419775819175219,Human adviser,0.3482616520562578,unclear_or_out_of_scope,neutral,unreviewed,,,v2.0
C0014773,2026-03-15 10:07:57,live_chat,pls help: I have a question about something on the site!!!,please help i have a question about something on the site,unclear_or_out_of_scope,0.9122515417158948,neutral,0.7419775819175219,Human adviser,0.3482616520562578,unclear_or_out_of_scope,neutral,unreviewed,,,v2.0
C0000259,2026-01-02 06:25:31,live_chat,pls help: I have a question about something on the site!!!,please help i have a question about something on the site,unclear_or_out_of_scope,0.9122515417158948,neutral,0.7419775819175219,Human adviser,0.3482616520562578,unclear_or_out_of_scope,neutral,unreviewed,,,v2.0
C0011585,2026-02-27 16:06:31,phone_transcript,hello um I have a question about something on the site.,hello um i have a question about something on the site,unclear_or_out_of_scope,0.9124390169800892,neutral,0.7843621357520028,Human adviser,0.3481585406609509,unclear_or_out_of_scope,neutral,unreviewed,,,v2.0
C0006848,2026-02-04 16:08:05,phone_transcript,hello um I have a question about something on the site!!!,hello um i have a question about something on the site,unclear_or_out_of_scope,0.9124390169800892,neutral,0.7843621357520028,Human adviser,0.3481585406609509,unclear_or_out_of_scope,neutral,unreviewed,,,v2.0
C0018315,2026-04-02 07:39:47,phone_transcript,hello um I have a question about something on the site,hello um i have a question about something on the site,unclear_or_out_of_scope,0.9124390169800892,neutral,0.7843621357520028,Human adviser,0.3481585406609509,unclear_or_out_of_scope,neutral,unreviewed,,,v2.0
C0021520,2026-04-18 21:53:15,phone_transcript,hello um I have a question about something on the site,hello um i have a question about something on the site,unclear_or_out_of_scope,0.9124390169800892,neutral,0.7843621357520028,Human adviser,0.3481585406609509,unclear_or_out_of_scope,neutral,unreviewed,,,v2.0
C0020414,2026-04-13 05:48:20,phone_transcript,hello um I have a question about something on the site!!!,hello um i have a question about something on the site,unclear_or_out_of_scope,0.9124390169800892,neutral,0.7843621357520028,Human adviser,0.3481585406609509,unclear_or_out_of_scope,neutral,unreviewed,,,v2.0
C0004489,2026-01-23 06:55:52,email,"Hello, Can someone contact me? please",hello can someone contact me please,unclear_or_out_of_scope,0.9125605551106836,neutral,0.7314172318036273,Human adviser,0.34809169468912404,unclear_or_out_of_scope,neutral,unreviewed,,,v2.0
C0023335,2026-04-28 02:33:25,email,"Dear team, Can you tell me what is happening with my parcel? asap",dear team can you tell me what is happening with my parcel as soon as possible,delivery_delayed,0.367699022330737,negative,0.5586779267280038,Human adviser,0.34776553771809465,delivery_delayed,negative,unreviewed,,,v2.0
C0028781,2026-05-25 21:22:04,email,"Dear team, Can you tell me what is happening with my parcel? asap",dear team can you tell me what is happening with my parcel as soon as possible,delivery_delayed,0.367699022330737,negative,0.5586779267280038,Human adviser,0.34776553771809465,delivery_delayed,negative,unreviewed,,,v2.0
C0006699,2026-02-03 23:12:03,phone_transcript,hello um Can you tell me what is happening with my parcel? thanks,hello um can you tell me what is happening with my parcel thanks,delivery_delayed,0.3677296953771524,negative,0.6570442604435139,Human adviser,0.3477486675425662,delivery_delayed,negative,unreviewed,,,v2.0
C0004691,2026-01-24 09:47:54,phone_transcript,hello um Can you tell me what is happening with my parcel? thanks,hello um can you tell me what is happening with my parcel thanks,delivery_delayed,0.3677296953771524,negative,0.6570442604435139,Human adviser,0.3477486675425662,delivery_delayed,negative,unreviewed,,,v2.0
C0015396,2026-03-18 15:01:54,phone_transcript,hello um Can you tell me what is happening with my parcel? thanks,hello um can you tell me what is happening with my parcel thanks,delivery_delayed,0.3677296953771524,negative,0.6570442604435139,Human adviser,0.3477486675425662,delivery_delayed,negative,unreviewed,,,v2.0
C0009974,2026-02-19 20:35:26,phone_transcript,hello um Can you tell me what is happening with my parcel? thanks,hello um can you tell me what is happening with my parcel thanks,delivery_delayed,0.3677296953771524,negative,0.6570442604435139,Human adviser,0.3477486675425662,delivery_delayed,negative,unreviewed,,,v2.0
C0000708,2026-01-04 11:42:51,phone_transcript,hello um Can you tell me what is happening with my parcel? thanks,hello um can you tell me what is happening with my parcel thanks,delivery_delayed,0.3677296953771524,negative,0.6570442604435139,Human adviser,0.3477486675425662,delivery_delayed,negative,unreviewed,,,v2.0
C0013095,2026-03-07 14:36:16,phone_transcript,hi I am calling because There is a problem with my prescrption request thanks,hi i am calling because there is a problem with my prescription request thanks,repeat_prescription_request,0.3681401191358323,neutral,0.5195089136101734,Human adviser,0.3475229344752923,repeat_prescription_request,neutral,unreviewed,,,v2.0
C0025143,2026-05-07 09:42:01,phone_transcript,right so There is a problem with my prescription request thanks,right so there is a problem with my prescription request thanks,repeat_prescription_request,0.3683337986152546,neutral,0.4158879596079708,Human adviser,0.34741641076161,repeat_prescription_request,neutral,unreviewed,,,v2.0
C0008520,2026-02-12 19:24:34,app_review,One part of my order has not moved!!!,one part of my order has not moved,split_order_request,0.3683423593704671,negative,0.5719161466555387,Human adviser,0.34741170234624313,split_order_request,negative,unreviewed,,,v2.0
C0024055,2026-05-01 22:38:29,phone_transcript,right so My repeat medicine request does not look right asap,right so my repeat medicine request does not look right as soon as possible,prescription_not_received,0.3687418422274234,neutral,0.5088147326806363,Human adviser,0.3471919867749172,prescription_not_received,neutral,unreviewed,,,v2.0
C0007261,2026-02-06 15:27:02,phone_transcript,right so My repeat medicine request does not look right asap,right so my repeat medicine request does not look right as soon as possible,prescription_not_received,0.3687418422274234,neutral,0.5088147326806363,Human adviser,0.3471919867749172,prescription_not_received,neutral,unreviewed,,,v2.0
C0012267,2026-03-03 07:06:26,phone_transcript,hi I am calling because The delivery status has not changed please,hi i am calling because the delivery status has not changed please,delivery_delayed,0.3687912864561735,negative,0.6728086623807954,Human adviser,0.3471647924491046,delivery_delayed,negative,unreviewed,,,v2.0
C0029846,2026-05-31 05:26:32,phone_transcript,right so The delivery status has not changed pls,right so the delivery status has not changed please,delivery_delayed,0.3694578892236316,negative,0.6762170727191574,Human adviser,0.34679816092700266,delivery_delayed,negative,unreviewed,,,v2.0
C0002217,2026-01-12 02:30:40,phone_transcript,right so The delivery status has not changed please,right so the delivery status has not changed please,delivery_delayed,0.3694578892236316,negative,0.6762170727191574,Human adviser,0.34679816092700266,delivery_delayed,negative,unreviewed,,,v2.0
C0018556,2026-04-03 13:18:50,email,"Hi support, I have a question about something on the site thanks",hi support i have a question about something on the site thanks,unclear_or_out_of_scope,0.9149444293013296,neutral,0.6587377596327503,Human adviser,0.3467805638842687,unclear_or_out_of_scope,neutral,unreviewed,,,v2.0
C0028918,2026-05-26 15:43:48,email,"Hi support, I have a question about something on the site please",hi support i have a question about something on the site please,unclear_or_out_of_scope,0.9149885667250802,neutral,0.7384297377920928,Human adviser,0.34675628830120586,unclear_or_out_of_scope,neutral,unreviewed,,,v2.0
C0000080,2026-01-01 10:15:44,phone_transcript,"pls can you help, Can you tell me what is happening with my parcel? thanks",please can you help can you tell me what is happening with my parcel thanks,delivery_delayed,0.3701353406172661,negative,0.6161397882361893,Human adviser,0.3464255626605037,delivery_delayed,negative,unreviewed,,,v2.0
C0004987,2026-01-25 20:25:05,phone_transcript,"please can you help, Can you tell me what is happening with my parcel? thanks",please can you help can you tell me what is happening with my parcel thanks,delivery_delayed,0.3701353406172661,negative,0.6161397882361893,Human adviser,0.3464255626605037,delivery_delayed,negative,unreviewed,,,v2.0
C0018706,2026-04-04 08:33:46,phone_transcript,"please can you help, Can you tell me what is happening with my parcel? thanks",please can you help can you tell me what is happening with my parcel thanks,delivery_delayed,0.3701353406172661,negative,0.6161397882361893,Human adviser,0.3464255626605037,delivery_delayed,negative,unreviewed,,,v2.0
C0000076,2026-01-01 09:55:39,app_review,App issue: I have a question about something on the site thanks,app issue i have a question about something on the site thanks,unclear_or_out_of_scope,0.9158628491128338,neutral,0.7018889922116723,Human adviser,0.3462754329879414,unclear_or_out_of_scope,neutral,unreviewed,,,v2.0
C0004671,2026-01-24 08:09:26,live_chat,pls help: Can you tell me what is happening with my parcel? thanks,please help can you tell me what is happening with my parcel thanks,delivery_delayed,0.3707986647559858,negative,0.604900527115782,Human adviser,0.34606073438420787,delivery_delayed,negative,unreviewed,,,v2.0
C0006572,2026-02-03 06:47:21,email,Please help. Can you tell me what is happening with my parcel? thanks,please help can you tell me what is happening with my parcel thanks,delivery_delayed,0.3707986647559858,negative,0.604900527115782,Human adviser,0.34606073438420787,delivery_delayed,negative,unreviewed,,,v2.0
C0020085,2026-04-11 12:31:15,live_chat,pls help: Can you tell me what is happening with my parcel? thanks,please help can you tell me what is happening with my parcel thanks,delivery_delayed,0.3707986647559858,negative,0.604900527115782,Human adviser,0.34606073438420787,delivery_delayed,negative,unreviewed,,,v2.0
C0007169,2026-02-06 06:38:51,phone_transcript,right so I have a question about something on the site pls,right so i have a question about something on the site please,unclear_or_out_of_scope,0.9164440390783524,neutral,0.7358464571249724,Human adviser,0.3459557785069062,unclear_or_out_of_scope,neutral,unreviewed,,,v2.0
C0000020,2026-01-01 03:05:45,phone_transcript,right so I have a question about something on the site please,right so i have a question about something on the site please,unclear_or_out_of_scope,0.9164440390783524,neutral,0.7358464571249724,Human adviser,0.3459557785069062,unclear_or_out_of_scope,neutral,unreviewed,,,v2.0
C0005705,2026-01-29 17:27:51,app_review,Not happy. My repeat medicine request does not look right asap email jo38@example.com,not happy my repeat medicine request does not look right as soon as possible email [email],early_repeat_request,0.3712245359590897,neutral,0.5446383278893624,Human adviser,0.34582650522250064,early_repeat_request,neutral,unreviewed,,,v2.0
C0025151,2026-05-07 10:38:16,email,"Hello, Please help with my issue please",hello please help with my issue please,unclear_or_out_of_scope,0.9168251395191326,neutral,0.7269786359034163,Human adviser,0.3457461732644771,unclear_or_out_of_scope,neutral,unreviewed,,,v2.0
C0001772,2026-01-09 20:39:50,email,"Hello, Please help with my issue please",hello please help with my issue please,unclear_or_out_of_scope,0.9168251395191326,neutral,0.7269786359034163,Human adviser,0.3457461732644771,unclear_or_out_of_scope,neutral,unreviewed,,,v2.0
C0023072,2026-04-26 20:11:49,email,"Hello, Please help with my issue please",hello please help with my issue please,unclear_or_out_of_scope,0.9168251395191326,neutral,0.7269786359034163,Human adviser,0.3457461732644771,unclear_or_out_of_scope,neutral,unreviewed,,,v2.0
C0003203,2026-01-16 18:04:33,live_chat,hello Please help with my issue please,hello please help with my issue please,unclear_or_out_of_scope,0.9168251395191326,neutral,0.7269786359034163,Human adviser,0.3457461732644771,unclear_or_out_of_scope,neutral,unreviewed,,,v2.0
C0022609,2026-04-24 11:08:34,phone_transcript,right so One part of my order has not moved.,right so one part of my order has not moved,split_order_request,0.3714753351614524,negative,0.5524204319709168,Human adviser,0.3456885656612012,split_order_request,negative,unreviewed,,,v2.0
C0003235,2026-01-16 22:22:43,email,"Dear team, There is a problem with my prescrption request!!!",dear team there is a problem with my prescription request,prescription_not_received,0.3719345224436642,neutral,0.399245114906643,Human adviser,0.3454360126559847,prescription_not_received,neutral,unreviewed,,,v2.0
C0020501,2026-04-13 17:41:13,email,"Dear team, There is a problem with my prescription request",dear team there is a problem with my prescription request,prescription_not_received,0.3719345224436642,neutral,0.399245114906643,Human adviser,0.3454360126559847,prescription_not_received,neutral,unreviewed,,,v2.0
C0001461,2026-01-08 07:49:05,live_chat,hello I have a question about something on the site thanks,hello i have a question about something on the site thanks,unclear_or_out_of_scope,0.918708668619251,neutral,0.56905131770979,Human adviser,0.34471023225941194,unclear_or_out_of_scope,neutral,unreviewed,,,v2.0
C0002990,2026-01-15 20:41:01,phone_transcript,hi I am calling because There is a problem with my prescrption request!!!,hi i am calling because there is a problem with my prescription request,prescription_not_received,0.3733494326927211,neutral,0.4876935863674211,Human adviser,0.3446578120190034,prescription_not_received,neutral,unreviewed,,,v2.0
C0026292,2026-05-13 12:54:26,phone_transcript,hi I am calling because There is a problem with my prescription request,hi i am calling because there is a problem with my prescription request,prescription_not_received,0.3733494326927211,neutral,0.4876935863674211,Human adviser,0.3446578120190034,prescription_not_received,neutral,unreviewed,,,v2.0
C0026925,2026-05-16 17:47:55,live_chat,hello I have a question about something on the site please,hello i have a question about something on the site please,unclear_or_out_of_scope,0.9188486483052848,neutral,0.6691858738234047,Human adviser,0.34463324343209334,unclear_or_out_of_scope,neutral,unreviewed,,,v2.0
C0027866,2026-05-21 06:44:25,app_review,Please fix this: One part of my order has not moved My phone is 07633927171,please fix this one part of my order has not moved my phone is [phone],split_order_request,0.3736166602532609,negative,0.5057996701164644,Human adviser,0.34451083686070655,split_order_request,negative,unreviewed,,,v2.0
C0023854,2026-04-30 23:10:32,phone_transcript,hello um Can you check the pharmacy processing step? please,hello um can you check the pharmacy processing step please,medicine_unavailable,0.3738044660947761,negative,0.6478031860953566,Human adviser,0.3444075436478732,medicine_unavailable,negative,unreviewed,,,v2.0
C0010133,2026-02-20 15:18:58,email,pls help. I have a question about something on the site thanks,please help i have a question about something on the site thanks,unclear_or_out_of_scope,0.9194387605413166,neutral,0.6328596241680956,Human adviser,0.3443086817022759,unclear_or_out_of_scope,neutral,unreviewed,,,v2.0
C0005081,2026-01-26 09:35:06,app_review,Please fix this: There is a problem with my prescription request.,please fix this there is a problem with my prescription request,prescription_not_received,0.374178573763248,neutral,0.4532829288132989,Human adviser,0.34420178443021365,prescription_not_received,neutral,unreviewed,,,v2.0
C0008070,2026-02-10 17:14:41,phone_transcript,"please can you help, Can you check what happened to my request? please My phone is 07353997483",please can you help can you check what happened to my request please my phone is [phone],repeat_prescription_request,0.3742215674708277,neutral,0.5528656930211037,Human adviser,0.3441781378910448,repeat_prescription_request,neutral,unreviewed,,,v2.0
C0021993,2026-04-21 09:46:45,phone_transcript,hello um I have a question about something on the site thanks,hello um i have a question about something on the site thanks,unclear_or_out_of_scope,0.919811692754221,neutral,0.6875030319483296,Human adviser,0.3441035689851784,unclear_or_out_of_scope,neutral,unreviewed,,,v2.0
C0000666,2026-01-04 06:11:00,phone_transcript,hello um pls help with my issue thanks,hello um please help with my issue thanks,unclear_or_out_of_scope,0.9199886077043886,neutral,0.6725838559626844,Human adviser,0.34400626576258625,unclear_or_out_of_scope,neutral,unreviewed,,,v2.0
C0003787,2026-01-19 18:12:48,email,"Hello, Can you check the pharmacy processing step? thanks",hello can you check the pharmacy processing step thanks,clinical_review_delay,0.3750268660411858,negative,0.6995451474095524,Human adviser,0.3437352236773479,clinical_review_delay,negative,unreviewed,,,v2.0
C0019719,2026-04-09 15:42:02,email,"Dear team, Can you check what happened to my request?!!! my name is Sam Patel",dear team can you check what happened to my request [name],early_repeat_request,0.3753809349636354,neutral,0.4368563814063173,Human adviser,0.3435404857700005,early_repeat_request,neutral,unreviewed,,,v2.0
C0028958,2026-05-26 21:20:18,phone_transcript,hello um Can you check what happened to my request?!!!,hello um can you check what happened to my request,repeat_prescription_request,0.3754018706494512,neutral,0.4865464977536263,Human adviser,0.3435289711428019,repeat_prescription_request,neutral,unreviewed,,,v2.0
C0022097,2026-04-21 22:43:19,phone_transcript,hello um Can you check what happened to my request?!!!,hello um can you check what happened to my request,repeat_prescription_request,0.3754018706494512,neutral,0.4865464977536263,Human adviser,0.3435289711428019,repeat_prescription_request,neutral,unreviewed,,,v2.0
C0022354,2026-04-23 05:32:00,social,My repeat meds request does not look right,my repeat medicine request does not look right,repeat_prescription_request,0.3755342215940618,neutral,0.4914691214546449,Human adviser,0.343456178123266,repeat_prescription_request,neutral,unreviewed,,,v2.0
C0006571,2026-02-03 06:42:21,email,"Hello, pls help with my issue",hello please help with my issue,unclear_or_out_of_scope,0.9211209873143184,neutral,0.7555142011262548,Human adviser,0.3433834569771249,unclear_or_out_of_scope,neutral,unreviewed,,,v2.0
C0024013,2026-05-01 17:47:50,email,"Hello, Please help with my issue",hello please help with my issue,unclear_or_out_of_scope,0.9211209873143184,neutral,0.7555142011262548,Human adviser,0.3433834569771249,unclear_or_out_of_scope,neutral,unreviewed,,,v2.0
C0017203,2026-03-27 16:52:18,live_chat,hello Please help with my issue.,hello please help with my issue,unclear_or_out_of_scope,0.9211209873143184,neutral,0.7555142011262548,Human adviser,0.3433834569771249,unclear_or_out_of_scope,neutral,unreviewed,,,v2.0
C0027224,2026-05-18 06:11:40,app_review,Not happy. One part of my order has not moved,not happy one part of my order has not moved,split_order_request,0.3758514727812478,negative,0.5356257000318091,Human adviser,0.3432816899703137,split_order_request,negative,unreviewed,,,v2.0
C0004584,2026-01-23 20:05:10,app_review,Not happy. One part of my order has not moved,not happy one part of my order has not moved,split_order_request,0.3758514727812478,negative,0.5356257000318091,Human adviser,0.3432816899703137,split_order_request,negative,unreviewed,,,v2.0
C0015823,2026-03-20 16:47:32,live_chat,hello Can you tell me what is happening with my parcel? thanks,hello can you tell me what is happening with my parcel thanks,delivery_delayed,0.3759306550119891,negative,0.6373011407521129,Human adviser,0.34323813974340606,delivery_delayed,negative,unreviewed,,,v2.0
C0005009,2026-01-25 23:04:21,app_review,pls fix this: Can you check what happened to my request? please email alex80@example.com,please fix this can you check what happened to my request please email [email],repeat_prescription_request,0.3760563403329836,neutral,0.4422194280173223,Human adviser,0.3431690128168591,repeat_prescription_request,neutral,unreviewed,,,v2.0
C0014557,2026-03-14 08:13:49,phone_transcript,hello um One part of my order has not moved order no P2U-338975,hello um one part of my order has not moved [order_ref],medicine_unavailable,0.3767265188813404,negative,0.6631349800196489,Human adviser,0.3428004146152628,medicine_unavailable,negative,unreviewed,,,v2.0
C0001341,2026-01-07 18:02:17,app_review,App issue: One part of my order has not moved please,app issue one part of my order has not moved please,medicine_unavailable,0.3768228523503678,negative,0.5461401666259618,Human adviser,0.3427474312072977,medicine_unavailable,negative,unreviewed,,,v2.0
C0010526,2026-02-22 11:34:03,phone_transcript,hi I am calling because My repeat medicine request does not look right!!!,hi i am calling because my repeat medicine request does not look right,repeat_prescription_request,0.3770003064801985,neutral,0.4374704899862694,Human adviser,0.34264983143589084,repeat_prescription_request,neutral,unreviewed,,,v2.0
C0015963,2026-03-21 10:59:01,email,"Dear team, My medication order is stuck during processing thanks",dear team my medication order is stuck during processing thanks,clinical_review_delay,0.3770283807101551,negative,0.7129735261016947,Human adviser,0.3426343906094147,clinical_review_delay,negative,unreviewed,,,v2.0
C0025011,2026-05-06 16:54:46,app_review,App issue: My medication order is stuck during processing,app issue my medication order is stuck during processing,clinical_review_delay,0.3771901523394527,negative,0.6883361251042553,Human adviser,0.34254541621330103,clinical_review_delay,negative,unreviewed,,,v2.0
C0011820,2026-02-28 22:44:03,app_review,Please fix this: Can you check what happened to my request? asap,please fix this can you check what happened to my request as soon as possible,repeat_prescription_request,0.3786011657509106,neutral,0.4512995619829918,Human adviser,0.3417693588369992,repeat_prescription_request,neutral,unreviewed,,,v2.0
C0003914,2026-01-20 09:15:28,live_chat,pls help: My repeat medicine request does not look right!!!,please help my repeat medicine request does not look right,repeat_prescription_request,0.3791773461749322,neutral,0.4587761572430198,Human adviser,0.34145245960378734,repeat_prescription_request,neutral,unreviewed,,,v2.0
C0008395,2026-02-12 03:47:11,email,"Hello, Can you check what happened to my request? please",hello can you check what happened to my request please,prescription_not_received,0.3802008714067813,neutral,0.4753782670125377,Human adviser,0.3408895207262703,prescription_not_received,neutral,unreviewed,,,v2.0
C0027337,2026-05-18 17:35:20,phone_transcript,hello um Please help with my issue,hello um please help with my issue,unclear_or_out_of_scope,0.9276873549284792,neutral,0.7164175297412985,Human adviser,0.3397719547893364,unclear_or_out_of_scope,neutral,unreviewed,,,v2.0
C0021953,2026-04-21 05:21:15,phone_transcript,hello um Please help with my issue,hello um please help with my issue,unclear_or_out_of_scope,0.9276873549284792,neutral,0.7164175297412985,Human adviser,0.3397719547893364,unclear_or_out_of_scope,neutral,unreviewed,,,v2.0
C0026731,2026-05-15 20:07:37,phone_transcript,hello um pls help with my issue.,hello um please help with my issue,unclear_or_out_of_scope,0.9276873549284792,neutral,0.7164175297412985,Human adviser,0.3397719547893364,unclear_or_out_of_scope,neutral,unreviewed,,,v2.0
C0009350,2026-02-16 18:02:58,app_review,Can you tell me what is happening with my parcel?,can you tell me what is happening with my parcel,delivery_delayed,0.3831082015229039,negative,0.6479082574060555,Human adviser,0.33929048916240284,delivery_delayed,negative,unreviewed,,,v2.0
C0013691,2026-03-10 09:51:21,app_review,Can you tell me what is happening with my parcel?,can you tell me what is happening with my parcel,delivery_delayed,0.3831082015229039,negative,0.6479082574060555,Human adviser,0.33929048916240284,delivery_delayed,negative,unreviewed,,,v2.0
C0002128,2026-01-11 15:33:03,live_chat,Can you tell me what is happening with my parcel? thanks My phone is 07695952588,can you tell me what is happening with my parcel thanks my phone is [phone],delivery_delayed,0.3834793694778442,negative,0.6258433099834015,Human adviser,0.3390863467871857,delivery_delayed,negative,unreviewed,,,v2.0
C0023499,2026-04-28 23:28:12,phone_transcript,"please can you help, My medication order is stuck during processing asap",please can you help my medication order is stuck during processing as soon as possible,medicine_unavailable,0.3839368109867958,negative,0.8154010537639663,Human adviser,0.33883475395726237,medicine_unavailable,negative,unreviewed,,,v2.0
C0010229,2026-02-21 01:45:25,phone_transcript,hi I am calling cos One part of my order has not moved!!! email sam64@example.com NHS number 3949041949,hi i am calling because one part of my order has not moved email [email] nhs number [nhs_number],clinical_review_delay,0.3843578205876943,negative,0.527731663020925,Human adviser,0.33860319867676814,clinical_review_delay,negative,unreviewed,,,v2.0
C0000372,2026-01-02 19:24:41,app_review,There is a problem with my prescription request thanks,there is a problem with my prescription request thanks,repeat_prescription_request,0.3847568640268674,neutral,0.4693872562807261,Human adviser,0.338383724785223,repeat_prescription_request,neutral,unreviewed,,,v2.0
C0024227,2026-05-02 19:09:44,phone_transcript,hi I am calling cos My repeat medicine request does not look right please,hi i am calling because my repeat medicine request does not look right please,repeat_prescription_request,0.3851117291571936,neutral,0.5018448685188991,Human adviser,0.33818854896354356,repeat_prescription_request,neutral,unreviewed,,,v2.0
C0004094,2026-01-21 06:21:02,phone_transcript,right so One part of my order has not moved thanks,right so one part of my order has not moved thanks,medicine_unavailable,0.3852700816376456,negative,0.6344690238249625,Human adviser,0.33810145509929496,medicine_unavailable,negative,unreviewed,,,v2.0
C0001767,2026-01-09 20:09:49,phone_transcript,right so One part of my order has not moved thanks,right so one part of my order has not moved thanks,medicine_unavailable,0.3852700816376456,negative,0.6344690238249625,Human adviser,0.33810145509929496,medicine_unavailable,negative,unreviewed,,,v2.0
C0024787,2026-05-05 13:25:55,phone_transcript,right so There is a problem with my prescription request.,right so there is a problem with my prescription request,prescription_not_received,0.3854118224872822,positive,0.3913327811991893,Human adviser,0.3380234976319948,prescription_not_received,positive,unreviewed,,,v2.0
C0023950,2026-05-01 10:04:12,phone_transcript,right so There is a problem with my prescription request!!!,right so there is a problem with my prescription request,prescription_not_received,0.3854118224872822,positive,0.3913327811991893,Human adviser,0.3380234976319948,prescription_not_received,positive,unreviewed,,,v2.0
C0021756,2026-04-20 05:28:15,social,@support The delivery status has not changed please,@support the delivery status has not changed please,delivery_delayed,0.385791595548494,negative,0.664820609533598,Human adviser,0.33781462244832827,delivery_delayed,negative,unreviewed,,,v2.0
C0010350,2026-02-21 15:54:46,app_review,App issue: My medication order is stuck during processing thanks,app issue my medication order is stuck during processing thanks,medicine_unavailable,0.3860154920971459,negative,0.685891394497446,Human adviser,0.3376914793465698,medicine_unavailable,negative,unreviewed,,,v2.0
C0004046,2026-01-21 00:36:15,app_review,App issue: My medication order is stuck during processing thanks,app issue my medication order is stuck during processing thanks,medicine_unavailable,0.3860154920971459,negative,0.685891394497446,Human adviser,0.3376914793465698,medicine_unavailable,negative,unreviewed,,,v2.0
C0006219,2026-02-01 12:43:57,app_review,App issue: Can you check the pharmacy processing step? thanks,app issue can you check the pharmacy processing step thanks,split_order_request,0.3871120885627115,negative,0.7400606405075155,Human adviser,0.3370883512905087,split_order_request,negative,unreviewed,,,v2.0
C0029681,2026-05-30 10:00:05,live_chat,pls help: My repeat medicine request does not look right please my name is Sam Patel,please help my repeat medicine request does not look right please [name],early_repeat_request,0.3881190794898457,neutral,0.4790602815979976,Human adviser,0.3365345062805849,early_repeat_request,neutral,unreviewed,,,v2.0
C0027531,2026-05-19 15:54:34,phone_transcript,hello um One part of my order has not moved thanks,hello um one part of my order has not moved thanks,medicine_unavailable,0.3896929018439395,negative,0.7234749674467809,Human adviser,0.3356689039858333,medicine_unavailable,negative,unreviewed,,,v2.0
C0027453,2026-05-19 06:23:02,phone_transcript,hello um My medication order is stuck during processing My phone is 07867980993,hello um my medication order is stuck during processing my phone is [phone],clinical_review_delay,0.3899696897085927,negative,0.665959384579918,Human adviser,0.335516670660274,clinical_review_delay,negative,unreviewed,,,v2.0
C0026520,2026-05-14 19:58:13,phone_transcript,right so Can you tell me what is happening with my parcel? asap email pat33@example.com,right so can you tell me what is happening with my parcel as soon as possible email [email],delivery_delayed,0.3902932851764231,negative,0.5275157939275874,Human adviser,0.33533869315296727,delivery_delayed,negative,unreviewed,,,v2.0
C0013718,2026-03-10 12:50:08,email,"Hello, My medication order is stuck during processing asap My phone is 07740560450",hello my medication order is stuck during processing as soon as possible my phone is [phone],medicine_unavailable,0.3905542104716631,negative,0.7346543709757877,Human adviser,0.33519518424058536,medicine_unavailable,negative,unreviewed,,,v2.0
C0023431,2026-04-28 14:40:29,phone_transcript,hello um One part of my order has not moved asap My phone is 07426158355,hello um one part of my order has not moved as soon as possible my phone is [phone],medicine_unavailable,0.3920462991390281,negative,0.6828685956279008,Human adviser,0.3343745354735346,medicine_unavailable,negative,unreviewed,,,v2.0
C0023126,2026-04-27 02:30:43,app_review,There is a problem with my prescription request pls,there is a problem with my prescription request please,prescription_not_received,0.3935991266563366,neutral,0.4337567333482029,Human adviser,0.33352048033901494,prescription_not_received,neutral,unreviewed,,,v2.0
C0018547,2026-04-03 11:56:55,app_review,Not happy. There is a problem with my prescrption request,not happy there is a problem with my prescription request,early_repeat_request,0.3939333125818287,neutral,0.5093379325077403,Human adviser,0.33333667807999423,early_repeat_request,neutral,unreviewed,,,v2.0
C0023128,2026-04-27 02:53:42,app_review,Not happy. There is a problem with my prescription request!!!,not happy there is a problem with my prescription request,early_repeat_request,0.3939333125818287,neutral,0.5093379325077403,Human adviser,0.33333667807999423,early_repeat_request,neutral,unreviewed,,,v2.0
C0015635,2026-03-19 20:36:09,email,pls help. Can you check the pharmacy processing step? please email alex52@example.com,please help can you check the pharmacy processing step please email [email],medicine_unavailable,0.3940659190530423,negative,0.5318506147366,Human adviser,0.3332637445208268,medicine_unavailable,negative,unreviewed,,,v2.0
C0027579,2026-05-19 21:05:12,live_chat,hi - I cannot update something in the app thanks from Oakfield Medical Centre,hi - i cannot update [gp_surgery],gp_declined_request,0.3949648675324718,negative,0.7369218200561026,Human adviser,0.33276932285714056,gp_declined_request,negative,unreviewed,,,v2.0
C0019041,2026-04-06 03:26:31,live_chat,Can you check the pharmacy processing step?,can you check the pharmacy processing step,split_order_request,0.395248697930102,negative,0.6671604937629065,Human adviser,0.3326132161384439,split_order_request,negative,unreviewed,,,v2.0
C0017024,2026-03-26 20:06:50,live_chat,Can you check the pharmacy processing step?!!!,can you check the pharmacy processing step,split_order_request,0.395248697930102,negative,0.6671604937629065,Human adviser,0.3326132161384439,split_order_request,negative,unreviewed,,,v2.0
C0023686,2026-04-30 00:27:39,app_review,Can you check the pharmacy processing step? thanks,can you check the pharmacy processing step thanks,clinical_review_delay,0.3954337737553217,negative,0.7377736686553463,Human adviser,0.33251142443457304,clinical_review_delay,negative,unreviewed,,,v2.0
C0017297,2026-03-28 06:00:11,email,"Hi support, Can you check what happened to my request?.",hi support can you check what happened to my request,repeat_prescription_request,0.3964619898500882,neutral,0.5763719418696438,Human adviser,0.3319459055824515,repeat_prescription_request,neutral,unreviewed,,,v2.0
C0018246,2026-04-01 22:20:36,phone_transcript,"pls can you help, Can you check what happened to my request? please",please can you help can you check what happened to my request please,repeat_prescription_request,0.3979778118547223,neutral,0.5359251152633906,Human adviser,0.3311122034799027,repeat_prescription_request,neutral,unreviewed,,,v2.0
