contact_id,predicted_sentiment,sentiment_confidence
C0023217,negative,0.9985464207647118
C0022613,negative,0.9445412858130109
C0021190,negative,0.9831960241866025
C0012735,negative,0.5910980746757979
C0001691,negative,0.9942668459161929
C0016366,negative,0.9768065516878504
C0020521,neutral,0.5586258445709168
C0003621,negative,0.9972622778134728
C0024152,negative,0.981964716114728
C0019643,negative,0.9964533943542196
C0015508,negative,0.9772415005931372
C0022824,negative,0.9882766161417395
C0015544,neutral,0.5945595588784591
C0028639,negative,0.9836273213490025
C0014829,negative,0.9951509187277392
C0018513,negative,0.9435131639519604
C0006981,neutral,0.5861700781071472
C0000708,negative,0.6570442604435139
C0026992,negative,0.9332242315373758
C0024754,neutral,0.6282658405225007
C0000440,negative,0.9922993515957624
C0003449,negative,0.9943940268160495
C0024488,negative,0.9946746877241212
C0022206,neutral,0.4422140139505738
C0000414,negative,0.9934090547520545
C0025603,neutral,0.6445226702848499
C0010545,negative,0.9898520527450787
C0023750,neutral,0.5299803677113023
C0010222,negative,0.9967671546164308
C0006216,negative,0.990668233928129
C0000353,neutral,0.7979486603484405
C0001573,negative,0.552010162812522
C0017767,negative,0.9975978979728297
C0009385,negative,0.9958688599677892
C0024648,negative,0.9978794909913695
C0015131,negative,0.9872026744518702
C0007514,neutral,0.538663785367255
C0018278,negative,0.8804394721468812
C0010909,negative,0.9876484824699497
C0027191,negative,0.9977260386732957
C0011178,negative,0.9593141076482307
C0001786,negative,0.9915700285267096
C0027438,negative,0.9790892409652348
C0020354,negative,0.980713237583835
C0008270,negative,0.9973932394367622
C0013795,neutral,0.5590567705832312
C0026842,neutral,0.5967839642323434
C0008729,negative,0.9862418858841453
C0008853,negative,0.9771592393224869
C0007681,neutral,0.541812367566184
C0011962,neutral,0.6883185406956424
C0025431,negative,0.9957430152869323
C0028239,negative,0.9582747753972598
C0014272,neutral,0.5260028806437643
C0010685,negative,0.9970872566718284
C0025510,neutral,0.5524165937555564
C0029009,negative,0.982494721106534
C0005449,negative,0.9944271988516609
C0010348,neutral,0.6592830004133358
C0004895,negative,0.5685018763300432
C0002698,negative,0.9952911368767143
C0021788,neutral,0.7872800817062228
C0015385,negative,0.9889794279642072
C0022001,negative,0.9904820536390428
C0002525,negative,0.9883680944816775
C0012203,neutral,0.4744934123429174
C0002079,negative,0.9757169831376654
C0029939,negative,0.9903631122053892
C0017981,negative,0.995482834706828
C0000739,negative,0.9819586496105995
C0004163,neutral,0.6466273136081037
C0025029,neutral,0.5989282918652531
C0016000,negative,0.9924514733692194
C0027604,negative,0.9969955988474765
C0023335,negative,0.5586779267280038
C0023599,neutral,0.6147828441117934
C0007785,neutral,0.5346839338559328
C0005798,negative,0.9967090456399331
C0003990,neutral,0.7040575553649278
C0021955,negative,0.9859580658099735
C0015345,negative,0.9777996861727982
C0021411,negative,0.9849505541801855
C0002387,neutral,0.6569386600358232
C0006724,negative,0.6856875101218509
C0019536,negative,0.9932701128944809
C0027862,neutral,0.6500927957432862
C0023774,negative,0.995197596482127
C0025976,negative,0.9972511726566499
C0003605,negative,0.9924426437282912
C0029585,neutral,0.6289753541071883
C0013536,negative,0.9952867737748359
C0020185,neutral,0.5865684170872262
C0014251,negative,0.9965736596796939
C0007419,neutral,0.5590218712686488
C0003542,negative,0.9952156195323301
C0022223,neutral,0.7254423718233499
C0026369,negative,0.5426633248850304
C0000123,negative,0.9883951834375873
C0004918,negative,0.9961137481814489
C0010526,neutral,0.4374704899862694
C0013560,neutral,0.641443957164184
C0015780,negative,0.9776666559091675
C0015218,negative,0.9787155358316583
C0016928,neutral,0.6887093275639409
C0023916,negative,0.9831705212175621
C0020458,neutral,0.49210896446144264
C0000395,negative,0.9915578702935156
C0011553,neutral,0.5673551374789203
C0024847,neutral,0.6153161848889211
C0003880,positive,0.5135065442446657
C0014442,neutral,0.6777339148975093
C0017875,negative,0.9772415005931372
C0025854,negative,0.9934551402346129
C0013947,neutral,0.6198482875604017
C0029350,negative,0.9193042257734779
C0029028,negative,0.9879961763546424
C0024227,neutral,0.5018448685188991
C0026714,neutral,0.6812177925851405
C0014451,neutral,0.4307249600651029
C0011758,neutral,0.6463239167835347
C0023110,negative,0.9905989916964988
C0019797,negative,0.8335044675794033
C0013479,negative,0.9978450550368095
C0018371,neutral,0.5174375959032335
C0013215,negative,0.9236941332520278
C0025670,negative,0.9935951742848746
C0011424,negative,0.9944336357242441
C0001423,negative,0.9952911368767143
C0013434,negative,0.9785497760343994
C0001033,negative,0.9916538218551069
C0025995,neutral,0.5205498433101574
C0023660,negative,0.9944614330156377
C0013410,negative,0.9706244354814851
C0027961,negative,0.9933110092606278
C0027258,neutral,0.6103668893446572
C0018797,neutral,0.5545576983895705
C0015822,negative,0.9915585541333247
C0002158,negative,0.9934032112087924
C0005171,negative,0.990645585576366
C0022257,neutral,0.5075259832180891
C0027746,neutral,0.6441421838946342
C0019917,neutral,0.5332940948058202
C0017257,positive,0.533768021430038
C0015761,neutral,0.5833292426484941
C0011881,negative,0.9897554963771412
C0029103,negative,0.991675862213724
C0006462,neutral,0.5508355815704034
C0023232,negative,0.9950449933079846
C0019117,negative,0.5117036946575452
C0025951,neutral,0.6980458562933182
C0003667,negative,0.9972405917489431
C0018297,negative,0.8984005077675002
C0005712,negative,0.9923812761555074
C0029456,negative,0.5269644384411064
C0001980,negative,0.9706369029821215
C0008641,negative,0.998006707018415
C0019942,negative,0.9962095701164158
C0028275,negative,0.9987897366495723
C0002340,negative,0.9957007111561935
C0009587,negative,0.988083488847348
C0016966,negative,0.5163891142769234
C0009549,neutral,0.6312326228472434
C0018058,neutral,0.4326552634710381
C0002130,negative,0.9807338051384037
C0018203,negative,0.9773713439030768
C0013710,neutral,0.5987002566082472
C0016554,negative,0.990645585576366
C0007252,neutral,0.5409544204336413
C0028971,negative,0.9905843380742937
C0029319,neutral,0.626332793930974
C0019519,negative,0.9930692686550495
C0015532,negative,0.9919878649427287
C0007730,negative,0.9931931920675262
C0017895,negative,0.8469098690877065
C0013860,neutral,0.703190618091895
C0021909,neutral,0.5920385324826815
C0022167,negative,0.9944306494533744
C0009166,neutral,0.5809280434586498
C0014631,negative,0.9923119359768606
C0012661,negative,0.9985569925839894
C0016581,negative,0.9882766161417395
C0000706,positive,0.46051989683677397
C0018283,neutral,0.558334600377358
C0020960,neutral,0.5528581107898023
C0001483,negative,0.9795812276127365
C0009633,neutral,0.5680735290780634
C0022079,neutral,0.5516112928805617
C0027047,negative,0.9951792505163161
C0019502,negative,0.9893221759304784
C0017511,negative,0.9814017853266087
C0000885,negative,0.8163998307410124
C0007825,negative,0.988581142459089
C0029480,negative,0.997655267680661
C0026762,negative,0.9945261550516534
C0010482,negative,0.9978084320201938
C0027336,neutral,0.5426612804617043
C0021945,negative,0.9953787037283757
C0021048,neutral,0.6265736315244533
C0012777,negative,0.990668233928129
C0003264,negative,0.9966426258971066
C0006125,negative,0.9941557164268783
C0029931,positive,0.5024174403134539
C0000436,neutral,0.5920385324826815
C0021379,neutral,0.6147828441117934
C0026182,neutral,0.5488040224735862
C0024733,negative,0.9841404717970855
C0011376,neutral,0.6616479928811764
C0027816,negative,0.9875070707745194
C0028393,neutral,0.6964261080926737
C0027011,neutral,0.800637672588751
C0002202,negative,0.9826435852428851
C0029234,negative,0.983789197423622
C0000522,negative,0.7622202391815501
C0020251,negative,0.9942668459161929
C0009194,negative,0.9576239803737945
C0003212,negative,0.9672501636279051
C0010238,negative,0.981444530629705
C0027588,negative,0.9411134214618803
C0022478,negative,0.9958240304185084
C0020515,negative,0.9822735243103635
C0018978,neutral,0.6426250097425625
C0010756,negative,0.9928937433264176
C0007557,neutral,0.6528518024008347
C0016229,neutral,0.5773156054301747
C0020939,negative,0.9972416566226414
C0019757,negative,0.9162005889491472
C0017388,negative,0.9924677068104446
C0020503,negative,0.9783213025269689
C0005906,negative,0.5964661900019402
C0005771,neutral,0.559465158380179
C0018502,neutral,0.5371524869137217
C0001732,neutral,0.5933720615503307
C0013257,negative,0.9780584572328468
C0022089,negative,0.9976813820091398
C0006429,negative,0.9964260415169511
C0001671,neutral,0.5712335192453508
C0004691,negative,0.6570442604435139
C0010224,neutral,0.6633777182622917
C0027672,negative,0.9876484824699497
C0023161,neutral,0.6687095829310985
C0012685,negative,0.9900858508133106
C0002326,neutral,0.6046984694941522
C0017124,neutral,0.5736519915812585
C0006694,neutral,0.45620536686558344
C0014291,neutral,0.5253990957183716
C0023571,negative,0.9757731069392614
C0006338,neutral,0.6205696794988992
C0005550,negative,0.9960964762487459
C0011671,negative,0.9750960370365654
C0004667,neutral,0.6588218797891995
C0028934,negative,0.9829724727982208
C0027955,negative,0.9964669053045964
C0016674,neutral,0.524806061219597
C0012504,negative,0.9917626009836423
C0006686,neutral,0.5833292426484941
C0001990,negative,0.9938610622093204
C0017328,negative,0.5711115999360448
C0018385,neutral,0.6013810816505678
C0024699,negative,0.9984628669055405
C0025263,neutral,0.4881896685632782
C0023842,neutral,0.5962158906609151
C0017804,negative,0.9980963953122094
C0021119,neutral,0.6839466612538805
C0018538,negative,0.9946746877241212
C0007313,neutral,0.4147893547261708
C0021580,negative,0.9962544784365923
C0006820,negative,0.9959460189137658
C0016067,negative,0.9916732123438109
C0000971,negative,0.9840956556293857
C0014836,negative,0.6148214619216348
C0008809,negative,0.9696746526997233
C0022233,negative,0.9779281286010607
C0020244,neutral,0.527457719097812
C0016965,neutral,0.5470187427095782
C0028998,negative,0.9929521871826065
C0002464,neutral,0.5931346789423589
C0010026,neutral,0.5628540958293925
C0009273,neutral,0.5489812582409626
C0020057,negative,0.5421371111875651
C0027866,negative,0.5057996701164644
C0025931,negative,0.9969945488204581
C0029325,neutral,0.5746325385652034
C0014828,negative,0.9783235774191588
C0026323,positive,0.37490303182748125
C0004464,negative,0.9758299436918999
C0017047,negative,0.989141932491683
C0001349,negative,0.9918212872914779
C0005865,neutral,0.5437305242189026
C0011699,neutral,0.5815804648585484
C0019505,negative,0.9807338051384037
C0013927,negative,0.9874372854384766
C0016589,negative,0.9903334821811056
C0011398,neutral,0.5459807204138887
C0005489,negative,0.994544620579239
C0010548,negative,0.9913654544195725
C0024056,neutral,0.5389502551528607
C0007345,negative,0.9362045494599183
C0003637,neutral,0.6892747145672352
C0025903,neutral,0.5774631283999491
C0008800,negative,0.9067512034026496
C0010930,negative,0.9975958805669619
C0003492,negative,0.9831661202923108
C0006113,negative,0.9980963953122094
C0027313,negative,0.9858045058420455
C0024717,negative,0.995459281245814
C0025548,negative,0.9960085612728585
C0022538,neutral,0.6323471123509254
C0002479,negative,0.9973408715450045
C0016805,positive,0.5094304681984996
C0009901,negative,0.9963488543923934
C0009647,negative,0.9967993189549733
C0002954,neutral,0.5931346789423589
C0009802,neutral,0.687877235743263
C0026776,negative,0.7250179732546654
C0024821,neutral,0.46400123838667956
C0016058,neutral,0.5769916299943006
C0002322,negative,0.8414728258702637
C0022902,negative,0.988568650844259
C0012079,neutral,0.5673551374789203
C0016787,negative,0.9896492686799025
C0022354,neutral,0.49146912145464494
C0009487,negative,0.9942288248739674
C0023856,negative,0.9889849929084331
C0009490,neutral,0.6265146012988543
C0013371,negative,0.9593815153788448
C0015151,negative,0.978289586842573
C0027421,negative,0.9926200414127883
C0006144,neutral,0.5923659660656342
C0003825,neutral,0.5687039580469719
C0005899,neutral,0.5613508965339157
C0017762,negative,0.9880668772400969
C0027364,neutral,0.7660413943098656
C0024767,negative,0.9946763002432186
C0009967,negative,0.9934693726262835
C0025859,negative,0.5360727485839045
C0006364,neutral,0.5767081800367725
C0024054,negative,0.9973069612676944
C0017903,negative,0.5178475112587181
C0013085,negative,0.968827077461357
C0022172,neutral,0.6724895046145171
C0010180,neutral,0.6119611645239144
C0029566,negative,0.9897244315047945
C0017403,negative,0.9852682129958171
C0003116,neutral,0.5432398482072549
C0028616,negative,0.9975775771529082
C0028322,negative,0.5178475112587181
C0025018,negative,0.995975987788392
C0018173,neutral,0.5357439663179192
C0018204,neutral,0.5546378999688308
C0017598,negative,0.9472760893953149
C0001155,negative,0.533022247777056
C0021891,neutral,0.5205574073676902
C0019683,neutral,0.5731359591063458
C0021227,negative,0.9968200299124358
C0023604,negative,0.9878887518407024
C0016057,negative,0.9938610622093204
C0003949,negative,0.4760456566266694
C0016382,negative,0.989456199569253
C0026263,neutral,0.5701946921598342
C0018067,negative,0.9967158344339191
C0007893,neutral,0.5929038595247327
C0001451,negative,0.9950949415745389
C0020956,neutral,0.6739495239271949
C0016379,negative,0.9821548694866793
C0029314,negative,0.927684752938002
C0003758,neutral,0.5773577157416218
C0014456,negative,0.9884755087824653
C0000434,negative,0.8600200732936757
C0024532,negative,0.9808243174111893
C0028957,neutral,0.43939319755692435
C0020810,negative,0.5426633248850304
C0008744,negative,0.9918195450629861
C0028807,negative,0.5254472409509153
C0020035,negative,0.9796784260286796
C0005419,neutral,0.5974634794936723
C0006552,negative,0.9884374848248304
C0017573,negative,0.9975643910371172
C0026468,negative,0.9834108460698286
C0003832,negative,0.9939818253963504
C0019635,negative,0.9948941683829634
C0001629,neutral,0.55420187455978
C0000761,negative,0.966987333469918
C0009390,neutral,0.5817311002352988
C0018609,neutral,0.5804870442836069
C0009581,negative,0.9903127439377286
C0027551,negative,0.9911613537048691
C0025487,negative,0.6435261050243484
C0018246,neutral,0.5359251152633906
C0011586,neutral,0.40363518232251683
C0009128,negative,0.9945691881363016
C0013893,neutral,0.5797569342429032
C0028016,neutral,0.600336636116306
C0007665,negative,0.9910919528872727
C0011140,neutral,0.5101476448025742
C0002183,negative,0.9959711713096008
C0026856,neutral,0.7706423580150538
C0023785,negative,0.9870446755188795
C0024370,negative,0.9895824001402524
C0001436,negative,0.9943422286086724
C0018406,neutral,0.5427482581205344
C0002081,negative,0.993669862406845
C0004186,neutral,0.5591209720019759
C0014034,neutral,0.6255831159223859
C0011732,negative,0.5178475112587181
C0015715,negative,0.9866412244624406
C0005855,negative,0.98396806948044
C0003929,negative,0.9905684172701138
C0003668,neutral,0.527266777564793
C0024048,neutral,0.5182066894419501
C0029578,negative,0.989469203523513
C0026795,negative,0.9836528034256251
C0005776,negative,0.98941034504099
C0016106,negative,0.9908319655479242
C0028329,negative,0.9884154582464896
C0010162,negative,0.9909781384702943
C0005156,negative,0.9738484329024271
C0006348,neutral,0.6268289837373638
C0027340,neutral,0.6380297370110718
C0018225,neutral,0.5692540742364126
C0006080,negative,0.9924677068104446
C0018624,negative,0.9778870090363443
C0028442,negative,0.9915637591578577
C0004619,negative,0.9934218130525437
C0009082,negative,0.9903029198281692
C0008388,negative,0.993617131459501
C0010700,negative,0.4893924485519722
C0013863,neutral,0.5212850687181719
C0012218,neutral,0.6749371440881794
C0003633,negative,0.9857002095335862
C0004562,negative,0.9977260386732957
C0024749,negative,0.9881600335157132
C0025044,negative,0.9968780448905908
C0025985,neutral,0.7174737130310986
C0023779,negative,0.6995125376863282
C0012024,negative,0.994163153203651
C0018556,neutral,0.6587377596327503
C0024649,negative,0.9679956569784189
C0020032,negative,0.6310021221760429
C0013100,negative,0.9788620066875897
C0017525,negative,0.9959171413278394
C0009450,negative,0.9980963953122094
C0026327,negative,0.9951362470261796
C0000995,negative,0.9934693726262835
C0006065,negative,0.9853246526815858
C0011506,negative,0.9897913327556018
C0015549,negative,0.9854984618590947
C0006848,neutral,0.7843621357520028
C0008704,neutral,0.6570479994746611
C0010110,negative,0.9934551402346129
C0027791,neutral,0.5806079236609774
C0021834,neutral,0.8418163735371197
C0013387,negative,0.9958153059325271
C0021079,neutral,0.5744449744291305
C0026607,negative,0.9975643910371172
C0022681,negative,0.9936333638002974
C0023338,negative,0.9897244315047945
C0008191,neutral,0.5687722058706659
C0021034,negative,0.9801113257377345
C0002765,negative,0.6400238221845793
C0025511,negative,0.9865894459336224
C0009954,negative,0.9932046175309355
C0014998,neutral,0.6139890714670503
C0015827,neutral,0.6147828441117934
C0019439,neutral,0.5820638206404728
C0016369,neutral,0.7115502581211369
C0003843,negative,0.5220083309099809
C0010077,negative,0.6627868070103908
C0015797,negative,0.9949780398388436
C0029788,negative,0.9979809301129708
C0022982,negative,0.9903127439377286
C0018762,negative,0.9892714329160448
C0013834,negative,0.9869414964933821
C0029155,negative,0.9595244745590359
C0016142,negative,0.9963382072638042
C0011677,negative,0.5391929043662992
C0006340,neutral,0.5921924388103548
C0000762,negative,0.979427281164648
C0022240,negative,0.9980963953122094
C0024446,negative,0.9945029863538496
C0004251,neutral,0.5490436469866731
C0010663,neutral,0.5121544744486445
C0004730,neutral,0.5331501525568356
C0018928,negative,0.983049677778176
C0014510,negative,0.8427360603124162
C0027241,negative,0.994466127247261
C0000835,negative,0.9579489177110706
C0009341,neutral,0.5706355096321909
C0003695,negative,0.9945197715771065
C0004531,neutral,0.4731863225262556
C0005736,negative,0.9959171413278394
C0014478,neutral,0.546380276086928
C0018442,neutral,0.5355592817617244
C0029658,negative,0.996942458665952
C0009471,negative,0.9925388452035564
C0003720,negative,0.9809421966862756
C0022678,negative,0.9984273521204516
C0009034,negative,0.8364366197140384
C0004991,negative,0.9905570299024495
C0004567,neutral,0.6032526485052354
C0000191,negative,0.9889794279642072
C0002850,negative,0.993435870816318
C0013622,negative,0.8570510024863052
C0009163,neutral,0.6510498200125242
C0026925,neutral,0.6691858738234047
C0007391,neutral,0.7115257312185296
C0024642,neutral,0.5883380862820616
C0029960,negative,0.9819586496105995
C0016155,negative,0.9908664954050153
C0025155,neutral,0.6463239167835347
C0029765,negative,0.9854984618590947
C0010416,negative,0.9637142123929037
C0003381,negative,0.9886302498519036
C0018549,neutral,0.5503375362958517
C0029193,negative,0.8388356044181017
C0027523,negative,0.9921179529996514
C0010154,neutral,0.5769916299943006
C0027417,negative,0.9879961763546424
C0017690,negative,0.9941382613248583
C0024385,neutral,0.5735054078699188
C0015640,neutral,0.5769916299943006
C0019227,neutral,0.531058830906101
C0010650,negative,0.9440264432725589
C0002110,positive,0.5149983530471829
C0014006,neutral,0.6543297806175832
C0029945,negative,0.9846501099962801
C0023391,negative,0.9398316490564017
C0029689,neutral,0.4677422152120467
C0003292,negative,0.988769575283998
C0012241,neutral,0.6079154596917187
C0025566,negative,0.9878885727577079
C0020529,negative,0.9975961119868193
C0011737,negative,0.9840010916533259
C0005861,negative,0.9700617902194607
C0004611,neutral,0.40363518232251683
C0022568,negative,0.9469019763371871
C0008840,negative,0.996381368595161
C0028908,negative,0.9829887895010603
C0001453,negative,0.5899218040609178
C0029781,negative,0.9882847891190923
C0014557,negative,0.6631349800196489
C0012634,negative,0.9932399284381851
C0026146,negative,0.975266190749485
C0006954,negative,0.9808998553540729
C0024820,negative,0.6821439269358857
C0017679,negative,0.9842017212753791
C0001596,negative,0.9888153525112139
C0016703,neutral,0.5994307102998928
C0026963,negative,0.9870384673455865
C0009077,neutral,0.5508355815704034
C0008009,negative,0.5920122709512667
C0011323,negative,0.984370082232067
C0025828,neutral,0.7511383274251375
C0025421,neutral,0.6823314048758794
C0020910,negative,0.8065678478893291
C0012187,negative,0.5685018763300432
C0001647,negative,0.996942458665952
C0018468,negative,0.9959211932587655
C0010787,negative,0.9054585156899861
C0010684,neutral,0.5509219553248618
C0028894,negative,0.9932046175309355
C0003877,neutral,0.573617163389433
C0007261,neutral,0.5088147326806363
C0028903,negative,0.981444530629705
C0011631,neutral,0.3574189894359204
C0025410,neutral,0.568114554894433
C0006217,neutral,0.5284810450166536
C0026488,negative,0.9880705578415424
C0013227,negative,0.9834456853929506
C0010011,neutral,0.614007227873362
C0008911,neutral,0.7117469750674241
C0002539,negative,0.9913309844153344
C0004315,negative,0.931170624450843
C0006403,neutral,0.704682999998224
C0006305,negative,0.9915725304191839
C0008619,negative,0.9866252826587343
C0003025,negative,0.9083808391275845
C0024688,negative,0.9882847891190923
C0005108,negative,0.9809844216400098
C0011458,negative,0.9814709462916787
C0019927,neutral,0.601603465968055
C0027044,negative,0.9440018913858348
C0012382,neutral,0.6224827518005003
C0028550,neutral,0.5949083754030045
C0004961,negative,0.9973408715450045
C0003571,neutral,0.6463239167835347
C0018441,neutral,0.6023026556879444
C0022077,negative,0.9669175952049115
C0002411,negative,0.9924677068104446
C0018879,negative,0.9697308989921188
C0023743,negative,0.9945197715771065
C0002768,negative,0.9939058470088651
C0025442,negative,0.99046170317527
C0004050,negative,0.9817788598622927
C0026986,negative,0.91517136683966
C0020775,negative,0.980016860827324
C0025839,neutral,0.5536165864280618
C0013266,neutral,0.614769039892102
C0003297,negative,0.995975987788392
C0017505,negative,0.9946763002432186
C0029359,negative,0.9962095701164158
C0017608,negative,0.9831705212175621
C0002064,negative,0.9942060619059852
C0027403,negative,0.9977260386732957
C0029138,negative,0.995596398194273
C0017757,negative,0.9935397064609576
C0009290,neutral,0.5984108880750111
C0008816,negative,0.9751877247095544
C0029501,negative,0.952770420418733
C0016591,neutral,0.6312326228472434
C0004693,negative,0.9960964762487459
C0028931,neutral,0.7980764986116856
C0027457,negative,0.9967262251187249
C0023686,negative,0.7377736686553463
C0026904,negative,0.9915725304191839
C0024289,negative,0.988117377710266
C0009791,neutral,0.5776208213433375
C0001546,neutral,0.5916467207941107
C0010550,negative,0.9937271149338364
C0000379,neutral,0.7009100562246461
C0016826,negative,0.9807375625793954
C0004870,negative,0.9924061028493604
C0020272,negative,0.9934218130525437
C0025461,neutral,0.5615916485880688
C0011266,neutral,0.55420187455978
C0012859,neutral,0.6265146012988543
C0001010,negative,0.993172131572723
C0023010,negative,0.9955224892878964
C0001914,neutral,0.5469024254539401
C0003953,neutral,0.6162531913391804
C0013041,negative,0.9796662052466266
C0015115,negative,0.9631836579794937
C0027488,negative,0.9846501099962801
C0022281,negative,0.9842017212753791
C0003930,negative,0.959438252701437
C0010828,neutral,0.5687722058706659
C0020982,negative,0.9973069612676944
C0011377,neutral,0.5741534200401889
C0021844,neutral,0.5472570660021878
C0005559,negative,0.9929730306704407
C0007096,negative,0.9291584749376975
C0022042,negative,0.9809421966862756
C0023043,neutral,0.6435809103526328
C0009948,negative,0.9911613537048691
C0011481,negative,0.9774404492628567
C0020723,negative,0.9399171355193472
C0017770,negative,0.6214414102978718
C0029835,negative,0.9952456671203508
C0007058,negative,0.48466233907983963
C0008859,neutral,0.5712335192453508
C0013182,negative,0.8877451577000041
C0024314,negative,0.997303075588008
C0021756,negative,0.664820609533598
C0006284,negative,0.9924514733692194
C0022043,negative,0.9897244315047945
C0015450,neutral,0.744573517104866
C0020073,neutral,0.6569386600358232
C0007409,negative,0.7391718518228398
C0005525,negative,0.5568385619722356
C0000392,neutral,0.5398095384382199
C0018327,neutral,0.503106091518286
C0006626,negative,0.6116590294255364
C0020062,neutral,0.6591306632047051
C0022652,negative,0.9934756847433738
C0018293,negative,0.9635987037885839
C0007288,negative,0.993752909320969
C0015842,neutral,0.6506314636035414
C0026577,negative,0.9920961317466174
C0014820,negative,0.9799224788075317
C0002789,negative,0.9954678627863371
C0022972,negative,0.9943721808117484
C0000266,negative,0.9885721260792132
C0017173,negative,0.9908610243072028
C0016234,negative,0.9962151436939727
C0012551,negative,0.9909591840696942
C0023263,neutral,0.536738482642771
C0003468,negative,0.9977260386732957
C0008726,neutral,0.6012308045799347
C0010191,negative,0.8607744459967647
C0012164,negative,0.989635998645352
C0002631,neutral,0.5579724397165978
C0027328,neutral,0.6230350386215975
C0012802,neutral,0.6539061059203536
C0028511,neutral,0.5760688050425482
C0024744,negative,0.9976935038176614
C0016937,negative,0.9932046175309355
C0014235,negative,0.994753141995763
C0011724,neutral,0.5463208932031441
C0008583,neutral,0.41434235358070215
C0007330,neutral,0.5311918486400209
C0029908,negative,0.6378828622878072
C0008390,negative,0.9951509187277392
C0007981,negative,0.9959708288720457
C0014011,negative,0.9899286387965898
C0028653,neutral,0.6439372353994177
C0009836,neutral,0.6079154596917187
C0003207,negative,0.9947987816971589
C0017419,neutral,0.5827569413654107
C0026363,negative,0.9882847891190923
C0024643,neutral,0.5606849146962781
C0013159,negative,0.9854646795683514
C0018579,neutral,0.533205176563521
C0029770,negative,0.9780921081149798
C0021723,neutral,0.5321643600540517
C0010405,neutral,0.5218117568349939
C0010681,neutral,0.5731359591063458
C0028130,negative,0.9932446042057309
C0019971,negative,0.95594686196776
C0028178,negative,0.5701507989197598
C0017799,neutral,0.5285465051351738
C0009658,negative,0.9934436964325984
C0021362,neutral,0.47105246865935096
C0009246,negative,0.9926684537143785
C0018754,negative,0.9846774958989423
C0018873,negative,0.8487481543864959
C0012363,negative,0.9917812545943642
C0005177,neutral,0.627845656371964
C0018146,neutral,0.7052972906348399
C0001129,negative,0.9935551969763097
C0025788,neutral,0.618620535301258
C0020537,negative,0.9857150296781317
C0006527,neutral,0.584029079934961
C0012820,negative,0.9872026744518702
C0021749,negative,0.6807208407295673
C0016304,negative,0.985382730755723
C0019921,neutral,0.6872120667108755
C0004387,neutral,0.6380239732209946
C0019601,neutral,0.5718431477011379
C0028975,neutral,0.5427986027208841
C0026801,negative,0.997896938969989
C0021877,negative,0.5163891142769234
C0029839,negative,0.9957346975368337
C0006652,negative,0.5797745446933238
C0017223,negative,0.8031667703492676
C0015956,neutral,0.7169840093861252
C0012982,negative,0.9504203874182638
C0008138,negative,0.9705204475284951
C0012899,negative,0.9884972334194032
C0029188,negative,0.9888714208035696
C0023653,neutral,0.6271634530768783
C0018432,negative,0.9972890295456447
C0000854,negative,0.9925379419381699
C0002280,neutral,0.6666445889054455
C0005341,negative,0.9864643953148615
C0022128,negative,0.9944306494533744
C0001085,negative,0.9816848290883415
C0026706,neutral,0.6312326228472434
C0006054,negative,0.9974186525053552
C0029280,negative,0.9934756847433738
C0019722,negative,0.9881478693051263
C0025465,negative,0.9862297647474739
C0012768,negative,0.9892783993176968
C0004401,neutral,0.6564282728471981
C0015504,negative,0.9898364075417412
C0020730,negative,0.9916538218551069
C0016505,negative,0.994021816723069
C0010021,negative,0.5510873046389878
C0022007,negative,0.9933110092606278
C0023828,negative,0.9852043737935583
C0029236,neutral,0.5222715832626278
C0016001,negative,0.9945245035707245
C0018804,negative,0.8430959096361412
C0005406,negative,0.9697286218899549
C0006733,neutral,0.6147828441117934
C0012497,negative,0.9952819290218786
C0024872,negative,0.6436603195360213
C0027798,negative,0.9966426258971066
C0024028,negative,0.9612521863771508
C0022318,negative,0.9544184970544538
C0014630,negative,0.5137659944656492
C0013268,neutral,0.5608902272273318
C0015515,neutral,0.6812177925851405
C0004426,neutral,0.5694047651054244
C0019358,neutral,0.6463239167835347
C0019215,neutral,0.630695855240827
C0017060,negative,0.7645401544914615
C0023325,negative,0.9980075656585766
C0002639,negative,0.9687304530571166
C0020674,negative,0.9969400451429522
C0027224,negative,0.5356257000318091
C0025593,negative,0.973440932653137
C0019464,negative,0.5711115999360448
C0018210,negative,0.9983294249837628
C0028918,neutral,0.7384297377920928
C0016693,positive,0.3947047356458898
C0028148,neutral,0.49994150903509493
C0013400,negative,0.980016860827324
C0017449,neutral,0.4412347132128522
C0013825,negative,0.984370082232067
C0021812,negative,0.9823804010996565
C0004555,negative,0.9747735556142033
C0017768,neutral,0.7280863249207091
C0000900,neutral,0.5723792061593945
C0013263,negative,0.9973805080724953
C0028565,negative,0.9926657965514974
C0023918,neutral,0.614769039892102
C0005597,negative,0.9928937433264176
C0002808,negative,0.997655267680661
C0004681,neutral,0.6328532867721088
C0006766,negative,0.9994444018673801
C0024907,negative,0.989871897551845
C0009454,neutral,0.4094618055081823
C0028312,negative,0.9952357044865121
C0024058,negative,0.9822262942882337
C0019605,negative,0.9951509187277392
C0017024,negative,0.6671604937629065
C0020170,neutral,0.5613508965339157
C0025124,neutral,0.4835020687547668
C0013158,negative,0.5013821074893648
C0029673,negative,0.985463186077054
C0021712,negative,0.9868222189457614
C0008394,neutral,0.5449068940211843
C0029696,negative,0.9911613537048691
C0022609,negative,0.5524204319709168
C0000724,negative,0.9893221759304784
C0002890,negative,0.9819322835943635
C0020401,negative,0.92557320462073
C0024486,negative,0.6381440263551573
C0026879,neutral,0.49134894958056163
C0006555,negative,0.9874372854384766
C0000796,negative,0.9827349714441321
C0018915,negative,0.9849337611583037
C0027669,positive,0.5481410388062616
C0003293,negative,0.9599704534476307
C0016309,negative,0.6480101128106833
C0011654,neutral,0.6053375665198328
C0014549,negative,0.9695244847210286
C0027057,negative,0.9911120827745298
C0005693,neutral,0.5980666509365992
C0021508,negative,0.9932701128944809
C0011660,negative,0.9935951742848746
C0006796,negative,0.9630793512509449
C0021502,neutral,0.4683866239212605
C0009109,neutral,0.5014682981557965
C0008850,negative,0.9964901271315525
C0004982,negative,0.9971967141260755
C0013783,negative,0.9955848783716572
C0026404,negative,0.9918195450629861
C0015985,negative,0.9814497094585213
C0020691,negative,0.9777996861727982
C0013986,neutral,0.6475107631479808
C0010573,neutral,0.5892370570265375
C0008328,negative,0.5163891142769234
C0021223,negative,0.9895901311767672
C0010427,negative,0.4581697947325807
C0001300,negative,0.9276813830368417
C0019376,neutral,0.6821144055658748
C0002063,negative,0.9491961581886378
C0004487,negative,0.996435676884036
C0004593,negative,0.5989556329334988
C0026164,negative,0.8502648535519749
C0025303,negative,0.959014458553505
C0001879,neutral,0.6155330844791721
C0004284,negative,0.533022247777056
C0000028,negative,0.9948574408988147
C0013801,neutral,0.6538351331115363
C0007393,neutral,0.6825110297216792
C0019835,negative,0.9911965782060935
C0022919,negative,0.986297580485423
C0002344,negative,0.984912737092214
C0019447,neutral,0.6063236114199853
C0024630,neutral,0.502091487332083
C0017021,neutral,0.6044039146305195
C0021440,negative,0.968827077461357
C0019263,negative,0.9565044605273686
C0025535,negative,0.8048817613744303
C0004638,negative,0.9955494528697522
C0026215,neutral,0.5469024254539401
C0024171,negative,0.5643369103475373
C0028136,negative,0.9846774958989423
C0018894,negative,0.99400601935313
C0027664,neutral,0.6894703518826091
C0007450,negative,0.9937846111210328
C0004443,negative,0.5555075489465531
C0017231,negative,0.9202645694928517
C0005632,negative,0.9915610975391148
C0019771,neutral,0.511362692859599
C0010117,neutral,0.5963312179372581
C0010937,neutral,0.6047313665072718
C0011708,neutral,0.5929057732067752
C0026011,negative,0.9857637172199613
C0020021,negative,0.9884697500375144
C0013862,negative,0.9875987142062681
C0011880,negative,0.9697426907679988
C0004469,negative,0.9923735696041921
C0028680,negative,0.9942668459161929
C0004743,negative,0.9954527055328752
C0024232,neutral,0.5560765851828035
C0000151,negative,0.5530147541388569
C0024062,negative,0.9969060613655021
C0002612,neutral,0.5279009254976263
C0014997,negative,0.874185127219872
C0025158,negative,0.9896736397472459
C0002226,negative,0.9959250534681683
C0007610,neutral,0.7843350270332141
C0006872,neutral,0.5365273856343068
C0004518,neutral,0.5848619941356338
C0011045,negative,0.9844677039080653
C0021536,negative,0.9945570678365485
C0005682,neutral,0.5849535412772058
C0009936,neutral,0.6116506573338194
C0024453,negative,0.9897334150240695
C0019431,negative,0.9896254010597163
C0019128,neutral,0.5840312686909166
C0018390,negative,0.9438866689615231
C0018147,negative,0.9875154435720053
C0008421,neutral,0.5849535412772058
C0011194,negative,0.9962309451907244
C0016854,neutral,0.644573982297942
C0022045,negative,0.9746186220591455
C0002522,negative,0.9927701251460178
C0013017,neutral,0.47163771387855186
C0022713,neutral,0.5202893983846901
C0024663,negative,0.974027748130922
C0017920,negative,0.9743012985707715
C0014684,negative,0.9969707966280701
C0001665,neutral,0.6570617926223983
C0006476,negative,0.9916530676909723
C0002210,neutral,0.5776208213433375
C0013416,negative,0.9872026744518702
C0028454,neutral,0.5772528346039596
C0027764,neutral,0.5096770276278557
C0016022,negative,0.9960433919771142
C0004072,negative,0.9969955988474765
C0028375,negative,0.9904820536390428
C0025243,negative,0.9945809038309631
C0024158,negative,0.9983863764135392
C0008102,negative,0.9851940521961836
C0013766,negative,0.9712690048269823
C0022210,negative,0.9951498861631222
C0028197,neutral,0.5799980436622539
C0022807,negative,0.9978794909913695
C0014262,negative,0.9956866808758948
C0029136,neutral,0.5604697467139691
C0000661,neutral,0.5102211294152854
C0026591,negative,0.990350910553531
C0029388,neutral,0.5489812582409626
C0001058,negative,0.9953679452036575
C0003922,negative,0.9920983389361577
C0023135,neutral,0.5714803468221009
C0014005,negative,0.5638228791953606
C0029322,negative,0.9965674166290984
C0000351,neutral,0.5598168231782092
C0014180,neutral,0.5836743381702499
C0024470,neutral,0.5669601903168872
C0009765,neutral,0.5437305242189026
C0000633,negative,0.993634553277837
C0029843,negative,0.5899218040609178
C0027144,neutral,0.680832379322566
C0029252,negative,0.996343219883683
C0010988,negative,0.8771252591052696
C0018044,negative,0.9952911368767143
C0007308,negative,0.9598981112496735
C0024135,negative,0.9875979289208356
C0001584,negative,0.9960593513908791
C0024719,negative,0.9886302498519036
C0005849,negative,0.982348621445325
C0003770,negative,0.593104340847515
C0019126,negative,0.9897244315047945
C0020203,neutral,0.5647124558954076
C0026418,negative,0.9936472370279162
C0018746,negative,0.952578560547321
C0013758,negative,0.9894365294034895
C0006946,negative,0.4991917211774206
C0004235,negative,0.9719216207552366
C0022121,neutral,0.6841885546801965
C0027689,negative,0.9745615199529134
C0000681,negative,0.9826225692315147
C0014539,negative,0.967853990815422
C0028764,negative,0.8443780264658544
C0016072,negative,0.9869056950564072
C0009837,negative,0.5368600690637927
C0009554,neutral,0.5746325385652034
C0013835,negative,0.9968858137607933
C0007722,neutral,0.5994307102998928
C0023469,neutral,0.6165559108349756
C0003898,negative,0.9941230724201633
C0003357,negative,0.9771528625118783
C0024144,negative,0.9856898444164899
C0026028,negative,0.9392465553298376
C0010746,neutral,0.5259219298278512
C0001442,negative,0.9980963953122094
C0005128,negative,0.9684858723562951
C0023297,negative,0.9875979289208356
C0006391,negative,0.98173775223352
C0012186,negative,0.9513687908510463
C0017436,negative,0.9986747000828787
C0008473,negative,0.9977260386732957
C0027966,negative,0.5711115999360448
C0019349,negative,0.9785497760343994
C0011821,negative,0.9882533678165828
C0014687,negative,0.9786539141229681
C0008206,negative,0.9923532087960852
C0019739,negative,0.9881113699157059
C0007815,negative,0.989973786183127
C0010951,negative,0.9915585541333247
C0010541,neutral,0.608812543203299
C0024969,negative,0.7622202391815501
C0000244,neutral,0.6681252511715348
C0007380,neutral,0.5823813350616908
C0025678,negative,0.9960433919771142
C0008760,negative,0.9969707966280701
C0021414,negative,0.9635722781263472
C0010181,negative,0.9953315443666825
C0028612,negative,0.9700000467406994
C0004471,neutral,0.5517147877515486
C0022018,neutral,0.5327865914995072
C0018021,negative,0.5845514863530461
C0012489,negative,0.9899735843184898
C0021944,neutral,0.6562703581039341
C0004208,negative,0.5964661900019402
C0016649,neutral,0.6026656811950216
C0003643,neutral,0.4998626348606072
C0008842,negative,0.9777951780128352
C0017050,neutral,0.5341697235611641
C0016951,neutral,0.7003213061469791
C0017616,negative,0.9956573951555321
C0022014,neutral,0.6254132412913699
C0001772,neutral,0.7269786359034163
C0017159,neutral,0.5575306612541648
C0010609,neutral,0.5432398482072549
C0027737,negative,0.9686980321654965
C0011846,neutral,0.6038777421075419
C0007920,neutral,0.616324958114178
C0012473,negative,0.9900965902489371
C0002822,neutral,0.5030252319873953
C0006678,negative,0.9819661896797182
C0024707,negative,0.9977260386732957
C0010547,negative,0.9966546842184494
C0014966,negative,0.9796662052466266
C0018186,negative,0.9688753423418148
C0021962,negative,0.9875154435720053
C0027195,negative,0.9677317940379621
C0025060,negative,0.9892783993176968
C0004787,negative,0.9977324043129755
C0019761,negative,0.9959523024757322
C0010406,neutral,0.5676339416810029
C0008654,neutral,0.6887093275639409
C0020936,negative,0.9845849306707847
C0006452,positive,0.5303400696942759
C0006058,negative,0.9716637092798507
C0012228,negative,0.9869529657210478
C0023775,negative,0.996435676884036
C0009719,negative,0.9839148117609942
C0008834,negative,0.9350710249594778
C0010125,negative,0.9753437501415432
C0020270,negative,0.9390059914533371
C0007612,neutral,0.6905178240745441
C0004044,negative,0.9969060613655021
C0009110,negative,0.9971520279253907
C0008652,negative,0.9898492767684557
C0005538,negative,0.9699309157748527
C0028374,neutral,0.42273030447321513
C0023722,neutral,0.5227534759538098
C0027199,negative,0.9960433919771142
C0029362,negative,0.996767959258117
C0009075,negative,0.9925406418406791
C0000336,negative,0.9140980936814027
C0020856,negative,0.8388356044181017
C0021650,neutral,0.584029079934961
C0020072,negative,0.9877826139983457
C0021108,negative,0.9701576650046111
C0001776,negative,0.991580659242705
C0001516,neutral,0.5776208213433375
C0006419,neutral,0.7010515048768957
C0022886,negative,0.9927036989574894
C0007987,neutral,0.5606849146962781
C0022582,negative,0.9332242315373758
C0027563,negative,0.9777996861727982
C0025805,neutral,0.6312326228472434
C0029081,negative,0.9331162254832043
C0004547,negative,0.9934090547520545
C0015140,negative,0.9961773147390597
C0028996,negative,0.9943663184204387
C0006434,negative,0.9918178571115577
C0026330,negative,0.9835023905418192
C0004833,negative,0.9965674166290984
C0007097,neutral,0.6262258498980445
C0018363,neutral,0.5270380440970697
C0005675,negative,0.9767015308125645
C0009910,negative,0.9936736303031296
C0019636,negative,0.9850370249989673
C0004723,negative,0.9934808489184312
C0015113,negative,0.9466678281737041
C0012114,neutral,0.4962380688115343
C0021570,neutral,0.5108170154006272
C0005418,negative,0.990326462035084
C0025026,neutral,0.4995065056965654
C0020851,negative,0.9905843380742937
C0014334,negative,0.9954264549669741
C0015606,negative,0.997195893966526
C0003148,neutral,0.601603465968055
C0029721,negative,0.9954676649775525
C0016488,neutral,0.5850779220583323
C0013203,negative,0.9823282496336078
C0024501,neutral,0.5442199351057677
C0022053,negative,0.9949673673597582
C0013527,negative,0.9943512137454891
C0013225,negative,0.9926633699867838
C0021595,neutral,0.6878154144433218
C0011836,negative,0.994753141995763
C0020970,neutral,0.43121068370473326
C0013933,negative,0.9888712290559613
C0001805,neutral,0.5966926107866541
C0005622,negative,0.9974837796253674
C0005441,negative,0.9956686416030522
C0003210,negative,0.991773049082894
C0008373,negative,0.9986747000828787
C0016742,negative,0.9882952642893859
C0025408,negative,0.9934436964325984
C0001821,negative,0.9463247406461559
C0018026,negative,0.9935646030487738
C0018309,negative,0.509691754877948
C0005586,negative,0.9988858482928753
C0004584,negative,0.5356257000318091
C0019175,neutral,0.5939311672161266
C0002549,negative,0.9757163941600828
C0007237,negative,0.37112388371664384
C0008545,negative,0.9706111164843588
C0017362,negative,0.9809421966862756
C0012989,neutral,0.5233447944496722
C0022994,neutral,0.5549652684272145
C0007090,neutral,0.5056651886978375
C0001012,neutral,0.4831661806457751
C0014301,neutral,0.5565629201917142
C0016239,neutral,0.7402853390944469
C0026161,negative,0.9767357266025782
C0019371,neutral,0.5384003360345982
C0016880,negative,0.9929560587990447
C0011909,negative,0.9901041221785887
C0009790,neutral,0.46400123838667956
C0021820,negative,0.993422137598337
C0025628,neutral,0.6961442250630023
C0019041,negative,0.6671604937629065
C0002435,neutral,0.40941315283784474
C0008959,negative,0.9845849306707847
C0002817,neutral,0.5309439324466916
C0000369,negative,0.9841941829730224
C0011021,neutral,0.6390804395277733
C0028896,negative,0.9948574408988147
C0007518,neutral,0.6254532895782726
C0015535,neutral,0.5790983382067993
C0001812,negative,0.9897416171816086
C0020366,neutral,0.6228065578362291
C0007235,neutral,0.6481067438552215
C0022249,negative,0.9935876494116361
C0003656,negative,0.9970282302967426
C0011239,negative,0.9918372476950919
C0023659,negative,0.988808934314301
C0008576,negative,0.9896492686799025
C0004753,negative,0.9861496677962319
C0005996,negative,0.853157556468396
C0004133,neutral,0.6494381319637684
C0018183,negative,0.9854709630031278
C0026062,negative,0.9924807091932932
C0020928,neutral,0.5967839642323434
C0012999,neutral,0.5271074526945091
C0022649,negative,0.9932958609417096
C0001441,neutral,0.5250483412629133
C0011430,negative,0.9476352970883173
C0018898,neutral,0.6063269362096297
C0011579,neutral,0.5680419080313144
C0002787,negative,0.9714299456623436
C0009041,negative,0.8972847771909773
C0001698,neutral,0.5174259146652672
C0004579,neutral,0.5941677083266759
C0017160,negative,0.9881633183329672
C0002114,negative,0.9919774910882174
C0019777,negative,0.9984019112840774
C0002931,negative,0.9889531476511283
C0016012,negative,0.7913921692165664
C0027836,neutral,0.5987378567036183
C0026537,negative,0.5470318556052658
C0014566,negative,0.9879398081552067
C0008873,negative,0.9984009304827449
C0007006,neutral,0.5540593428146293
C0006561,negative,0.9889962434254558
C0014741,negative,0.9927025389410813
C0000728,negative,0.8999778411092386
C0001493,neutral,0.5763856684376601
C0028102,neutral,0.5182422280471192
C0011344,negative,0.9943512137454891
C0023768,negative,0.9766219469048615
C0011246,negative,0.9878619938576958
C0001904,neutral,0.6481067438552215
C0018200,neutral,0.5494018604527572
C0017763,negative,0.9944624662451389
C0029913,negative,0.9910919528872727
C0019547,neutral,0.3620800430573825
C0019634,negative,0.9658629048772215
C0029701,negative,0.996684531718193
C0023376,neutral,0.5630284634098398
C0015047,negative,0.9795099693139159
C0026221,neutral,0.741135505120068
C0022468,negative,0.970718802508912
C0011844,negative,0.9831960241866025
C0024200,negative,0.9832440894315064
C0004718,neutral,0.6349045720492453
C0028868,neutral,0.5933720615503307
C0007648,negative,0.9149085544159481
C0008979,negative,0.8643999533905069
C0026032,negative,0.9952405321256975
C0026336,negative,0.9964510908723304
C0007346,negative,0.9780349234555593
C0017931,negative,0.9206702971541075
C0011340,positive,0.49784772343253736
C0009623,neutral,0.6167142563236387
C0012878,negative,0.9926660030824425
C0000240,neutral,0.5865350543755147
C0001672,neutral,0.5104571300108378
C0002962,negative,0.9810418434467488
C0028419,negative,0.9977708427371951
C0011694,negative,0.9957029451572
C0001449,neutral,0.5960187695924823
C0000486,negative,0.9886873992062983
C0010779,negative,0.9590431908661073
C0003143,negative,0.9741222654274126
C0015405,negative,0.927747143945102
C0013605,negative,0.9913664234767875
C0016118,neutral,0.6355049569866094
C0024547,neutral,0.46343710730890364
C0028713,negative,0.9881484078325434
C0007538,neutral,0.5058130274868059
C0017924,negative,0.9964198048183236
C0001514,negative,0.9661195885406274
C0024599,negative,0.9932207725451135
C0016861,neutral,0.5598792360625442
C0018448,negative,0.9966633629537928
C0008447,negative,0.9911613537048691
C0012692,neutral,0.7158898111733117
C0028535,neutral,0.7251445669576954
C0025730,neutral,0.5257653961120995
C0011318,neutral,0.5033070124758828
C0016716,neutral,0.6228065578362291
C0006219,negative,0.7400606405075155
C0012305,negative,0.9326947823363961
C0009327,negative,0.9968780448905908
C0023221,neutral,0.5260028806437643
C0021922,negative,0.9932713370502944
C0011938,negative,0.9849644904576369
C0023438,positive,0.5481410388062616
C0019545,negative,0.9704755573266662
C0022008,neutral,0.5869225426956274
C0019707,neutral,0.49988811849219844
C0003068,neutral,0.4221790408462168
C0021981,neutral,0.5194202872432658
C0022323,neutral,0.5406920011936643
C0004588,neutral,0.7089727954668361
C0006877,negative,0.9986747000828787
C0028502,negative,0.9167684286557546
C0027502,negative,0.9877475166505985
C0009022,neutral,0.6029814743313346
C0017026,neutral,0.6398873804850382
C0013232,negative,0.990668233928129
C0006443,negative,0.9969400451429522
C0015529,neutral,0.5891438796144538
C0002160,neutral,0.5225176161232185
C0024561,negative,0.9859531310823997
C0004618,neutral,0.5999956808405159
C0011303,negative,0.9864707184591354
C0016786,neutral,0.5972949329481573
C0018172,negative,0.9952408734632611
C0028820,negative,0.9848598949925572
C0028069,neutral,0.6619668266324736
C0010446,neutral,0.5687746624157035
C0009083,negative,0.9975860954547883
C0006459,negative,0.9969060613655021
C0006469,neutral,0.5718431477011379
C0000374,neutral,0.5597106441586936
C0006593,negative,0.9929272771930614
C0003745,negative,0.9886271632308122
C0006167,negative,0.9917681249440001
C0021918,negative,0.9863294137447844
C0010159,negative,0.9922931333400472
C0026451,neutral,0.5758252832547112
C0005052,neutral,0.615589400882525
C0027983,negative,0.47689135930545823
C0015070,negative,0.983049677778176
C0024347,negative,0.9962156562273693
C0004474,negative,0.994756231302394
C0013210,negative,0.9813441175582187
C0008359,negative,0.9942146852941559
C0028198,neutral,0.6773357376398281
C0025006,neutral,0.5516112928805617
C0015312,neutral,0.5219158513983442
C0003311,neutral,0.5214402099111202
C0017626,negative,0.9953264610997135
C0013173,neutral,0.6792337298004486
C0011429,negative,0.9843429904783967
C0011571,negative,0.8852741034806816
C0026965,negative,0.9983427159126542
C0005392,neutral,0.5301685668710812
C0024013,neutral,0.7555142011262548
C0021520,neutral,0.7843621357520028
C0015804,negative,0.983049677778176
C0013959,negative,0.9879398081552067
C0016869,neutral,0.46225094411108836
C0025790,neutral,0.5731359591063458
C0004460,neutral,0.6029186108059714
C0018195,negative,0.6353258466176277
C0003787,negative,0.6995451474095524
C0000080,negative,0.6161397882361893
C0022605,negative,0.9966426258971066
C0011831,neutral,0.6409345977212919
C0005068,negative,0.875140882392682
C0026416,negative,0.9799423170090064
C0026567,neutral,0.7070299227795638
C0026579,negative,0.990668233928129
C0012266,positive,0.5063034042443965
C0026771,negative,0.5990856910226608
C0017902,negative,0.9749975429610818
C0017536,negative,0.9324713589995872
C0028512,neutral,0.8042007066344975
C0015344,negative,0.9920571033014254
C0010258,negative,0.9828385410845524
C0000945,negative,0.9874372854384766
C0004213,negative,0.97840567749078
C0000683,negative,0.9947121967947414
C0024162,negative,0.9865508474532181
C0008070,neutral,0.5528656930211037
C0020589,negative,0.9949662074734931
C0006234,neutral,0.5340686009326443
C0013233,negative,0.9690229301565667
C0026292,neutral,0.48769358636742116
C0015604,neutral,0.6273769303655482
C0010285,neutral,0.6495045541017977
C0021632,negative,0.9470482031641883
C0008001,negative,0.9962544784365923
C0016728,neutral,0.6463239167835347
C0018360,neutral,0.484313913994941
C0018823,negative,0.9916992278901241
C0019857,negative,0.9275252744169937
C0017134,neutral,0.7169840093861252
C0022906,negative,0.9959523024757322
C0024329,negative,0.9897244315047945
C0017369,negative,0.9939634151095865
C0010598,neutral,0.5477679807475796
C0022276,negative,0.9468166699776783
C0000515,negative,0.5964661900019402
C0027380,negative,0.9971139417552682
C0008042,neutral,0.7258968726954971
C0018867,neutral,0.6495045541017977
C0028920,neutral,0.5179300616755819
C0002641,negative,0.979100339966891
C0006006,negative,0.9970638784515881
C0017695,neutral,0.6214203844502745
C0016306,neutral,0.580189805474269
C0027524,negative,0.9975532286107067
C0024407,negative,0.9857821916643662
C0019025,neutral,0.5672826457239817
C0022207,neutral,0.5115452813293662
C0008326,negative,0.9918878158666856
C0012232,neutral,0.5187252886414683
C0025697,negative,0.9888631520440356
C0001299,negative,0.9801113257377345
C0019809,neutral,0.5725204646175558
C0012077,neutral,0.6120700529580979
C0006627,negative,0.9563764380671046
C0011507,negative,0.9634044048896123
C0008346,negative,0.9892967014552652
C0028761,neutral,0.5675155151307859
C0017156,negative,0.99621231991139
C0007040,negative,0.9891931628916144
C0016726,negative,0.9843922093209322
C0008919,negative,0.9963809494566946
C0022112,negative,0.9884641956914872
C0000489,negative,0.9974035876197956
C0002665,negative,0.9884158216689432
C0020158,negative,0.9945245035707245
C0029782,negative,0.8443448173803509
C0024527,negative,0.9924514733692194
C0029441,negative,0.9770926821826149
C0012361,neutral,0.6314374214312352
C0019058,neutral,0.35832195106426606
C0018105,negative,0.9943929363572643
C0000055,neutral,0.5279082513447094
C0007141,negative,0.9959388717167347
C0005229,neutral,0.6121221152482365
C0003464,negative,0.9703985330129109
C0000508,negative,0.9696746526997233
C0003032,negative,0.9713442378190219
C0000011,neutral,0.7190852075005645
C0016668,negative,0.9972037180681738
C0010225,neutral,0.4998626348606072
C0024282,neutral,0.456801091997655
C0003280,neutral,0.5769916299943006
C0020064,negative,0.98230474593449
C0011012,negative,0.9955250454156298
C0018599,neutral,0.456801091997655
C0025413,neutral,0.524806061219597
C0014473,negative,0.9842812823575972
C0022873,positive,0.5035737378709727
C0028802,negative,0.9933110092606278
C0020371,negative,0.9975106104186565
C0001362,negative,0.9956573951555321
C0018315,neutral,0.7843621357520028
C0021205,negative,0.5166532961387074
C0005087,neutral,0.5513498358943237
C0026712,negative,0.9751281870870017
C0001829,neutral,0.5983672413654221
C0027413,neutral,0.5899751958344575
C0010366,negative,0.5400515769560595
C0012637,negative,0.9946746877241212
C0005756,neutral,0.7348525253506664
C0025830,negative,0.989320857527743
C0026997,neutral,0.7425729907530759
C0003379,neutral,0.5803998192039903
C0019391,neutral,0.619671361495673
C0020670,negative,0.9656262783586771
C0010418,negative,0.9926448258897754
C0015538,negative,0.581085622666286
C0000293,negative,0.9845456018742395
C0029094,negative,0.9704734980576952
C0004747,neutral,0.5289737155898545
C0013071,neutral,0.7044863746987878
C0001627,negative,0.9945029863538496
C0007980,neutral,0.4631987247049265
C0026838,negative,0.9800384173784003
C0001780,neutral,0.5633534739009242
C0016353,negative,0.9770298506587007
C0028036,negative,0.6033484964049677
C0004466,negative,0.9822009226400774
C0009755,negative,0.9960890116401444
C0017076,neutral,0.6046984694941522
C0015933,neutral,0.5318854846832575
C0014766,negative,0.9326947823363961
C0009983,negative,0.9903449809501237
C0024173,negative,0.9845726716142813
C0003126,negative,0.9949285308570807
C0014344,negative,0.9929521871826065
C0023720,neutral,0.5072730216015064
C0025012,negative,0.9874186659884071
C0015001,negative,0.628004330607181
C0020405,negative,0.9857090084127641
C0025637,neutral,0.6346553385084173
C0017150,negative,0.5089574898687426
C0009541,negative,0.678636432111734
C0002144,negative,0.9963437039219093
C0027766,negative,0.9692680442722833
C0018062,negative,0.9885731108582948
C0018177,negative,0.9676566359129611
C0010321,negative,0.9900417745263255
C0028287,negative,0.9868005536493216
C0003716,negative,0.9959171413278394
C0029799,negative,0.9440961191946756
C0007099,negative,0.5590739475570793
C0012701,negative,0.9866637723827331
C0012401,neutral,0.5816933518217113
C0010353,neutral,0.5233927744473746
C0006695,negative,0.9968780448905908
C0026700,neutral,0.5587167956853476
C0004763,neutral,0.47335008941187434
C0009099,negative,0.9879811796090223
C0027353,negative,0.9922699730076883
C0024010,negative,0.9176493933501493
C0002569,positive,0.4642008462897645
C0021889,negative,0.9959354987703234
C0011102,neutral,0.6340939288861895
C0004124,neutral,0.5327767762846376
C0008624,negative,0.9966413071767238
C0012664,neutral,0.5816933518217113
C0027765,neutral,0.5673291051997706
C0025811,negative,0.53290101014677
C0013199,negative,0.9842700834235765
C0006411,neutral,0.5799980436622539
C0018677,neutral,0.5748296102680702
C0026083,negative,0.9814160357598718
C0019143,negative,0.9889614725639149
C0029641,neutral,0.7953959456208339
C0007089,negative,0.9986747000828787
C0022332,negative,0.9951054684731009
C0015081,negative,0.9888713167294
C0025342,negative,0.9783235774191588
C0014862,neutral,0.5014682981557965
C0020087,negative,0.986207017029767
C0014758,neutral,0.5833748159203503
C0015997,neutral,0.6691891797260995
C0025707,negative,0.9955013872289036
C0023755,neutral,0.5568012016062206
C0028432,negative,0.9898364075417412
C0001486,negative,0.9931836751000842
C0026758,negative,0.6116590294255364
C0008510,negative,0.9959998846680137
C0013052,neutral,0.5596379924254219
C0022148,neutral,0.5875825642701905
C0014428,negative,0.995366029656992
C0017965,neutral,0.6683855479130673
C0012384,negative,0.9948510199646634
C0015574,negative,0.9947591671925001
C0024960,negative,0.9944369647694989
C0023590,negative,0.9894791935361782
C0019578,neutral,0.5672386365162804
C0013321,neutral,0.6097918512738909
C0015957,negative,0.9326947823363961
C0020501,neutral,0.399245114906643
C0005570,neutral,0.5849535412772058
C0016341,negative,0.9954264549669741
C0010975,negative,0.9960504863040898
C0024066,neutral,0.6038835366806283
C0026786,negative,0.9932399284381851
C0017471,negative,0.8208913681111129
C0007573,negative,0.998497683117252
C0018178,neutral,0.6748834916740238
C0005533,neutral,0.581849497979667
C0017499,negative,0.9828166072721809
C0001791,positive,0.5390371003934045
C0006684,negative,0.9898001174019081
C0027362,neutral,0.6788448357759185
C0019453,neutral,0.5279082513447094
C0024317,negative,0.9920566793508582
C0006422,negative,0.9936903694923053
C0011454,negative,0.9942221391135398
C0027687,neutral,0.5056817683177357
C0004570,negative,0.994925203713554
C0012021,negative,0.9900597975438327
C0022070,negative,0.9971519885333955
C0020741,negative,0.9678794093893156
C0015758,negative,0.9901994629203613
C0003335,neutral,0.7583599267263154
C0029846,negative,0.6762170727191574
C0025209,negative,0.9956260427820874
C0009968,neutral,0.5081420667329508
C0029036,neutral,0.629700213630941
C0016173,negative,0.9942668459161929
C0001864,neutral,0.5023982457585915
C0002657,negative,0.9813620567236634
C0010867,negative,0.9885409007890373
C0027553,negative,0.9979806684219141
C0026660,negative,0.9848026452607281
C0002297,neutral,0.7563467070404587
C0005965,neutral,0.6046984694941522
C0026520,negative,0.5275157939275874
C0025785,negative,0.9916023536403908
C0008436,negative,0.965372721800301
C0008369,negative,0.9985187088794842
C0017618,neutral,0.6153774150955196
C0003533,negative,0.9634397370707733
C0001957,neutral,0.5490001950217138
C0012135,neutral,0.6734202248790421
C0003920,negative,0.9870319136307996
C0019793,negative,0.9622470337725506
C0013290,negative,0.9597332741196176
C0018680,neutral,0.5766770926632732
C0014307,neutral,0.5408639635551707
C0001174,negative,0.982725638619816
C0015799,neutral,0.521533827565097
C0019714,negative,0.9889614725639149
C0020661,neutral,0.47962840990871486
C0010378,negative,0.9865604171248994
C0013595,negative,0.99635771859066
C0010306,neutral,0.6786347688377141
C0010707,neutral,0.5057642598232275
C0016195,neutral,0.6481067438552215
C0026276,neutral,0.5744564800906709
C0021638,negative,0.9780349234555593
C0021367,negative,0.9957258767638242
C0001685,negative,0.9986407893941169
C0019985,negative,0.9747420542869626
C0017334,negative,0.9888432009683445
C0001463,neutral,0.53305079009947
C0024671,negative,0.9922993515957624
C0012045,neutral,0.541812367566184
C0001197,negative,0.9930170116035237
C0028981,neutral,0.6508077310221245
C0002061,negative,0.9900417745263255
C0025493,negative,0.9941817591510796
C0004889,neutral,0.5341641125847783
C0006470,negative,0.5510873046389878
C0018954,negative,0.9930112439282273
C0020502,neutral,0.5769916299943006
C0004803,neutral,0.5489297304644352
C0023237,negative,0.9802981228648625
C0024746,negative,0.988568650844259
C0010996,negative,0.990681398104732
C0006028,negative,0.9823881939811837
C0018426,neutral,0.5736519915812585
C0023150,negative,0.991219868702752
C0018353,negative,0.9915637591578577
C0029108,negative,0.9920566793508582
C0003407,neutral,0.7048994146034749
C0003153,negative,0.9947907420004363
C0026557,neutral,0.8119857581500934
C0020643,neutral,0.5027128194395105
C0023021,negative,0.7949472855156368
C0005890,negative,0.9952278084548887
C0001807,negative,0.9874372854384766
C0012178,neutral,0.49035298795351806
C0029171,neutral,0.5957554454553181
C0003715,negative,0.9932581022094684
C0015106,negative,0.9523781952680979
C0007997,negative,0.9326947823363961
C0015242,neutral,0.5744449744291305
C0000038,negative,0.5568385619722356
C0025254,negative,0.9919774910882174
C0012643,negative,0.5985731018763626
C0010655,negative,0.9940183003405019
C0012199,negative,0.9556301596371133
C0012179,negative,0.9932713370502944
C0008803,negative,0.9874372854384766
C0002213,negative,0.9650183995601432
C0001195,neutral,0.5994307102998928
C0004349,neutral,0.535587558618303
C0029425,neutral,0.6346553385084173
C0023013,negative,0.9852682129958171
C0021719,neutral,0.6711779581849588
C0018757,negative,0.5163891142769234
C0004719,negative,0.5956918977807749
C0005412,negative,0.9632555622074369
C0021763,negative,0.9786887214974588
C0001461,neutral,0.56905131770979
C0002449,neutral,0.5620518247453515
C0006312,neutral,0.6569044945137003
C0012205,negative,0.9953267087279225
C0028384,negative,0.9882360444449795
C0010135,negative,0.9685388890339482
C0012663,neutral,0.5191015815398888
C0014488,negative,0.9889794279642072
C0028174,negative,0.9981043096733965
C0029901,negative,0.9297255074705084
C0023999,negative,0.9064053368625077
C0018547,neutral,0.5093379325077403
C0008620,positive,0.5447518059411527
C0001217,negative,0.9919852346263249
C0013142,neutral,0.5462479813513923
C0017624,positive,0.49966895697167
C0029346,negative,0.9886829144761481
C0003235,neutral,0.399245114906643
C0000453,negative,0.9860417718736608
C0014377,neutral,0.5870394988175265
C0017418,negative,0.9918416323253986
C0019207,negative,0.9921179529996514
C0022239,neutral,0.5568474326668449
C0005089,negative,0.9706111164843588
C0003417,negative,0.593104340847515
C0004842,negative,0.9949673673597582
C0003833,negative,0.997303075588008
C0002088,negative,0.9899286387965898
C0007885,negative,0.982725638619816
C0014082,negative,0.9887519963667388
C0013646,negative,0.9940183003405019
C0016185,neutral,0.6539061059203536
C0019170,negative,0.4898124028388131
C0023417,neutral,0.6407154877884271
C0007483,negative,0.975172932941815
C0004512,negative,0.9944244587262575
C0010383,neutral,0.792363693603216
C0029964,negative,0.9909508308694498
C0019449,negative,0.5568385619722356
C0019526,neutral,0.5833248269157424
C0028762,negative,0.9934032112087924
C0009045,negative,0.988568650844259
C0009614,neutral,0.5110228819573367
C0021322,negative,0.6428050984647949
C0012662,neutral,0.5728650254609238
C0028757,negative,0.5263107771183961
C0015991,neutral,0.5931346789423589
C0029925,negative,0.9770404611226563
C0028040,neutral,0.6566941290911009
C0024258,neutral,0.7419775819175219
C0018995,negative,0.9975775771529082
C0000331,neutral,0.5638031870847985
C0022430,negative,0.9943721808117484
C0015432,neutral,0.6585166594040703
C0018773,neutral,0.5988884598835987
C0016394,neutral,0.5384003360345982
C0023445,neutral,0.6653683647421405
C0022945,negative,0.9944208447885176
C0026374,negative,0.996415547304974
C0018943,negative,0.9963242324539883
C0027005,neutral,0.5744564800906709
C0009568,neutral,0.6888464412565298
C0028028,neutral,0.6915338244143076
C0011300,neutral,0.5533118055471741
C0012379,negative,0.992066006179828
C0000808,negative,0.9956930185876804
C0009875,neutral,0.5606849146962781
C0005262,neutral,0.5729305698248934
C0021473,negative,0.9910919528872727
C0023033,negative,0.9924036688119203
C0013332,negative,0.9944306494533744
C0020897,neutral,0.40157931123180746
C0016303,negative,0.9974739466373983
C0017086,negative,0.9952911368767143
C0017678,neutral,0.5619337550800414
C0029274,negative,0.9932046175309355
C0010848,neutral,0.5967839642323434
C0004204,neutral,0.6566941290911009
C0029517,negative,0.9941557164268783
C0010033,negative,0.990504460914296
C0004516,neutral,0.4161080273814775
C0005599,neutral,0.6208550410840816
C0006931,neutral,0.6112687854469356
C0017396,neutral,0.5548896756250525
C0007494,negative,0.9944991676619207
C0002738,neutral,0.6282658405225007
C0007198,neutral,0.662509969386119
C0012666,negative,0.9779761970112478
C0014450,neutral,0.782490747169965
C0026540,negative,0.9590338688114465
C0003800,negative,0.9900948704150183
C0017927,negative,0.974514435235285
C0003093,neutral,0.555100103883373
C0015207,negative,0.9916338437438177
C0026022,neutral,0.6788982784740327
C0026797,neutral,0.6877262427326928
C0005396,negative,0.9966546842184494
C0001204,neutral,0.4935020861179233
C0010720,neutral,0.62258789281526
C0022676,negative,0.995482834706828
C0019492,neutral,0.6375665763991682
C0013267,neutral,0.5637507254810465
C0006779,neutral,0.5220904432923387
C0025946,negative,0.5166532961387074
C0028506,negative,0.9658629048772215
C0017104,negative,0.9939634151095865
C0013763,negative,0.989752022250732
C0022823,negative,0.977338946377379
C0006617,negative,0.985736255761669
C0029412,neutral,0.634240802602038
C0008935,negative,0.9708371100906521
C0019051,neutral,0.5765916081818658
C0005805,negative,0.5398338663556468
C0010673,neutral,0.6683853961168935
C0018876,neutral,0.4946092392337791
C0025356,negative,0.8338759455980999
C0028378,negative,0.9960890116401444
C0007162,negative,0.9935809331262173
C0009605,negative,0.9967187914449848
C0016204,negative,0.9780733862737083
C0002336,neutral,0.6137654043984544
C0015542,neutral,0.6265247020134996
C0010898,negative,0.9912743643994892
C0010247,neutral,0.516062117003317
C0004785,neutral,0.5223108842630317
C0026669,negative,0.9988773864848811
C0006827,negative,0.9941735223172522
C0027916,negative,0.9833313128260287
C0023230,neutral,0.5057183999913056
C0023736,negative,0.9908750223601872
C0018164,negative,0.9736259563147931
C0015706,neutral,0.7961453965141325
C0025780,negative,0.984370082232067
C0020364,negative,0.9889037673044082
C0016654,negative,0.9915610975391148
C0028640,negative,0.9854984618590947
C0004314,negative,0.995975987788392
C0027890,negative,0.9670655560649987
C0029123,negative,0.9971520279253907
C0009306,neutral,0.5731359591063458
C0026731,neutral,0.7164175297412985
C0004939,negative,0.9937288101793278
C0026111,negative,0.9851072101814226
C0014369,negative,0.9697426907679988
C0012096,negative,0.9983584696779505
C0007020,positive,0.47819134343316916
C0006791,negative,0.9959354987703234
C0019832,neutral,0.7031992185821639
C0020903,neutral,0.40031554483488985
C0016349,negative,0.9967262251187249
C0000282,negative,0.5660949966198178
C0001019,negative,0.9801405600925501
C0013629,negative,0.9984019112840774
C0012091,neutral,0.6011684189322684
C0028265,negative,0.986291055334469
C0008766,neutral,0.6040300998210534
C0002433,negative,0.9873505894046715
C0007364,negative,0.9877068514915325
C0027918,negative,0.9892837409796409
C0008025,negative,0.9807338051384037
C0026641,negative,0.9057650387158612
C0011915,neutral,0.6157046419464393
C0004854,positive,0.4678540883919809
C0017151,negative,0.9884885745956948
C0026678,negative,0.9867472752093102
C0010127,negative,0.993172131572723
C0028392,negative,0.9952845026462581
C0023737,negative,0.9852153772281822
C0023189,negative,0.9847849642336917
C0009053,negative,0.9544612991802055
C0014439,neutral,0.5498140163155999
C0008705,neutral,0.601603465968055
C0015225,negative,0.9924807091932932
C0013367,negative,0.9980925208074273
C0016417,negative,0.9907052832008416
C0015280,neutral,0.5827569413654107
C0026247,negative,0.96826977951955
C0022423,neutral,0.5994307102998928
C0022513,negative,0.9947121967947414
C0027398,neutral,0.6398873804850382
C0018341,neutral,0.5744449744291305
C0028461,negative,0.9899468695466588
C0017422,neutral,0.6466273136081037
C0021373,negative,0.9913537150744293
C0021303,neutral,0.6617287882322486
C0019457,neutral,0.5546628679757448
C0005732,negative,0.9772518464225427
C0005806,negative,0.9946381318240554
C0027096,negative,0.9952845026462581
C0029197,negative,0.9740269059509907
C0016766,neutral,0.5687722058706659
C0001950,negative,0.9853086763843173
C0004776,neutral,0.5179300616755819
C0008105,negative,0.9932848913343721
C0003451,negative,0.9341708577257284
C0019405,neutral,0.5024899992474909
C0001137,neutral,0.4507283616531102
C0022950,neutral,0.6267634336647508
C0023672,neutral,0.5159193606598024
C0008187,neutral,0.5256939333712388
C0023940,negative,0.9863099108224245
C0019275,negative,0.998006707018415
C0004717,neutral,0.36059741733632467
C0022405,negative,0.9868110606962954
C0022862,negative,0.9772181654297859
C0002705,negative,0.9850370249989673
C0014259,neutral,0.6997760400730393
C0000529,negative,0.98732369705006
C0002526,neutral,0.5524165937555564
C0006668,negative,0.9972787058118378
C0022732,negative,0.9937013491498866
C0015963,negative,0.7129735261016947
C0019153,neutral,0.7364180953596645
C0021598,neutral,0.4731863225262556
C0023549,neutral,0.618714444885994
C0009127,negative,0.9945691881363016
C0013974,neutral,0.7167296349525717
C0006876,neutral,0.6147828441117934
C0003422,negative,0.9806077000859974
C0001445,negative,0.997655267680661
C0024176,neutral,0.7120786900757025
C0007242,negative,0.9820333598550927
C0015286,negative,0.5391929043662992
C0015806,neutral,0.6162531913391804
C0011302,negative,0.957570649578454
C0028729,negative,0.9890523546788458
C0014859,negative,0.9973246148193748
C0018020,negative,0.9639889441505285
C0028426,negative,0.9580062945662944
C0010968,negative,0.9898557004894707
C0000335,negative,0.9845866925857646
C0027749,neutral,0.5339807741627507
C0025293,negative,0.9712865756328394
C0019080,neutral,0.456801091997655
C0009325,negative,0.992100784302703
C0014249,negative,0.9953912370739822
C0024787,positive,0.3913327811991893
C0005009,neutral,0.44221942801732234
C0015158,negative,0.9952845026462581
C0003307,negative,0.9881548025143293
C0014622,negative,0.9987234453576224
C0006321,negative,0.9962095701164158
C0021252,negative,0.9897244315047945
C0001210,negative,0.9916082896657806
C0012890,negative,0.9955494528697522
C0004350,negative,0.982494721106534
C0000938,negative,0.5638228791953606
C0018175,negative,0.9834486507331708
C0006597,negative,0.9972007848053318
C0020205,negative,0.9958683442196474
C0000029,negative,0.7054586526622658
C0027233,negative,0.9972551146712759
C0016731,neutral,0.5767568269629207
C0010817,neutral,0.43189650049621847
C0027926,neutral,0.6046984694941522
C0010842,negative,0.9799707397488816
C0004926,negative,0.9750658248514389
C0020494,neutral,0.6562703581039341
C0007294,negative,0.9968858137607933
C0017671,negative,0.9934145675885524
C0000543,negative,0.857192641877496
C0001202,neutral,0.6241049654725914
C0014158,negative,0.9681719704294531
C0018712,negative,0.9979809301129708
C0004801,negative,0.9968858137607933
C0026938,negative,0.9083549471232839
C0022122,negative,0.9911376411854935
C0005424,negative,0.9875154435720053
C0021826,negative,0.9926684537143785
C0015408,negative,0.9599890694109512
C0003478,positive,0.4974339895533929
C0019834,negative,0.9610936714416567
C0004242,neutral,0.5198054467817631
C0006509,neutral,0.614769039892102
C0010310,negative,0.9794240650013484
C0026445,negative,0.7391718518228398
C0017682,neutral,0.6275419671282217
C0016215,negative,0.9987735251751718
C0019401,neutral,0.7114480214029418
C0017474,negative,0.9837906020277938
C0004032,negative,0.9942451263650957
C0028799,negative,0.9960922156051415
C0019886,neutral,0.6598802417272531
C0019912,neutral,0.7274425676763765
C0026721,negative,0.9846501099962801
C0027160,neutral,0.5727987317384965
C0011877,negative,0.9964510908723304
C0002396,neutral,0.5893526131626033
C0023801,negative,0.9945261550516534
C0027041,neutral,0.5920385324826815
C0007727,neutral,0.5095458876853926
C0024139,positive,0.4406787766425497
C0023069,negative,0.9915678978373459
C0012909,negative,0.9962753394879744
C0011882,neutral,0.49541797282813227
C0004417,negative,0.966093506434539
C0027406,negative,0.9964260415169511
C0019495,neutral,0.5773577157416218
C0001528,negative,0.8323030795481718
C0015905,negative,0.9953787037283757
C0025634,negative,0.994176116581786
C0003304,neutral,0.6811059080757499
C0029116,negative,0.5590739475570793
C0010350,negative,0.685891394497446
C0007876,negative,0.9955459634027346
C0018077,negative,0.982725638619816
C0004609,negative,0.9959705940107629
C0024588,neutral,0.5187640810180097
C0029443,negative,0.997303075588008
C0016036,neutral,0.687877235743263
C0014634,neutral,0.5906572779835574
C0027070,negative,0.9430539581508013
C0029787,negative,0.9811388823275576
C0025370,negative,0.6023320386413278
C0021269,negative,0.9931672582716444
C0019860,negative,0.9673686858036807
C0022297,neutral,0.6788521905985676
C0002851,positive,0.5137792472869552
C0014152,negative,0.9964215683231694
C0008879,negative,0.9975643910371172
C0014831,neutral,0.5604697467139691
C0017713,negative,0.9883332604895069
C0025750,negative,0.9973903271266177
C0007108,neutral,0.5903513253529691
C0004151,negative,0.9754246621786677
C0016890,negative,0.9912045671132538
C0028281,negative,0.47177724764017465
C0015104,negative,0.9932046175309355
C0015855,neutral,0.5865684170872262
C0013086,negative,0.9831705212175621
C0017866,neutral,0.5851182521966848
C0006103,neutral,0.5931346789423589
C0025928,negative,0.995947632588891
C0022129,negative,0.9956717307878735
C0023090,negative,0.9647433089311127
C0017781,negative,0.9972260279987941
C0003579,negative,0.7532146080968168
C0014801,neutral,0.5929057732067752
C0027307,neutral,0.5761379996265704
C0024011,neutral,0.5920385324826815
C0021246,negative,0.628796246839394
C0021425,negative,0.5374881370726418
C0023314,neutral,0.6280850046342875
C0024813,neutral,0.7227716344206627
C0010507,negative,0.9954641155385776
C0008748,neutral,0.6265736315244533
C0024348,negative,0.9962528443857628
C0009852,neutral,0.38534223172408677
C0023358,negative,0.5193642219911221
C0005320,neutral,0.5396163390848371
C0015019,neutral,0.5511606798592732
C0007609,neutral,0.36045512013052433
C0007758,positive,0.5073729742731967
C0013760,negative,0.9918195450629861
C0025590,negative,0.99019990670142
C0025162,neutral,0.5776208213433375
C0011935,negative,0.9954699598446085
C0025886,neutral,0.5883380862820616
C0017628,neutral,0.6627843350494921
C0023629,negative,0.9962152162756699
C0001849,negative,0.9876484824699497
C0012972,negative,0.9960504863040898
C0029290,negative,0.6353258466176277
C0029407,negative,0.9915725304191839
C0009547,negative,0.998817279234805
C0000648,negative,0.969013556544303
C0025063,neutral,0.7091521743775605
C0010031,negative,0.9746191948085793
C0000747,negative,0.9932399284381851
C0023130,negative,0.994756231302394
C0022152,negative,0.927747143945102
C0024716,positive,0.5073492268409473
C0022135,neutral,0.6215450875691699
C0006594,neutral,0.5706355096321909
C0010438,neutral,0.586939801707877
C0016879,negative,0.979570708060155
C0001983,negative,0.7531293583983784
C0019221,negative,0.992323090002682
C0021993,neutral,0.6875030319483296
C0005889,negative,0.9933110092606278
C0006951,negative,0.9952867737748359
C0008554,neutral,0.6257648152557366
C0007170,negative,0.9908664954050153
C0000868,negative,0.9899929821303113
C0019168,negative,0.9943855874239349
C0013375,neutral,0.6137654043984544
C0006072,negative,0.9914589035449565
C0013015,negative,0.9954141491657328
C0002006,negative,0.9907770696536204
C0007875,negative,0.9755191811588779
C0026275,negative,0.9932399284381851
C0003042,negative,0.9962961273127796
C0027367,negative,0.9962946887179542
C0029118,neutral,0.5718431477011379
C0016714,negative,0.9601745479884014
C0010831,negative,0.9878548864308229
C0028953,neutral,0.6590228321052081
C0013487,negative,0.964376469290482
C0004120,negative,0.9845873217987098
C0010409,negative,0.5426633248850304
C0005350,negative,0.9972007848053318
C0027287,negative,0.9962151436939727
C0005219,negative,0.9933613385440997
C0014398,negative,0.9375601461441285
C0009826,negative,0.9986747000828787
C0006582,negative,0.9745844127883313
C0016843,negative,0.9764538698582464
C0007507,neutral,0.5198054467817631
C0024020,neutral,0.5547137149040958
C0010120,negative,0.9918878158666856
C0021629,negative,0.9763308075452042
C0027249,negative,0.9702475538863164
C0006836,neutral,0.641443957164184
C0018380,neutral,0.6138109362658705
C0020059,negative,0.9916538218551069
C0011131,negative,0.9936472370279162
C0024352,neutral,0.6841885546801965
C0026231,neutral,0.7364180953596645
C0000143,neutral,0.6053634228510134
C0000979,negative,0.9805184978004307
C0026170,neutral,0.5640742087338749
C0001847,neutral,0.5934132612352545
C0026658,neutral,0.5057487980162072
C0014345,negative,0.5273903405762622
C0003976,negative,0.9879634738907392
C0021337,negative,0.9899080463380577
C0013095,neutral,0.5195089136101734
C0009531,negative,0.979536605007529
C0019864,neutral,0.5976845446119257
C0011622,neutral,0.5190462096567102
C0005382,neutral,0.6821144055658748
C0014679,negative,0.6619598791632066
C0024091,negative,0.99470414124299
C0010601,neutral,0.47715511069314537
C0025756,neutral,0.5764028017272146
C0003907,negative,0.9926684537143785
C0016240,neutral,0.619671361495673
C0022144,negative,0.9809618430787519
C0005783,negative,0.9955124923964996
C0029361,negative,0.997303075588008
C0012237,negative,0.985830956941934
C0017297,neutral,0.5763719418696438
C0024775,neutral,0.687877235743263
C0021940,negative,0.99400601935313
C0006934,negative,0.9918625209063632
C0028004,negative,0.9785877702307088
C0001246,neutral,0.5266187486969475
C0008563,negative,0.993172131572723
C0018112,neutral,0.614046746796178
C0022174,negative,0.9799277144565537
C0016771,negative,0.979100339966891
C0018188,negative,0.9952845026462581
C0006574,negative,0.9898520527450787
C0024119,neutral,0.5164078147924853
C0006136,negative,0.9905684172701138
C0007548,neutral,0.5933179481132094
C0023386,negative,0.9487025980085378
C0014746,negative,0.9918195450629861
C0014142,negative,0.9864729309151677
C0015952,neutral,0.5504751494151108
C0021177,negative,0.9835023905418192
C0019693,negative,0.9903029198281692
C0028881,negative,0.9913878114703045
C0026340,negative,0.9670057046216056
C0020999,negative,0.998006707018415
C0029996,neutral,0.779735452599013
C0005740,neutral,0.6087587384586405
C0009469,negative,0.9854051143885402
C0020468,negative,0.9896632073458029
C0027565,negative,0.9884154582464896
C0009360,neutral,0.5761379996265704
C0022141,neutral,0.5903513253529691
C0027886,negative,0.5685018763300432
C0021910,neutral,0.5212850687181719
C0017144,neutral,0.5182066894419501
C0022951,negative,0.9955459634027346
C0022287,neutral,0.613153775075374
C0025123,neutral,0.6105977810748865
C0002806,negative,0.990504460914296
C0022246,negative,0.9877685345467999
C0029207,negative,0.8086554045321801
C0000358,negative,0.9972655931484796
C0024633,neutral,0.614046746796178
C0010794,negative,0.9895807484452784
C0005846,neutral,0.6061635332985261
C0022244,negative,0.9864707184591354
C0003849,negative,0.9794240650013484
C0006082,neutral,0.5620259548297949
C0008238,negative,0.995232252191979
C0014912,negative,0.9932581022094684
C0012236,neutral,0.616324958114178
C0007528,neutral,0.6569386600358232
C0003393,negative,0.993926416002008
C0017940,neutral,0.4147893547261708
C0014720,negative,0.9874396766804114
C0004625,negative,0.9908633950591715
C0003266,negative,0.983235646689927
C0009093,negative,0.9901018763488662
C0022494,negative,0.9898364075417412
C0027982,negative,0.994127007089054
C0008416,negative,0.9945724358156839
C0004119,negative,0.9962753394879744
C0024846,neutral,0.5980666509365992
C0024431,negative,0.9915637591578577
C0019432,negative,0.9758760629159342
C0019281,negative,0.9965913540649238
C0004207,negative,0.9946746877241212
C0016493,neutral,0.5920385324826815
C0007781,neutral,0.6087587384586405
C0004654,neutral,0.5776208213433375
C0015020,neutral,0.6137654043984544
C0014370,negative,0.8085038230158753
C0029064,negative,0.5421371111875651
C0024445,negative,0.9884154582464896
C0026627,negative,0.9975820333456901
C0001616,negative,0.9773448724693556
C0003390,neutral,0.43257454927974925
C0021334,negative,0.5685018763300432
C0017464,neutral,0.6815682297504825
C0007227,neutral,0.6016354367911427
C0019588,negative,0.9949673673597582
C0013341,negative,0.9905230427937032
C0024322,negative,0.910272929552615
C0024799,negative,0.99177030598824
C0017990,neutral,0.5277765165368461
C0009359,neutral,0.5456029749045763
C0005429,negative,0.9326947823363961
C0008236,neutral,0.6569386600358232
C0025310,negative,0.8423290029781692
C0011820,neutral,0.45129956198299187
C0021419,negative,0.9936441416861976
C0010467,negative,0.9920660323115372
C0029786,neutral,0.5394105560908644
C0000164,negative,0.9842092772715743
C0005683,neutral,0.7452472096786266
C0008226,negative,0.9928888159412562
C0019317,neutral,0.5606849146962781
C0006092,negative,0.9801405600925501
C0013785,negative,0.8144530464562189
C0023020,neutral,0.779849053318802
C0006215,negative,0.5711115999360448
C0001345,neutral,0.5934980893903565
C0029356,negative,0.9853086763843173
C0008566,negative,0.9920660323115372
C0013818,negative,0.9970227966751881
C0026790,negative,0.9854984618590947
C0005569,negative,0.9883346100995151
C0006389,negative,0.9844715051389098
C0007830,negative,0.9892798109271145
C0026600,negative,0.9954281201053362
C0004832,neutral,0.5095573009815293
C0024161,negative,0.9852302434459507
C0006870,negative,0.9915725304191839
C0006646,neutral,0.678926760064092
C0010121,negative,0.9945724358156839
C0020387,negative,0.988568650844259
C0024082,neutral,0.6924614867808256
C0002146,positive,0.5255334363998082
C0017042,negative,0.9973069612676944
C0015464,negative,0.9795812276127365
C0027998,negative,0.9977985499395522
C0025856,neutral,0.7517676514609333
C0016825,negative,0.9934079130251849
C0000952,neutral,0.6063632467274652
C0029829,negative,0.9959171413278394
C0020512,neutral,0.5701946921598342
C0025857,negative,0.9914589035449565
C0018117,negative,0.9758316397712162
C0004634,negative,0.9884154582464896
C0028859,negative,0.9963437039219093
C0010954,neutral,0.6510498200125242
C0014208,negative,0.9934145675885524
C0003909,negative,0.9714598880821668
C0020392,negative,0.989141932491683
C0017073,negative,0.9572249526046811
C0011206,positive,0.3417762524335567
C0011975,negative,0.9938777026353982
C0003079,negative,0.9934693726262835
C0006369,negative,0.9934032112087924
C0003182,negative,0.6094409556314749
C0016510,negative,0.9750257021333415
C0001241,negative,0.986207017029767
C0016943,negative,0.9962309451907244
C0003337,negative,0.9849450051085271
C0010835,negative,0.964376469290482
C0008756,neutral,0.5360575014183767
C0017706,negative,0.8570510024863052
C0022532,negative,0.9878337874337163
C0008746,negative,0.9704430296076048
C0014655,negative,0.9963979048759499
C0022999,negative,0.9292296631996868
C0028154,negative,0.9722133425381835
C0008955,negative,0.9919878649427287
C0019238,negative,0.936565152440074
C0021301,negative,0.9727338960538371
C0021275,negative,0.9842700834235765
C0017049,neutral,0.7288462819319241
C0022290,negative,0.9639889441505285
C0016597,negative,0.991383722191043
C0022694,negative,0.8493598632822508
C0011769,negative,0.9977937401874087
C0007073,negative,0.990990852353991
C0028970,negative,0.9749279766475181
C0023950,positive,0.3913327811991893
C0002999,negative,0.9945245035707245
C0017878,negative,0.9963908126094461
C0001413,negative,0.9659631713923603
C0028156,negative,0.9831705212175621
C0002491,negative,0.9926684537143785
C0002964,negative,0.5166532961387074
C0029589,negative,0.615374093342316
C0009908,negative,0.9919159419748536
C0005313,neutral,0.5142774837237959
C0017858,negative,0.9969177580769276
C0010762,neutral,0.5731359591063458
C0004377,neutral,0.46107519515938056
C0024298,negative,0.9824569704828781
C0018100,neutral,0.634400214537284
C0006329,neutral,0.5608039369670077
C0026859,negative,0.6174010532405917
C0002769,negative,0.9713262672551383
C0027228,negative,0.9970544048235889
C0018070,negative,0.9925401148849637
C0007127,negative,0.9970638784515881
C0000556,neutral,0.6137654043984544
C0029934,negative,0.8095681877424357
C0020208,negative,0.9790388457516089
C0006994,negative,0.9980925208074273
C0028203,negative,0.9888492058072064
C0016755,negative,0.9831705212175621
C0009582,negative,0.9943721808117484
C0023191,negative,0.9921010296265221
C0023326,negative,0.8283110919100937
C0002365,negative,0.5668024147482381
C0020271,negative,0.9976935038176614
C0028017,negative,0.9797251444219017
C0024992,neutral,0.558309275445559
C0023290,neutral,0.6046984694941522
C0001402,neutral,0.6224827518005003
C0020415,negative,0.949886576546728
C0008640,negative,0.991383722191043
C0004046,negative,0.685891394497446
C0025490,neutral,0.6690932590422765
C0023942,neutral,0.5190462096567102
C0009925,negative,0.9826435852428851
C0002524,negative,0.996572553956715
C0023239,neutral,0.5640599373884266
C0015014,negative,0.9817936118407598
C0021661,negative,0.9966426258971066
C0010204,neutral,0.6398873804850382
C0007749,negative,0.9968973780787953
C0029810,negative,0.993926416002008
C0021998,negative,0.9936472370279162
C0014359,neutral,0.5049443613259672
C0021131,negative,0.9911376411854935
C0010523,negative,0.9845726716142813
C0021360,neutral,0.5087146686708772
C0007788,negative,0.9963179179259506
C0021297,negative,0.9885376208242969
C0019577,negative,0.9917572934143651
C0002685,negative,0.5796147564580229
C0016235,neutral,0.557885239385016
C0020133,negative,0.4471806846139551
C0027849,neutral,0.520326726856395
C0016478,negative,0.9975643910371172
C0015846,neutral,0.5187640810180097
C0009847,neutral,0.5230557945720518
C0022433,negative,0.997655267680661
C0025528,positive,0.5006427442794957
C0002621,negative,0.9879961763546424
C0014228,positive,0.5051595912554686
C0018996,negative,0.9921554453743933
C0003521,negative,0.9852682129958171
C0006710,negative,0.952808340604286
C0012213,negative,0.955831139729704
C0024842,neutral,0.7155906894299953
C0020858,negative,0.7297548162603896
C0022737,negative,0.9947907420004363
C0013122,positive,0.49715785938880774
C0001975,negative,0.9494755871504651
C0017058,neutral,0.5239401166678056
C0017586,neutral,0.6219606045994408
C0007445,neutral,0.6018309116955138
C0011762,negative,0.9769497731785034
C0011297,neutral,0.586486470120438
C0029870,negative,0.9931407804999273
C0002191,neutral,0.589422075142319
C0018277,negative,0.9735504334077778
C0024596,negative,0.9926200414127883
C0009389,negative,0.9665686383373591
C0008520,negative,0.5719161466555387
C0000701,negative,0.9156112993992515
C0022677,negative,0.7910430284604782
C0010540,negative,0.9972007848053318
C0019099,negative,0.9948137450423931
C0006613,neutral,0.539822686044081
C0007418,negative,0.9974083097906737
C0005929,neutral,0.687877235743263
C0017664,negative,0.9709036341791731
C0019509,neutral,0.5033599711512987
C0008341,neutral,0.5687722058706659
C0002571,neutral,0.5687722058706659
C0004530,negative,0.9796662052466266
C0028209,neutral,0.6615063466686277
C0014030,neutral,0.5586258445709168
C0022772,negative,0.991088278968275
C0016461,negative,0.9973408715450045
C0009898,negative,0.9692452254941893
C0014983,neutral,0.3888102929111026
C0024581,neutral,0.4986459337283606
C0019719,neutral,0.43685638140631733
C0023575,neutral,0.46400123838667956
C0010784,negative,0.9938755860706909
C0010294,neutral,0.6449776442122026
C0020683,neutral,0.5459807204138887
C0020738,negative,0.5660357232218828
C0003631,negative,0.9888857591147078
C0016451,negative,0.9962277403049404
C0015475,negative,0.9767015308125645
C0005244,neutral,0.7511383274251375
C0026320,negative,0.5964661900019402
C0013493,positive,0.4802156689310985
C0013543,neutral,0.5607718776252753
C0005847,negative,0.9969707966280701
C0023464,neutral,0.5546628679757448
C0027171,negative,0.9920961317466174
C0027858,negative,0.9748715898307435
C0010615,negative,0.9842017212753791
C0012893,negative,0.5013821074893648
C0005642,neutral,0.7288462819319241
C0003206,neutral,0.7637013723883737
C0016682,negative,0.5533237208556483
C0008081,negative,0.9928102182818043
C0003318,negative,0.9960059962892449
C0025795,negative,0.9917572934143651
C0007005,neutral,0.568114554894433
C0028363,neutral,0.5427782041392266
C0019486,negative,0.990645585576366
C0016498,negative,0.9832440894315064
C0000146,neutral,0.6928061026890949
C0006044,neutral,0.6175492597113879
C0026864,neutral,0.5283447470422795
C0002217,negative,0.6762170727191574
C0007107,neutral,0.6126523536989916
C0002136,neutral,0.3884032187969167
C0023742,negative,0.9852043737935583
C0004973,negative,0.533573196309271
C0029576,negative,0.9747970072648315
C0022398,negative,0.9800778040836965
C0011739,negative,0.9783424716967539
C0005628,negative,0.9978450550368095
C0004703,negative,0.9952237264616827
C0019485,negative,0.990008803678203
C0000203,neutral,0.5801896790240919
C0002480,neutral,0.5442807083404809
C0028662,neutral,0.5449322455337493
C0013583,neutral,0.5964139542880247
C0004977,negative,0.9833313128260287
C0015772,negative,0.995256804204748
C0000514,negative,0.9852233565490914
C0020450,negative,0.9837112660889605
C0009220,negative,0.9857090084127641
C0007289,neutral,0.6592830004133358
C0001115,negative,0.9922016177641193
C0009509,negative,0.9898364075417412
C0013817,neutral,0.5202893983846901
C0022505,negative,0.9928029113573195
C0016109,negative,0.9768267892311902
C0013152,negative,0.9919774910882174
C0022930,negative,0.9800778040836965
C0023989,negative,0.9903127439377286
C0019046,neutral,0.5906572779835574
C0017066,negative,0.9808691810481978
C0009716,negative,0.9952550939635881
C0019738,neutral,0.6203169530138573
C0022659,neutral,0.541812367566184
C0029482,negative,0.5510873046389878
C0017166,negative,0.9903351867994618
C0029789,negative,0.980016860827324
C0021164,neutral,0.6026656811950216
C0013079,neutral,0.5817311002352988
C0005306,negative,0.9920983389361577
C0027815,negative,0.9803887309123114
C0028301,negative,0.9175528359417644
C0019533,negative,0.8518339199680145
C0002062,negative,0.9690229301565667
C0006477,neutral,0.6268289837373638
C0015516,negative,0.9859580658099735
C0000711,neutral,0.5463924486717244
C0027666,negative,0.5614802078478706
C0026383,negative,0.98022510146228
C0020681,negative,0.6017396509555665
C0026099,negative,0.5685018763300432
C0026548,negative,0.9326947823363961
C0019105,negative,0.9843420543615105
C0012004,negative,0.8755102925517687
C0020102,negative,0.9968858137607933
C0010379,negative,0.998006707018415
C0015178,negative,0.9898191539213504
C0022067,neutral,0.680832379322566
C0020885,negative,0.9589766971434015
C0028989,neutral,0.6606665535377397
C0021810,neutral,0.641443957164184
C0023673,negative,0.9933784270875503
C0017627,neutral,0.5585590645069748
C0001118,negative,0.9931832881563478
C0021840,negative,0.9945639200837226
C0015339,negative,0.9968772533580892
C0019937,negative,0.9871700245393813
C0015027,neutral,0.5388408466314553
C0027516,negative,0.9888153525112139
C0013770,neutral,0.6147828441117934
C0027089,negative,0.9976935038176614
C0026136,negative,0.9938771380656172
C0003576,neutral,0.5735054078699188
C0012168,neutral,0.5659390085887099
C0009069,neutral,0.6118626964049537
C0028873,negative,0.9473610670364584
C0009782,negative,0.9977937401874087
C0005903,negative,0.9903936283344182
C0000935,neutral,0.5773577157416218
C0005981,negative,0.9747545497292496
C0021290,neutral,0.5848749802009877
C0016648,negative,0.963280092780771
C0009214,negative,0.593104340847515
C0006385,negative,0.9706369029821215
C0025864,negative,0.9952332004600684
C0023183,neutral,0.6546909745372671
C0012812,negative,0.9905684172701138
C0000015,negative,0.9928567104154887
C0011961,negative,0.9884755087824653
C0020274,negative,0.9867171731846869
C0003270,negative,0.9978794909913695
C0014074,negative,0.9944740305278532
C0023220,negative,0.9972219015955769
C0025429,neutral,0.5250852054385983
C0027920,neutral,0.5490001950217138
C0001664,negative,0.9888714208035696
C0008657,neutral,0.5397145208272675
C0019244,neutral,0.7531526529282571
C0022400,neutral,0.5727192587994653
C0017475,negative,0.9937367048099403
C0002478,negative,0.9777951780128352
C0004361,neutral,0.45217153334518556
C0020280,negative,0.9835184844961717
C0009685,negative,0.9937562212461489
C0000265,negative,0.9929367920385266
C0021388,negative,0.9915327400728343
C0013511,neutral,0.516320779487829
C0016915,neutral,0.5928573032562457
C0008696,neutral,0.5966757427226476
C0004094,negative,0.6344690238249625
C0012830,negative,0.977851794260199
C0018691,negative,0.9654168675525607
C0014002,negative,0.8954396674678894
C0001314,neutral,0.5907314440636601
C0008992,negative,0.48693229124646187
C0001322,negative,0.9821048446040156
C0018584,negative,0.9974896011714847
C0023933,negative,0.9713063758555113
C0021727,negative,0.6723237284893877
C0025602,neutral,0.46400123838667956
C0009731,negative,0.9831705212175621
C0015486,negative,0.9531600715090951
C0018571,negative,0.9879707272210664
C0018772,neutral,0.5264756065249633
C0027956,negative,0.9964198048183236
C0005365,neutral,0.7777636749390248
C0027282,negative,0.988808934314301
C0007039,negative,0.9793413893926147
C0019800,negative,0.9772667902651554
C0002265,negative,0.9945724358156839
C0008543,negative,0.9937120483163272
C0001125,neutral,0.585276049465726
C0029688,negative,0.975709518898183
C0024991,negative,0.9851823801638292
C0000797,neutral,0.5572739190943166
C0015276,negative,0.9702147743499521
C0019087,negative,0.9964961552752047
C0011792,neutral,0.6413103953165785
C0013196,negative,0.6116590294255364
C0020887,negative,0.9859531310823997
C0007452,neutral,0.5487101680304246
C0013525,negative,0.9963437039219093
C0029227,negative,0.9857081358967402
C0010724,neutral,0.5257881384270786
C0022746,negative,0.9879398081552067
C0001730,negative,0.984370082232067
C0010286,negative,0.9854709630031278
C0026773,neutral,0.6680653266994715
C0013000,negative,0.9664214030597666
C0015775,neutral,0.6639684210421644
C0026853,negative,0.9975775771529082
C0000727,neutral,0.6178912558388059
C0023867,neutral,0.5779934782714052
C0000574,negative,0.9898520527450787
C0011948,negative,0.9755529379110566
C0021438,negative,0.9929516399310832
C0009268,negative,0.994283763320565
C0007158,negative,0.9958642474996705
C0008658,neutral,0.62258789281526
C0003906,negative,0.9736259563147931
C0014477,negative,0.9815386524590183
C0002636,negative,0.9890141784859162
C0012434,negative,0.9810531969994865
C0002968,neutral,0.7275569373337718
C0010193,neutral,0.6015141719370617
C0022267,negative,0.9965925064847709
C0027782,negative,0.9980908156811751
C0026026,negative,0.9674695282443028
C0023536,negative,0.9805278498634368
C0022272,negative,0.9932046175309355
C0005502,negative,0.9867418924328903
C0001128,negative,0.9882847891190923
C0024205,negative,0.9938610622093204
C0017071,neutral,0.5461139261328999
C0006899,negative,0.99802092272826
C0002341,neutral,0.77492738447181
C0013960,neutral,0.5974634794936723
C0022876,negative,0.9932848913343721
C0013246,neutral,0.634400214537284
C0019446,negative,0.9440018913858348
C0016337,neutral,0.5490001950217138
C0005158,neutral,0.6058508724284979
C0002105,negative,0.9942735374742797
C0004865,neutral,0.4667516188582978
C0011621,negative,0.9808763276909187
C0024442,neutral,0.461408221275849
C0016811,positive,0.4829630147532825
C0024216,negative,0.9912682373870113
C0021622,neutral,0.6823046756247441
C0019059,neutral,0.471545656602166
C0025837,neutral,0.5379628118358849
C0017308,neutral,0.614739774452995
C0004797,neutral,0.5761379996265704
C0023642,negative,0.9672894166943095
C0000928,neutral,0.7357696671436892
C0018221,positive,0.5380754154611799
C0009007,negative,0.9910919528872727
C0004501,neutral,0.4888589035123708
C0012621,negative,0.5166532961387074
C0001646,negative,0.9336270945463341
C0028009,negative,0.9913878114703045
C0028010,negative,0.9948520992250499
C0006606,neutral,0.5589752239973506
C0017288,neutral,0.5230440728991508
C0020412,neutral,0.6998999696487406
C0011519,negative,0.9961023878521901
C0017746,neutral,0.49894803692896494
C0028664,negative,0.6124191233642922
C0029548,negative,0.9964198048183236
C0017441,neutral,0.613978048815734
C0022372,negative,0.9816122065202767
C0002701,negative,0.9792072505067152
C0016764,negative,0.974514435235285
C0021704,neutral,0.5696304433656141
C0004836,negative,0.9941817591510796
C0002879,negative,0.9911613537048691
C0014736,negative,0.5510873046389878
C0027320,negative,0.9902753592317916
C0018420,neutral,0.6727143820863603
C0004068,neutral,0.5676338052393097
C0008004,neutral,0.5974634794936723
C0026595,negative,0.9785359853047851
C0015944,negative,0.9976813820091398
C0006435,neutral,0.6249284380879585
C0001841,negative,0.9941465240078184
C0019200,negative,0.9875070707745194
C0028141,neutral,0.5980392166248277
C0011043,negative,0.9941817591510796
C0007193,negative,0.9952278084548887
C0015315,negative,0.9639907873286896
C0027772,negative,0.985999142226756
C0005496,negative,0.9977260386732957
C0029530,negative,0.652110435302196
C0015883,negative,0.973554999611195
C0006437,neutral,0.5407038553261059
C0021599,negative,0.9969945488204581
C0004300,negative,0.9809618430787519
C0007905,neutral,0.6013931990607019
C0003566,negative,0.9913060766607859
C0009266,negative,0.9706973115138654
C0026581,neutral,0.5212850687181719
C0023959,negative,0.998809114096643
C0018216,negative,0.9920961317466174
C0005400,neutral,0.5237250295065755
C0025115,neutral,0.5213344362378541
C0013316,neutral,0.6678647820055954
C0026104,negative,0.9735504334077778
C0023274,neutral,0.5890921566681125
C0017439,negative,0.9771528625118783
C0019538,negative,0.9955369416349125
C0024751,neutral,0.6724895046145171
C0008114,neutral,0.687877235743263
C0011252,negative,0.6035094271364867
C0022401,negative,0.9843420543615105
C0006744,negative,0.9886577333445363
C0004107,neutral,0.524968663650487
C0020155,negative,0.9974896011714847
C0025609,neutral,0.652358099043822
C0002651,negative,0.9901994629203613
C0021849,negative,0.99177030598824
C0007273,negative,0.948531519026453
C0019647,neutral,0.5303469408144028
C0024715,negative,0.9750658248514389
C0006193,negative,0.9894791935361782
C0018637,negative,0.9819186404856918
C0014919,positive,0.5031532313555072
C0018449,negative,0.9967090456399331
C0007299,neutral,0.690321679825322
C0027534,negative,0.986207017029767
C0008925,neutral,0.5006383825279189
C0003882,negative,0.9821614914558225
C0008490,neutral,0.68337304389329
C0002271,negative,0.9778870090363443
C0027864,negative,0.9923532087960852
C0019716,neutral,0.62258789281526
C0012387,negative,0.986488118184287
C0015267,neutral,0.551399551832529
C0026236,negative,0.9896736397472459
C0020124,negative,0.9969955988474765
C0027415,negative,0.9867829077784682
C0007674,negative,0.9884755087824653
C0027783,negative,0.9968293533934401
C0022907,negative,0.9808532784310195
C0001654,negative,0.9895901311767672
C0029656,negative,0.991580659242705
C0015330,negative,0.9975532286107067
C0002085,neutral,0.6687283077320016
C0005398,negative,0.9928386811535883
C0016319,neutral,0.5994307102998928
C0014682,negative,0.9918212872914779
C0019790,negative,0.9884755087824653
C0027552,negative,0.9922536592611565
C0008960,neutral,0.5628540958293925
C0014650,negative,0.9937013491498866
C0011798,neutral,0.5251654976389994
C0029540,negative,0.96585271345938
C0019690,negative,0.9947450811557169
C0021288,negative,0.9802981228648625
C0029980,negative,0.9882847891190923
C0000869,negative,0.988568650844259
C0006213,neutral,0.6128743079877573
C0000909,negative,0.6426048491935469
C0029233,neutral,0.6678398177221361
C0018529,negative,0.9650412304354474
C0011461,negative,0.9526430299033283
C0018695,negative,0.9555876179915008
C0024172,negative,0.9955013872289036
C0001845,negative,0.5166532961387074
C0005271,negative,0.8443448173803509
C0020929,neutral,0.7124062014379028
C0005295,neutral,0.5707177298793069
C0023580,neutral,0.5796042454920285
C0028723,negative,0.9924677068104446
C0020142,negative,0.9576558043474157
C0009680,negative,0.9757397330109645
C0016070,neutral,0.6073197446823698
C0021462,neutral,0.5714015994617623
C0023915,negative,0.990350910553531
C0010220,negative,0.9859940271844946
C0027850,neutral,0.5358123266402592
C0019248,negative,0.7563343084158837
C0015773,neutral,0.5680735290780634
C0020053,negative,0.702729426754724
C0016707,negative,0.9898364075417412
C0013906,negative,0.9751960392674994
C0016650,negative,0.9874190621086723
C0012728,neutral,0.6369670254640789
C0007679,negative,0.9747420542869626
C0007889,neutral,0.6390804395277733
C0018005,negative,0.99470414124299
C0029955,negative,0.5457716851335576
C0019441,negative,0.9849117790911235
C0012057,negative,0.9857150296781317
C0004887,negative,0.9521262494653058
C0010455,negative,0.992136737028907
C0014342,positive,0.5177652555286844
C0001005,negative,0.9977937401874087
C0002483,negative,0.989973786183127
C0006798,negative,0.9962095701164158
C0021829,negative,0.8850891317787697
C0011692,negative,0.9846839833423006
C0006451,negative,0.9860417718736608
C0000518,negative,0.9943934417430529
C0012012,neutral,0.650013484916074
C0020817,neutral,0.5598168231782092
C0018340,neutral,0.582635135778418
C0009364,negative,0.9874583565564362
C0016769,negative,0.9768541859164565
C0009506,negative,0.9952911368767143
C0022616,negative,0.9931672582716444
C0027402,negative,0.9840285426396561
C0002619,negative,0.9843492711003823
C0023970,neutral,0.6046984694941522
C0008799,negative,0.9766641244725328
C0010666,neutral,0.5859186695450811
C0029127,neutral,0.5138900149364742
C0025022,negative,0.9783213025269689
C0014156,neutral,0.6217257728137732
C0001255,negative,0.996942458665952
C0019133,neutral,0.5725572554527244
C0013481,negative,0.5193134737785009
C0007025,negative,0.9918118592268436
C0027972,negative,0.9853222353884762
C0016518,negative,0.9955919687735018
C0026074,neutral,0.6728857747207686
C0000616,negative,0.9965674166290984
C0028718,negative,0.9881633183329672
C0003728,negative,0.9884771760656142
C0004933,neutral,0.5454390869726768
C0011464,negative,0.9927449299584913
C0025772,neutral,0.6544194381051389
C0010653,negative,0.9904820536390428
C0024206,neutral,0.5883380862820616
C0016087,neutral,0.5456029749045763
C0027382,negative,0.9755102625898101
C0005170,neutral,0.3776080052494865
C0024236,negative,0.8527983607356784
C0009366,negative,0.9974035876197956
C0015994,neutral,0.5803079331460859
C0014641,negative,0.9975643910371172
C0010359,negative,0.9944991676619207
C0020913,negative,0.982494721106534
C0018992,negative,0.982494721106534
C0018985,neutral,0.5730006483185421
C0005673,neutral,0.6446446327660921
C0012959,neutral,0.7364180953596645
C0016083,negative,0.9984019112840774
C0023261,negative,0.9954787497318031
C0011750,neutral,0.5609378503315539
C0016183,negative,0.9805184978004307
C0000907,neutral,0.6878154144433218
C0017692,negative,0.9468900481494299
C0009428,negative,0.9946206883229814
C0017707,negative,0.9974602913753262
C0003767,negative,0.9861040382395012
C0027513,negative,0.552010162812522
C0016530,negative,0.9930564614177817
C0010229,negative,0.527731663020925
C0018163,negative,0.9944208447885176
C0000319,neutral,0.4657857511433076
C0027902,neutral,0.5110170822759822
C0002950,positive,0.527188641316342
C0014052,neutral,0.5168400852712995
C0028313,negative,0.7774105970714967
C0000881,negative,0.974136856235768
C0012744,negative,0.9980963953122094
C0009804,neutral,0.6727143820863603
C0018913,negative,0.4057537555500811
C0016161,neutral,0.6455577953595109
C0009305,negative,0.9973069612676944
C0016441,negative,0.5677075870468375
C0020238,negative,0.9972167476036954
C0003013,neutral,0.5974634794936723
C0022445,negative,0.9703885020205729
C0013928,negative,0.8232797142043925
C0028769,negative,0.92193797790251
C0001334,negative,0.6214414102978718
C0026152,negative,0.989007279772156
C0021831,neutral,0.6018309116955138
C0003819,negative,0.9852588254345997
C0025492,negative,0.948531519026453
C0000135,neutral,0.5739301611085855
C0008548,negative,0.9531557971656969
C0000276,negative,0.9772551442721231
C0003841,negative,0.9535976846215416
C0021874,neutral,0.6327239304416995
C0009981,negative,0.9971520279253907
C0009969,negative,0.9969945488204581
C0013990,negative,0.9711956560339117
C0017952,negative,0.9942288248739674
C0014846,neutral,0.6312326228472434
C0001860,neutral,0.7086512754000779
C0021481,negative,0.9641318505725278
C0014126,negative,0.5263107771183961
C0027675,neutral,0.5775536930413143
C0006719,neutral,0.5769916299943006
C0009064,negative,0.9772415005931372
C0002151,neutral,0.6004503917553189
C0007307,negative,0.9846501099962801
C0013459,negative,0.9903631122053892
C0001119,negative,0.9934756847433738
C0025323,negative,0.9791414153269103
C0018009,neutral,0.7164979324844442
C0017951,neutral,0.6312326228472434
C0002610,negative,0.9879188961782958
C0020175,negative,0.9859796617238935
C0008634,negative,0.9728816121466476
C0012825,neutral,0.5994307102998928
C0001936,neutral,0.6657076208055889
C0017830,negative,0.9941564161331277
C0012556,neutral,0.7389046751373796
C0008649,neutral,0.5849535412772058
C0003693,negative,0.6116590294255364
C0027354,neutral,0.5190444711386603
C0026881,negative,0.9822735243103635
C0015600,negative,0.9628818933445954
C0004714,negative,0.9550393642912951
C0012706,neutral,0.5851549231854373
C0017493,neutral,0.6888464412565298
C0004576,positive,0.35640220046277427
C0004296,negative,0.9743081823348089
C0026752,negative,0.995975987788392
C0023327,negative,0.5962903890399367
C0028033,negative,0.9796662052466266
C0029635,negative,0.9934032112087924
C0024326,negative,0.5691541918044526
C0001848,negative,0.996942458665952
C0020871,neutral,0.568114554894433
C0026118,neutral,0.614769039892102
C0007596,negative,0.9962544784365923
C0026618,negative,0.5368600690637927
C0007765,negative,0.6633215106440644
C0025621,negative,0.8873552963778046
C0026149,neutral,0.6310387514587211
C0025712,negative,0.9947769331057443
C0006667,negative,0.7141169728666777
C0025622,negative,0.992410364175268
C0003746,neutral,0.650818323935464
C0003924,neutral,0.5517147877515486
C0012398,negative,0.9845866925857646
C0012335,negative,0.47754473134987113
C0002671,neutral,0.5725027769800938
C0004134,neutral,0.46225094411108836
C0011220,negative,0.9875979289208356
C0023969,neutral,0.5869453602919628
C0005980,neutral,0.5259218715477332
C0028958,neutral,0.48654649775362635
C0008486,negative,0.9704009398145762
C0029306,negative,0.9880557733209493
C0013999,negative,0.9869456318824708
C0027739,negative,0.9717057839824577
C0005394,neutral,0.4081895057747927
C0007161,negative,0.991948291535138
C0004268,negative,0.9846414508144646
C0022425,negative,0.5667807592298979
C0010751,negative,0.9944991676619207
C0015684,negative,0.6896919756190516
C0008559,positive,0.505992880442086
C0007654,positive,0.5135065442446657
C0021658,negative,0.9909756247969891
C0019721,negative,0.9954264549669741
C0028349,negative,0.9693762317417133
C0027350,negative,0.6033484964049677
C0015260,negative,0.9900417745263255
C0008728,negative,0.5457716851335576
C0001066,negative,0.9337012335781415
C0017479,neutral,0.5410314092118997
C0013506,negative,0.9885640491472526
C0021265,negative,0.9736586108270374
C0000682,negative,0.9795099693139159
C0013063,neutral,0.6427128229241227
C0020588,negative,0.9927722503620569
C0013505,neutral,0.5095458876853926
C0023177,negative,0.9812660834558702
C0028267,negative,0.9973069612676944
C0003983,negative,0.979719761611948
C0024018,negative,0.9844134812969824
C0020043,neutral,0.7563467070404587
C0018069,negative,0.9918195450629861
C0014343,negative,0.7822227948215243
C0023046,negative,0.9932399284381851
C0025569,negative,0.9925457914218201
C0012450,negative,0.5273903405762622
C0023288,negative,0.9830251548400862
C0009682,negative,0.9928937433264176
C0004710,negative,0.9725018418769458
C0024250,neutral,0.5417855435352121
C0021761,neutral,0.5883380862820616
C0004510,neutral,0.6517578433002377
C0011082,negative,0.9944058795432031
C0029620,negative,0.9983740108266634
C0007818,neutral,0.5957554454553181
C0026498,neutral,0.5775560396166922
C0017399,negative,0.9972890295456447
C0001858,negative,0.9885598575318916
C0028806,negative,0.990350910553531
C0024466,negative,0.9704438419423943
C0003278,negative,0.9854517315338878
C0014004,negative,0.9986747000828787
C0007787,neutral,0.6215450875691699
C0029014,negative,0.9307408451187386
C0024181,neutral,0.7071839077052637
C0023769,negative,0.9732642234773875
C0020162,negative,0.991948291535138
C0004864,negative,0.9282050904553198
C0001522,negative,0.9932046175309355
C0000732,neutral,0.463448056224796
C0012702,neutral,0.588345458597894
C0026542,negative,0.764988658124122
C0021059,negative,0.9815653485055835
C0012833,negative,0.9927722503620569
C0025791,neutral,0.5918346879070507
C0022387,negative,0.9948520992250499
C0002856,negative,0.9900858508133106
C0005133,negative,0.9808499896077475
C0014853,negative,0.9790388457516089
C0017508,neutral,0.5723687395427518
C0011993,negative,0.9982628713087726
C0021474,negative,0.9883680944816775
C0006175,negative,0.9686980321654965
C0027391,negative,0.8999638455239496
C0013871,negative,0.9797708996225503
C0006700,negative,0.6295445975016594
C0007044,neutral,0.576294692406214
C0019997,negative,0.9669032795928989
C0022537,neutral,0.5832238075345899
C0009120,neutral,0.55420187455978
C0005610,negative,0.9731352617185467
C0000787,negative,0.9888727736517672
C0013018,negative,0.9943064553179427
C0002518,neutral,0.5406920011936643
C0003377,negative,0.9807338051384037
C0012189,negative,0.9843395820229446
C0028538,negative,0.9828166072721809
C0021669,negative,0.6080498315848631
C0025274,negative,0.9942221391135398
C0027416,neutral,0.6052454172605262
C0010719,negative,0.9772181654297859
C0011317,neutral,0.6119810852207522
C0028293,negative,0.9926544910953504
C0029046,negative,0.98865835832704
C0000437,negative,0.9278639036119796
C0012416,neutral,0.5463208932031441
C0019938,negative,0.9966788876850536
C0002607,neutral,0.50523278742974
C0005613,neutral,0.5967839642323434
C0016614,neutral,0.753840676832645
C0021175,negative,0.8418395704840622
C0021335,negative,0.9963382072638042
C0025139,negative,0.9932046175309355
C0014840,negative,0.626065192835034
C0021961,neutral,0.536738482642771
C0000673,negative,0.9891775946803564
C0011260,neutral,0.5198823815379705
C0000167,negative,0.7622202391815501
C0002725,neutral,0.5355691765200151
C0024346,negative,0.9879496595038068
C0016276,neutral,0.6893813053786648
C0017867,negative,0.9527463339067676
C0026924,neutral,0.7850780636385306
C0013786,negative,0.9976569816731684
C0019341,negative,0.9931558235703166
C0012536,neutral,0.5355094093342936
C0007129,negative,0.988568650844259
C0015902,negative,0.9759474075209577
C0018779,negative,0.9852399354976286
C0027943,negative,0.9757519780454372
C0010940,neutral,0.541856239039759
C0015079,neutral,0.5275547724814553
C0002138,negative,0.9806695405516823
C0014098,negative,0.9980479793232222
C0017847,negative,0.9870319136307996
C0019575,negative,0.9665686383373591
C0028856,negative,0.9964617498463453
C0024709,negative,0.9847849642336917
C0012244,negative,0.9916338437438177
C0020116,negative,0.9929707175721462
C0020592,negative,0.9792559087092236
C0016588,negative,0.4750974417287
C0009805,negative,0.9912232082465714
C0005715,neutral,0.6083135583383251
C0003851,negative,0.9926633699867838
C0000280,negative,0.9869393174134495
C0020079,neutral,0.5266187486969475
C0012118,neutral,0.5987002566082472
C0018232,neutral,0.6105088201533885
C0027681,negative,0.978887642144615
C0005634,neutral,0.5952189165156043
C0011504,negative,0.9929392990017899
C0023526,negative,0.9959354987703234
C0020785,negative,0.994690945293357
C0008071,negative,0.9545214500331829
C0012549,neutral,0.670817089086429
C0011593,negative,0.9945261550516534
C0021513,negative,0.9553498206954607
C0020918,negative,0.5166532961387074
C0022090,negative,0.9818219838222081
C0004624,negative,0.9782457469765894
C0024019,neutral,0.6590555335907785
C0004371,negative,0.9955369416349125
C0019773,negative,0.9857637172199613
C0004049,negative,0.988219321016935
C0008018,negative,0.5702976743533632
C0025329,neutral,0.5243950639188524
C0010936,neutral,0.4881896685632782
C0025583,neutral,0.38138096594761667
C0024189,neutral,0.6215633508830699
C0009520,negative,0.9938610622093204
C0009600,neutral,0.6793971707321762
C0007443,negative,0.9844715051389098
C0022540,neutral,0.5318971140205708
C0019362,negative,0.9886621078755153
C0011597,neutral,0.5920385324826815
C0008724,neutral,0.6272000450475197
C0022859,neutral,0.662509969386119
C0026556,neutral,0.5052105756974903
C0002987,negative,0.9908691137601181
C0025037,negative,0.9852043737935583
C0015153,negative,0.9959860409170774
C0015142,negative,0.980016860827324
C0013798,negative,0.977646093009955
C0000163,negative,0.997777387909141
C0013009,neutral,0.5838701381396911
C0027967,negative,0.9948574408988147
C0019751,positive,0.48803240872103076
C0003651,neutral,0.46892073765158965
C0016442,negative,0.5660949966198178
C0011158,neutral,0.5966926107866541
C0003316,negative,0.5660357232218828
C0023498,negative,0.989320857527743
C0028391,negative,0.9960593513908791
C0003805,negative,0.976797963983844
C0015506,negative,0.9926826561775415
C0002485,neutral,0.5803998192039903
C0014882,neutral,0.5299803677113023
C0022744,neutral,0.5395325334494344
C0013890,negative,0.9799501691832084
C0004873,negative,0.9966413071767238
C0026621,negative,0.9947656898252342
C0022295,negative,0.574866144663434
C0028577,negative,0.9954787497318031
C0009441,negative,0.9975643910371172
C0029396,neutral,0.5529263557804117
C0002249,neutral,0.5227308031079885
C0028963,neutral,0.6208550410840816
C0017470,neutral,0.4998626348606072
C0019788,negative,0.5163891142769234
C0025325,negative,0.9844134812969824
C0026779,negative,0.9946746877241212
C0020860,negative,0.5638228791953606
C0002697,negative,0.9941697320469682
C0000975,neutral,0.5461139261328999
C0019382,negative,0.9980963953122094
C0001883,negative,0.9924218129224114
C0014371,negative,0.9954141491657328
C0013394,negative,0.967325700834221
C0004883,negative,0.9974152613796475
C0005990,negative,0.6378828622878072
C0023967,negative,0.981536588480391
C0024811,negative,0.4991917211774206
C0021496,neutral,0.5768094613870989
C0010832,neutral,0.6046984694941522
C0027447,negative,0.5422416430784568
C0007759,negative,0.544751828658039
C0017668,negative,0.9945866823007449
C0029872,neutral,0.614350527751431
C0019481,negative,0.9824564817436453
C0008931,negative,0.5184940956743498
C0014007,neutral,0.524806061219597
C0022860,positive,0.5796194781796987
C0009756,negative,0.9795354174463072
C0011414,negative,0.9963773680773826
C0003689,neutral,0.6019337335280147
C0002759,negative,0.9982091105349652
C0027757,neutral,0.5838841573681006
C0000516,negative,0.934949258597812
C0014289,negative,0.9965452778637935
C0012957,negative,0.9975119641047748
C0027161,neutral,0.5988743992185636
C0003444,neutral,0.530383819406409
C0008364,negative,0.9780349234555593
C0026386,negative,0.9586374268202121
C0002508,negative,0.9945197715771065
C0022389,negative,0.974514435235285
C0014076,negative,0.9794721145504391
C0005734,negative,0.9913537150744293
C0023267,negative,0.9772181654297859
C0015954,negative,0.9707340825808072
C0026063,neutral,0.6752982927805276
C0003592,neutral,0.3603247491651581
C0003453,neutral,0.35557159026342683
C0003157,neutral,0.6398873804850382
C0015534,neutral,0.6312326228472434
C0002945,negative,0.9913028860440871
C0001435,negative,0.9844346185321474
C0022097,neutral,0.48654649775362635
C0028364,negative,0.9983294249837628
C0025717,negative,0.938819745281589
C0001424,neutral,0.706801780707917
C0003253,negative,0.9839815823658294
C0006821,negative,0.9724289572697445
C0012844,neutral,0.6678398177221361
C0002509,neutral,0.5575306612541648
C0022749,negative,0.9934960708245121
C0001885,negative,0.9920571033014254
C0008167,negative,0.9955919687735018
C0006390,negative,0.9935152562395616
C0022545,neutral,0.7124062014379028
C0019091,negative,0.5942569560164717
C0000746,negative,0.9932529667880464
C0019826,neutral,0.43449735224606834
C0005319,neutral,0.5596379924254219
C0019298,negative,0.9959225209334513
C0014322,negative,0.99697807955602
C0006248,negative,0.9814369133328995
C0022342,neutral,0.503106091518286
C0014584,neutral,0.6150457808074977
C0021582,neutral,0.627558666999441
C0027867,neutral,0.687877235743263
C0019546,neutral,0.5783571941214758
C0010458,neutral,0.6041212708456469
C0023431,negative,0.6828685956279008
C0018063,negative,0.9976974545183872
C0006013,neutral,0.5827569413654107
C0025850,negative,0.9976813820091398
C0027657,negative,0.996942458665952
C0005953,neutral,0.614007227873362
C0023516,neutral,0.5447326135326898
C0005285,neutral,0.6536376813331728
C0024619,neutral,0.5456029749045763
C0011901,negative,0.9962544784365923
C0013691,negative,0.6479082574060555
C0005358,negative,0.9846501099962801
C0025591,negative,0.9504203874182638
C0027835,negative,0.9590431908661073
C0021571,negative,0.9863227772267887
C0002035,neutral,0.6178132591308979
C0003343,negative,0.8100877476268257
C0027440,neutral,0.6993466908926748
C0024331,negative,0.9550426680487576
C0004931,negative,0.9903162330364071
C0013418,negative,0.9921010296265221
C0025405,negative,0.9866412244624406
C0024894,neutral,0.5151332774283313
C0017909,negative,0.8123396506489523
C0026792,negative,0.997220999333253
C0013886,neutral,0.5528581107898023
C0022459,negative,0.9917394427525915
C0003702,neutral,0.6045039082729119
C0025643,negative,0.9974837796253674
C0004707,negative,0.9779125477819691
C0008058,negative,0.9857150296781317
C0025613,neutral,0.6463239167835347
C0006681,negative,0.9899714254346061
C0027268,negative,0.9894911478079541
C0015563,negative,0.9983294249837628
C0009769,negative,0.9721957632108893
C0022626,negative,0.9697972417025384
C0010890,negative,0.9882847891190923
C0011115,neutral,0.4161080273814775
C0026256,neutral,0.7980764986116856
C0026772,neutral,0.3511957419861842
C0016933,negative,0.9830737374369426
C0005362,negative,0.9683718908651237
C0013198,negative,0.9954281201053362
C0001862,negative,0.7871084593025898
C0025343,negative,0.9936911398596142
C0015467,negative,0.9922319832151097
C0019523,neutral,0.6038835366806283
C0013921,negative,0.9952405321256975
C0008590,negative,0.8445213788299888
C0002741,negative,0.9966426258971066
C0003099,negative,0.9894365294034895
C0016977,negative,0.9925406418406791
C0009316,negative,0.9976813820091398
C0006002,negative,0.9594457762649142
C0023972,negative,0.835513443077943
C0000485,negative,0.9918878158666856
C0006986,negative,0.9658717868404842
C0008454,negative,0.9977260386732957
C0013534,negative,0.9659850804727913
C0003652,positive,0.4363166246302501
C0001211,negative,0.9847957250553993
C0021519,negative,0.9755718303659343
C0006120,negative,0.9906047976514073
C0005871,negative,0.39971612756620684
C0028183,negative,0.6650291318646144
C0026889,negative,0.9963908126094461
C0010091,neutral,0.5389502551528607
C0016997,negative,0.8651650996244334
C0009567,negative,0.9651956585078413
C0029951,neutral,0.6811610387135235
C0012995,negative,0.6086388550243887
C0028128,negative,0.9807338051384037
C0006481,negative,0.973768712057
C0011201,negative,0.9823357325772487
C0006200,negative,0.99470414124299
C0005623,neutral,0.6175636499127415
C0019847,neutral,0.46847504889178543
C0021953,neutral,0.7164175297412985
C0001695,neutral,0.5516095287315724
C0008512,negative,0.9916167696347628
C0020121,neutral,0.5743309085423827
C0000456,negative,0.6613338724670546
C0018131,negative,0.7501541263734678
C0006888,negative,0.9705409515831932
C0010768,negative,0.9934436964325984
C0027375,negative,0.9779872589620503
C0020664,negative,0.9928401143399535
C0007332,negative,0.9864643953148615
C0005001,neutral,0.5640742087338749
C0000637,negative,0.8146561258524033
C0016199,negative,0.9813905400780583
C0011756,negative,0.9936736303031296
C0011749,neutral,0.5136333393397485
C0023883,negative,0.9915962907096526
C0014580,neutral,0.5218461450810565
C0000843,positive,0.5045403944127083
C0023117,negative,0.98941034504099
C0003080,negative,0.9967793554114258
C0008343,neutral,0.5246800610776251
C0029148,negative,0.9794108545725734
C0004081,neutral,0.5470187427095782
C0016664,neutral,0.7357696671436892
C0004237,neutral,0.5607718776252753
C0009963,negative,0.9816131456250858
C0015012,negative,0.9928349087131858
C0012298,neutral,0.5508355815704034
C0005234,negative,0.9678068922645426
C0019120,negative,0.9932713370502944
C0004200,neutral,0.614769039892102
C0013368,neutral,0.5752928237013968
C0027325,negative,0.989320857527743
C0029756,negative,0.9942668459161929
C0009586,negative,0.9978794909913695
C0025041,negative,0.9910919528872727
C0001604,negative,0.9903029198281692
C0020085,negative,0.604900527115782
C0000195,negative,0.9882524602167579
C0023860,negative,0.9970638784515881
C0023544,neutral,0.363988714247398
C0001101,neutral,0.6154991479407018
C0002704,neutral,0.5187252886414683
C0022432,negative,0.9827762838086102
C0026025,negative,0.9798080033353893
C0014714,negative,0.877650744661199
C0028480,negative,0.9773039578624496
C0019437,negative,0.9856058365509122
C0007086,negative,0.9934550789868336
C0010097,negative,0.9852588254345997
C0015668,negative,0.9967906670876988
C0021480,neutral,0.5179300616755819
C0027412,negative,0.9869949802055987
C0023858,negative,0.6902689199118547
C0000250,negative,0.9943512137454891
C0017040,negative,0.9778870090363443
C0004218,negative,0.9601422489854791
C0023400,neutral,0.6396656787089834
C0018909,negative,0.996415547304974
C0005935,negative,0.9959211932587655
C0015564,negative,0.9962095701164158
C0027133,negative,0.5085157189900054
C0021094,negative,0.862869186380294
C0017996,negative,0.9941032716876425
C0010073,negative,0.6174010532405917
C0003057,negative,0.9146836987273194
C0025751,negative,0.9946746877241212
C0010678,negative,0.9932891995590193
C0025817,neutral,0.4833928363455584
C0020872,neutral,0.5694047651054244
C0005600,negative,0.9819586496105995
C0000113,negative,0.9896492686799025
C0019203,neutral,0.5971063683305355
C0008210,negative,0.9948202803749178
C0025726,negative,0.9832240059132359
C0000291,neutral,0.5890921566681125
C0002935,negative,0.982725638619816
C0000215,negative,0.9885659101173656
C0003913,neutral,0.5960187695924823
C0015213,negative,0.8999045493600546
C0027652,neutral,0.6224657952706812
C0000731,positive,0.5511594401849881
C0003028,negative,0.9872637276805274
C0002218,negative,0.47501441056252836
C0021174,negative,0.5481758567649067
C0014570,neutral,0.606186455687045
C0029681,neutral,0.4790602815979976
C0001494,neutral,0.5334652032943376
C0020603,neutral,0.6837126675798518
C0018230,negative,0.892667487793225
C0003512,neutral,0.5379628118358849
C0002923,negative,0.9986747000828787
C0001317,neutral,0.5225176161232185
C0000415,negative,0.807118400315933
C0015313,negative,0.9905684172701138
C0027371,positive,0.5080796300489907
C0020568,negative,0.9934090547520545
C0023715,negative,0.9915610975391148
C0016559,neutral,0.5469024254539401
C0001817,negative,0.9911965782060935
C0010259,negative,0.8695543101155564
C0007337,neutral,0.5187252886414683
C0027703,negative,0.8620922063941012
C0000020,neutral,0.7358464571249724
C0005081,neutral,0.4532829288132989
C0012620,neutral,0.5925216194097929
C0009919,neutral,0.6487363739907276
C0017845,neutral,0.7978517248140653
C0011924,negative,0.9852129406990549
C0004867,negative,0.9814601582855981
C0026565,neutral,0.5470187427095782
C0026635,negative,0.9966328750116608
C0021755,negative,0.9612852974161371
C0006093,neutral,0.6521014999707767
C0003638,neutral,0.5171073829910289
C0021867,negative,0.9373347187213393
C0008689,negative,0.9757874873308076
C0004805,neutral,0.5286628153642402
C0024578,negative,0.9946216491545433
C0012058,neutral,0.6654574634730458
C0015382,negative,0.9926544910953504
C0025170,negative,0.9797251444219017
C0001268,neutral,0.5933720615503307
C0002401,negative,0.994756231302394
C0017368,negative,0.9977878460168071
C0028437,negative,0.9963716310067423
C0005621,negative,0.9857895897741481
C0019558,negative,0.9915725304191839
C0011939,negative,0.9468900481494299
C0016697,neutral,0.6332281113136518
C0007635,negative,0.9892792323811255
C0010967,negative,0.9779247234212038
C0027223,negative,0.9704225201893368
C0001775,negative,0.997195893966526
C0008508,neutral,0.6646568362396802
C0028132,neutral,0.8048563072123104
C0027222,negative,0.9884755087824653
C0025773,neutral,0.5932380836898555
C0016575,negative,0.9064053368625077
C0028440,negative,0.990504460914296
C0019354,neutral,0.5423129700786524
C0004106,negative,0.9824915216337139
C0010843,neutral,0.7316238097340566
C0000356,negative,0.9960585678606957
C0017430,neutral,0.5995387305582263
C0017959,negative,0.9930692686550495
C0024879,neutral,0.5411442594012955
C0018862,neutral,0.7578438468136411
C0004429,neutral,0.6154358299582201
C0001357,negative,0.8381952970259627
C0022660,negative,0.9950989295812215
C0000964,negative,0.9903029198281692
C0028407,negative,0.6183946097537804
C0004840,negative,0.9898557004894707
C0002267,negative,0.992084697008992
C0020089,negative,0.9728604574384176
C0029535,negative,0.9941465240078184
C0021511,negative,0.41430379640107995
C0001704,neutral,0.5530275477515022
C0023128,neutral,0.5093379325077403
C0026056,negative,0.986861147145519
C0020582,neutral,0.6390804395277733
C0028380,neutral,0.555009703396133
C0013313,negative,0.9955224892878964
C0015032,neutral,0.53107586332019
C0027234,neutral,0.582495242652839
C0003620,neutral,0.5714015994617623
C0014389,negative,0.9891207463202655
C0018651,neutral,0.614007227873362
C0025764,neutral,0.5562187446740492
C0008513,negative,0.6277409779946417
C0018544,neutral,0.4950708652075667
C0023713,neutral,0.6923959338803546
C0014866,negative,0.9963437039219093
C0004473,negative,0.9671683099913753
C0003839,neutral,0.5984392772693791
C0029940,negative,0.9950989295812215
C0004112,neutral,0.5769916299943006
C0023112,negative,0.9958410006009637
C0028602,negative,0.9911286359185576
C0012022,negative,0.9940604340582256
C0005020,negative,0.9928486179212447
C0029201,negative,0.5658814078549548
C0014128,negative,0.9957265968674073
C0026934,negative,0.9847592796372766
C0013392,negative,0.9801029694487913
C0020005,negative,0.5923008231487211
C0006624,negative,0.9915152295939342
C0003065,neutral,0.5817311002352988
C0013502,negative,0.9571927619684055
C0019291,neutral,0.618446776495844
C0018963,negative,0.9910919528872727
C0003713,negative,0.9933428168783813
C0023471,neutral,0.5906243034551825
C0013718,negative,0.7346543709757877
C0004732,negative,0.9962753394879744
C0016079,negative,0.9968780448905908
C0008532,negative,0.9697437088737985
C0008530,neutral,0.5957554454553181
C0027572,negative,0.9766843557862781
C0017896,negative,0.9889037673044082
C0017311,neutral,0.6739636894566627
C0017604,negative,0.6277409779946417
C0012834,neutral,0.5215152128046978
C0021115,negative,0.600635410688431
C0003959,negative,0.9965358241994875
C0024517,negative,0.9932046175309355
C0015220,negative,0.9819586496105995
C0012873,neutral,0.6162531913391804
C0013297,neutral,0.5121837128018282
C0023501,neutral,0.5626094779260125
C0015824,negative,0.9915725304191839
C0004509,negative,0.9818437918319567
C0010413,neutral,0.5466363441964324
C0028529,neutral,0.602164699358861
C0010902,neutral,0.5735054078699188
C0028620,negative,0.9898738843568238
C0017964,neutral,0.5608039369670077
C0003180,neutral,0.6390804395277733
C0015123,negative,0.9919774910882174
C0023615,negative,0.9925763425144828
C0006316,negative,0.9986747000828787
C0020003,neutral,0.6314481825818923
C0024817,neutral,0.5428141815963125
C0027130,negative,0.9974305356398148
C0015521,neutral,0.5707177298793069
C0028294,negative,0.9886621078755153
C0023547,negative,0.6417724730112191
C0028122,neutral,0.7897479839344551
C0025201,negative,0.9905684172701138
C0019667,negative,0.9894988189929662
C0028884,neutral,0.6013810816505678
C0006740,neutral,0.7744589889922711
C0010972,neutral,0.6466273136081037
C0012545,negative,0.965823059185918
C0008954,negative,0.9926684537143785
C0001559,negative,0.9913028860440871
C0003678,negative,0.9809618430787519
C0000532,neutral,0.7192528140982429
C0029600,negative,0.9975643910371172
C0015524,neutral,0.5167644918315141
C0007500,negative,0.6174010532405917
C0019871,neutral,0.5769916299943006
C0028709,negative,0.9556178052072816
C0007793,negative,0.9874463821530853
C0013311,negative,0.9695240368791058
C0021774,neutral,0.5384003360345982
C0017669,neutral,0.7881250544031876
C0029862,negative,0.9859827734435535
C0008057,negative,0.9912682373870113
C0001229,negative,0.9589838616250161
C0016673,negative,0.9806695405516823
C0022738,negative,0.9927449299584913
C0027851,negative,0.9805278498634368
C0014962,neutral,0.5803460599177116
C0013034,negative,0.8898104776311823
C0005568,neutral,0.7875601054212118
C0029669,negative,0.9945197715771065
C0006354,negative,0.9931248814369172
C0014717,neutral,0.5572912183520509
C0002043,negative,0.6120944146143625
C0017203,neutral,0.7555142011262548
C0029924,neutral,0.5934980893903565
C0020470,neutral,0.5364015859108417
C0029065,negative,0.9907716606390601
C0028453,neutral,0.7980764986116856
C0022563,neutral,0.42647577164089956
C0024957,neutral,0.6393090490429192
C0004564,neutral,0.6586684889507212
C0012269,negative,0.9945073681797826
C0016523,neutral,0.7637013723883737
C0002024,negative,0.9695010894493123
C0015732,neutral,0.6087587384586405
C0012818,negative,0.9778793413676462
C0024357,negative,0.9897434704133011
C0005650,neutral,0.5885903672381321
C0022196,neutral,0.5565629201917142
C0007306,negative,0.9848598949925572
C0029725,neutral,0.5190444711386603
C0025798,neutral,0.6038835366806283
C0021376,negative,0.9882702197891379
C0018115,negative,0.9827878791268468
C0014064,negative,0.989871897551845
C0011536,negative,0.9715172518558471
C0015970,negative,0.9896499216514133
C0018967,neutral,0.6350007105819884
C0012156,negative,0.9779761970112478
C0017722,neutral,0.48391831298095994
C0005956,negative,0.9908129069605549
C0014260,negative,0.5178475112587181
C0007660,negative,0.9927449299584913
C0018043,neutral,0.6723015304218782
C0018603,negative,0.6400238221845793
C0012455,negative,0.5510873046389878
C0020084,negative,0.9885640491472526
C0017355,neutral,0.5967839642323434
C0001648,negative,0.8330101811283032
C0013903,negative,0.9960367881015646
C0005213,negative,0.967199198482301
C0014417,neutral,0.582635135778418
C0008375,positive,0.49784772343253736
C0005553,neutral,0.5739417525873249
C0010508,neutral,0.5478122685121641
C0000270,negative,0.9728313049690518
C0007449,neutral,0.6023026556879444
C0013655,neutral,0.7219602822629377
C0019116,negative,0.9805052876637759
C0010839,negative,0.9895807484452784
C0017039,negative,0.9940991300842266
C0028478,negative,0.9977490433890696
C0007666,neutral,0.5355691765200151
C0012934,negative,0.966372332336421
C0000010,neutral,0.6013099562689668
C0022488,negative,0.9767015308125645
C0006571,neutral,0.7555142011262548
C0016424,negative,0.9963437039219093
C0002219,negative,0.9958683442196474
C0024209,negative,0.9514248243949959
C0008478,neutral,0.582635135778418
C0003585,positive,0.51414034500563
C0025151,neutral,0.7269786359034163
C0028797,negative,0.978625410146225
C0017808,negative,0.5166532961387074
C0006699,negative,0.6570442604435139
C0026202,negative,0.9830916572637746
C0029500,neutral,0.5906572779835574
C0014809,negative,0.9747545497292496
C0006022,negative,0.9244362803360673
C0019881,neutral,0.5024899992474909
C0004416,neutral,0.6788001254907684
C0028470,negative,0.990668233928129
C0008040,negative,0.9927834207652002
C0011785,neutral,0.5329861150619216
C0004062,negative,0.9925388452035564
C0008052,neutral,0.6508269054634143
C0011345,neutral,0.6012216863160027
C0026539,neutral,0.532962721634695
C0019898,positive,0.5031739598421798
C0013038,neutral,0.44649680116858387
C0001701,neutral,0.5364015859108417
C0019666,neutral,0.7204481581978983
C0013154,neutral,0.5537368292824424
C0024964,negative,0.9675803626720549
C0001768,neutral,0.6590555335907785
C0026791,negative,0.990668233928129
C0024772,negative,0.6078170529391048
C0008389,negative,0.5193642219911221
C0009584,negative,0.5852065027786824
C0025419,neutral,0.5141779767211099
C0010559,neutral,0.6965848668862232
C0019517,negative,0.9916086123169978
C0004621,negative,0.9913105541348931
C0005293,negative,0.990616977106508
C0021613,negative,0.9970561927725252
C0024622,neutral,0.7055907357115582
C0026124,negative,0.9725731780023978
C0029330,negative,0.9243339551860308
C0019220,negative,0.7391718518228398
C0013242,negative,0.9495773881988447
C0025711,negative,0.8047585200412757
C0020983,neutral,0.6410033491394196
C0010367,negative,0.6174010532405917
C0020619,neutral,0.602164699358861
C0020092,neutral,0.5445716995399388
C0015916,negative,0.9945639200837226
C0029226,negative,0.9941817591510796
C0005549,neutral,0.5920385324826815
C0005873,negative,0.9751318475123986
C0029882,neutral,0.5248856862034427
C0028299,negative,0.9957007111561935
C0012522,negative,0.9957633536630034
C0001640,negative,0.9968632212070019
C0007474,negative,0.976571372476202
C0021238,neutral,0.6188107829835016
C0018042,neutral,0.6004926645566444
C0010463,neutral,0.6427617205602111
C0018018,neutral,0.6723015304218782
C0004104,negative,0.9973486979514289
C0019124,neutral,0.6739636894566627
C0008376,negative,0.9793622531923114
C0014453,negative,0.5482613234295817
C0020028,neutral,0.6033852551180688
C0008924,negative,0.953491080163933
C0028278,negative,0.9768758704739655
C0023947,negative,0.9968780448905908
C0004023,neutral,0.6155330844791721
C0018832,negative,0.9971604003104033
C0000758,negative,0.5758064684307986
C0004453,negative,0.9853369925648826
C0009523,neutral,0.7425729907530759
C0029144,negative,0.9796662052466266
C0023816,negative,0.9796662052466266
C0013931,neutral,0.6683855479130673
C0021142,neutral,0.6197039455316781
C0025320,negative,0.6453078288492567
C0025675,neutral,0.6927735884029442
C0005912,negative,0.9592828609571132
C0024877,negative,0.9905684172701138
C0019684,neutral,0.5354240107831643
C0013216,neutral,0.5242851078817421
C0008761,negative,0.9932046175309355
C0001061,negative,0.9549102207568486
C0011790,negative,0.628004330607181
C0003426,neutral,0.5479153658581736
C0009230,positive,0.5031532313555072
C0017486,neutral,0.54405216940218
C0006245,neutral,0.5741534200401889
C0026424,neutral,0.659429009455117
C0005208,negative,0.9882847891190923
C0026810,negative,0.7622202391815501
C0023251,neutral,0.6029612302928398
C0004544,negative,0.9880241320883039
C0002830,negative,0.992542906433237
C0014735,negative,0.5931113829129879
C0014751,positive,0.35638067602213047
C0011755,negative,0.9929973226234614
C0014281,neutral,0.49936021703322553
C0002145,neutral,0.5462479813513923
C0018870,negative,0.998214061968012
C0011366,negative,0.9674695282443028
C0015546,neutral,0.6119810852207522
C0013229,negative,0.9817852775481494
C0006380,negative,0.9943269877922946
C0000801,negative,0.9977067116590752
C0006290,negative,0.9898520527450787
C0015921,negative,0.9984019112840774
C0008770,neutral,0.5517156048309552
C0028235,negative,0.9596903123388238
C0025233,negative,0.9633892844562063
C0004010,negative,0.9767015308125645
C0009118,neutral,0.7280863249207091
C0008062,negative,0.9102274944344879
C0004738,neutral,0.5337928586878277
C0004074,negative,0.9805278498634368
C0020275,neutral,0.5738086939942234
C0004141,negative,0.9905843380742937
C0029496,negative,0.9937668913915072
C0005962,negative,0.9710389198585831
C0001028,neutral,0.6111593072546161
C0006607,negative,0.9884740170477158
C0000301,neutral,0.6444374149005441
C0011995,negative,0.9921601286784598
C0029877,negative,0.9926684537143785
C0014328,negative,0.9772415005931372
C0013252,negative,0.976845847811904
C0014131,neutral,0.6023026556879444
C0001032,neutral,0.5824785120587349
C0023126,neutral,0.4337567333482029
C0018488,negative,0.9928888359857216
C0024790,negative,0.9650183995601432
C0002602,negative,0.9876656512784711
C0006280,negative,0.9957029451572
C0008754,neutral,0.6442369477660795
C0011199,negative,0.5263107771183961
C0013228,neutral,0.38682889255396885
C0013740,negative,0.9905570299024495
C0029852,neutral,0.46400123838667956
C0006381,negative,0.5457847348427181
C0002814,negative,0.9895748805371912
C0011957,negative,0.985903893791067
C0002681,negative,0.9898520527450787
C0012356,negative,0.5751767033734546
C0026238,negative,0.9907147418516294
C0008020,negative,0.9943453110191048
C0023917,neutral,0.4353344032980459
C0008553,negative,0.9945672393837767
C0000070,negative,0.992768612238892
C0009223,negative,0.9782625034000271
C0015831,negative,0.8599256045766576
C0026664,negative,0.983046891838233
C0021116,negative,0.9418572812310155
C0025587,neutral,0.6396656787089834
C0000181,negative,0.9594285826549066
C0018861,neutral,0.6606665535377397
C0012610,negative,0.9698701010629452
C0014813,negative,0.9951498861631222
C0013814,negative,0.5421371111875651
C0000988,negative,0.9855424116060555
C0015983,neutral,0.5982954052113694
C0006252,negative,0.9945332275591214
C0011187,negative,0.9918118592268436
C0027852,negative,0.5844888006824445
C0019774,neutral,0.5567837555401095
C0022672,negative,0.9953089582538475
C0027567,neutral,0.6293419629869471
C0003556,negative,0.9908664954050153
C0007030,negative,0.9883009079393199
C0003780,neutral,0.5999668175395796
C0011493,neutral,0.5549587519976587
C0000700,negative,0.9968026687833995
C0025686,negative,0.9961137481814489
C0024745,negative,0.9929675565991815
C0003131,negative,0.982494721106534
C0010284,negative,0.5178475112587181
C0028955,negative,0.9918195450629861
C0004243,neutral,0.5760180923852954
C0009920,negative,0.9920571033014254
C0005241,negative,0.9593141076482307
C0028520,negative,0.504850681444007
C0022777,negative,0.9936472370279162
C0007178,negative,0.9626747244544763
C0001767,negative,0.6344690238249625
C0012815,negative,0.9898364075417412
C0018419,negative,0.9928937433264176
C0024175,neutral,0.5384003360345982
C0010497,negative,0.9879961763546424
C0015530,negative,0.9922319832151097
C0015677,negative,0.9948284527168971
C0001272,negative,0.9931248814369172
C0009645,negative,0.9906758951888462
C0020307,negative,0.9943663184204387
C0009652,negative,0.9927701251460178
C0009766,negative,0.9854984618590947
C0001659,negative,0.9753138876612906
C0008412,neutral,0.6257648152557366
C0006045,negative,0.9948482215934922
C0026502,negative,0.9797238996381191
C0026822,negative,0.995669797455083
C0002722,negative,0.9846501099962801
C0018960,negative,0.9678068922645426
C0027800,negative,0.41223104438326347
C0022229,negative,0.9841404717970855
C0016932,negative,0.997179076211415
C0007697,neutral,0.596384271260979
C0018615,neutral,0.5533716791262846
C0017448,neutral,0.6051608148078165
C0018961,neutral,0.5256283528935035
C0011379,neutral,0.5489812582409626
C0001942,negative,0.98713476173248
C0027174,negative,0.9350863538399447
C0002422,negative,0.8705895235495744
C0014191,negative,0.9960093769402159
C0021700,negative,0.9935646030487738
C0027879,negative,0.5902197725370676
C0023618,negative,0.980099553132419
C0022931,negative,0.9875556605075992
C0025661,negative,0.9978425826211554
C0012960,negative,0.9553498206954607
C0010099,negative,0.9959523024757322
C0004329,neutral,0.5707177298793069
C0011474,negative,0.9839012679466477
C0027119,negative,0.9966973355780283
C0006512,neutral,0.4125358457760069
C0014357,negative,0.9941465240078184
C0025010,neutral,0.6014280311199776
C0009676,neutral,0.5106315515412144
C0026616,negative,0.9913895920504703
C0005352,neutral,0.6569386600358232
C0000064,neutral,0.703190618091895
C0012850,neutral,0.5491583253761618
C0028756,negative,0.9976935038176614
C0011719,neutral,0.7120786900757025
C0018370,negative,0.9972255086598558
C0021706,neutral,0.40222019469998643
C0004808,negative,0.984721076506747
C0020756,negative,0.9821402241131764
C0017605,neutral,0.6942806961872618
C0023019,negative,0.9951792505163161
C0000217,negative,0.6970292560039537
C0000432,neutral,0.6390804395277733
C0026736,negative,0.9906002011515749
C0027443,negative,0.9966426258971066
C0004375,negative,0.951302372308105
C0000765,negative,0.9975106104186565
C0003288,neutral,0.5329851910986023
C0006335,neutral,0.6557957842202341
C0019295,negative,0.9895824001402524
C0025681,negative,0.9843420543615105
C0016666,neutral,0.5709367982524393
C0016994,negative,0.9877867384984015
C0023394,negative,0.5418621153066696
C0011833,negative,0.9898364075417412
C0003840,negative,0.9892399408212581
C0008491,negative,0.9756428328271707
C0002180,negative,0.9963488543923934
C0020604,neutral,0.44726634083576283
C0028629,negative,0.9733133951570618
C0010344,negative,0.9934756847433738
C0027369,negative,0.6435711148814593
C0002795,negative,0.982725638619816
C0011617,neutral,0.6476561667890871
C0009603,neutral,0.516320779487829
C0023717,negative,0.9947065897579592
C0021976,negative,0.9945029863538496
C0029698,neutral,0.582635135778418
C0018275,neutral,0.4946092392337791
C0008344,neutral,0.6046984694941522
C0001513,negative,0.9649866911032827
C0015193,negative,0.998006707018415
C0004071,negative,0.9975278374808206
C0027705,neutral,0.6577058168983289
C0028603,negative,0.9779042386195607
C0002594,negative,0.9857437504582249
C0012751,negative,0.9653470793122877
C0024351,neutral,0.6100015300002785
C0012386,negative,0.9944369647694989
C0006785,neutral,0.6162649229070647
C0016405,negative,0.9956564941912867
C0025819,negative,0.9972003620674111
C0009438,negative,0.9957430152869323
C0029135,neutral,0.5735491219818094
C0009684,negative,0.9897244315047945
C0006400,neutral,0.5540593428146293
C0007745,negative,0.9955919687735018
C0019360,negative,0.9864610949722091
C0019724,negative,0.5985425176625768
C0013193,negative,0.9719216207552366
C0016026,negative,0.9728224938970224
C0027392,negative,0.9748597105166267
C0027951,negative,0.9872203149772039
C0006575,negative,0.9888727736517672
C0019932,negative,0.9730085809834406
C0026525,negative,0.996703892388491
C0009612,negative,0.982112506792565
C0015528,neutral,0.5907314440636601
C0027638,neutral,0.5462479813513923
C0018057,neutral,0.5847709104988627
C0010166,neutral,0.7362751078740745
C0007102,negative,0.9927449299584913
C0010221,neutral,0.7586682883475746
C0019287,negative,0.9815566421964075
C0018007,negative,0.9907650072320178
C0025588,negative,0.5990856910226608
C0004794,neutral,0.5154059241358921
C0011172,negative,0.9955577879248673
C0019637,neutral,0.5387424128914715
C0014048,negative,0.9944306494533744
C0007051,negative,0.9920983389361577
C0008006,neutral,0.6157046419464393
C0007385,negative,0.9850370249989673
C0029175,negative,0.9834838188049928
C0018368,negative,0.9942451263650957
C0012339,negative,0.989320857527743
C0000605,neutral,0.6739636894566627
C0015205,negative,0.9829398743669594
C0009734,negative,0.8718084576129369
C0001026,negative,0.9837496991504439
C0011815,neutral,0.5348494742751728
C0018706,negative,0.6161397882361893
C0018944,negative,0.996703892388491
C0004378,negative,0.996078196089218
C0023268,neutral,0.6678647820055954
C0026476,negative,0.9743189224162501
C0027531,negative,0.7234749674467809
C0004022,neutral,0.5540593428146293
C0007547,negative,0.9964669053045964
C0009517,negative,0.9957007111561935
C0002100,neutral,0.7615700967897292
C0022011,negative,0.9859580658099735
C0010957,negative,0.8865436474891262
C0027837,neutral,0.5290837808541605
C0028097,neutral,0.7943176346087063
C0024513,negative,0.9956717307878735
C0015261,negative,0.9823923360042461
C0021914,negative,0.995975987788392
C0028126,negative,0.9629020526946221
C0022336,negative,0.6277409779946417
C0015695,negative,0.994082792025242
C0004979,negative,0.9930289741520278
C0029634,neutral,0.6275419671282217
C0026178,negative,0.6437966320981915
C0022168,negative,0.9949250476630211
C0020976,neutral,0.5090754083574658
C0017131,negative,0.9945174430849644
C0015150,neutral,0.6428916026445838
C0025036,negative,0.9647894304192118
C0028072,neutral,0.6557957842202341
C0020540,negative,0.995091191057042
C0000800,neutral,0.6091309814110502
C0029209,negative,0.9915726893233506
C0014609,negative,0.9923812761555074
C0026740,negative,0.9897244315047945
C0023735,negative,0.9964337947149638
C0003315,neutral,0.5672386365162804
C0024838,neutral,0.5637637856971952
C0009383,negative,0.5985887542310698
C0023406,neutral,0.6314481825818923
C0028701,neutral,0.5665736868185502
C0014608,neutral,0.6079154596917187
C0023631,neutral,0.614769039892102
C0014792,negative,0.9967219018202551
C0018329,negative,0.9840285426396561
C0013168,negative,0.9897913327556018
C0024995,negative,0.9917812545943642
C0020456,neutral,0.634400214537284
C0026310,neutral,0.5999668175395796
C0005853,positive,0.3673494588448668
C0024910,neutral,0.5954762750140902
C0024092,negative,0.966987333469918
C0022234,neutral,0.5706355096321909
C0014773,neutral,0.7419775819175219
C0029204,negative,0.9960964762487459
C0029380,neutral,0.7743665981884406
C0028668,negative,0.513880852926257
C0004830,negative,0.9962151436939727
C0015539,negative,0.9850011861031716
C0003802,negative,0.9889865193779753
C0025533,negative,0.8801866767639203
C0018431,negative,0.9892967014552652
C0029391,negative,0.8262619525639704
C0028714,neutral,0.5687039580469719
C0015144,negative,0.9927449299584913
C0013378,negative,0.97226490988125
C0026225,negative,0.995975987788392
C0016146,neutral,0.4412347132128522
C0011784,neutral,0.5814972539102288
C0016809,negative,0.9865604171248994
C0011070,negative,0.9958447038213559
C0021276,neutral,0.5212850687181719
C0016763,positive,0.528275071938609
C0012252,negative,0.9859580658099735
C0005505,negative,0.9816349410394398
C0020384,negative,0.5166532961387074
C0019963,neutral,0.6079154596917187
C0029983,neutral,0.4399062574313726
C0025148,neutral,0.5767081800367725
C0020958,negative,0.4760456566266694
C0009237,negative,0.9945834130239498
C0011681,negative,0.976496895422647
C0005248,negative,0.9943855874239349
C0018663,neutral,0.4549453089268311
C0001083,neutral,0.5490001950217138
C0025696,neutral,0.5756549130474059
C0019111,negative,0.9879961763546424
C0002010,negative,0.9965446165668144
C0003194,neutral,0.5769916299943006
C0011573,negative,0.9934145675885524
C0024338,neutral,0.600336636116306
C0007085,negative,0.9440018913858348
C0013281,neutral,0.5818245389960216
C0018170,negative,0.985463186077054
C0008232,negative,0.99621231991139
C0008272,negative,0.9879077086733601
C0012538,negative,0.7871084593025898
C0004180,neutral,0.8023644910376739
C0016929,positive,0.5131470666968106
C0011562,negative,0.9737228321948906
C0001935,negative,0.9928102182818043
C0018800,neutral,0.6681252511715348
C0021012,negative,0.9931248814369172
C0011231,negative,0.9813905400780583
C0012001,neutral,0.7419775819175219
C0027676,negative,0.5711115999360448
C0010695,negative,0.9948791881081426
C0025252,negative,0.995256804204748
C0003964,negative,0.9786206227493527
C0027978,negative,0.9959589747022578
C0016108,neutral,0.7288462819319241
C0010962,negative,0.9930973863252056
C0005277,neutral,0.5762814181755573
C0015258,neutral,0.5279082513447094
C0000968,neutral,0.6569386600358232
C0017785,neutral,0.6348912017244676
C0019330,neutral,0.6544194381051389
C0028106,neutral,0.616324958114178
C0026261,negative,0.982725638619816
C0014673,negative,0.9936622225984727
C0009171,negative,0.9976813820091398
C0014000,negative,0.992436026050411
C0001899,positive,0.5006427442794957
C0013855,negative,0.9949673673597582
C0028867,negative,0.9916538218551069
C0014045,negative,0.9795467176738661
C0003876,negative,0.9732869086545978
C0008305,negative,0.5482613234295817
C0017307,neutral,0.47715511069314537
C0019865,negative,0.8120254160599761
C0006053,negative,0.9618686280116752
C0022000,negative,0.9955459634027346
C0001760,negative,0.9925763425144828
C0012936,negative,0.9911268947440819
C0024861,neutral,0.5553354861896035
C0015891,negative,0.9927449299584913
C0008594,neutral,0.6869973877562706
C0009154,negative,0.9966787049300045
C0009431,negative,0.9936472370279162
C0007004,negative,0.9912287446660212
C0011475,neutral,0.5371404446047918
C0013467,negative,0.9332242315373758
C0020198,neutral,0.584167332395394
C0010287,negative,0.9839785634352161
C0001723,neutral,0.6903959164332846
C0004110,negative,0.9675674734024274
C0000660,neutral,0.5706355096321909
C0006832,negative,0.9962309451907244
C0013338,negative,0.9797238996381191
C0015232,neutral,0.6024264273131634
C0005514,negative,0.9733160968134046
C0025632,neutral,0.634400214537284
C0008333,negative,0.9859580658099735
C0013151,negative,0.9939408268801434
C0003019,negative,0.9962331081005446
C0003602,neutral,0.5739417525873249
C0019951,negative,0.4538743061280418
C0028735,negative,0.9658146439970716
C0000593,negative,0.998006707018415
C0005228,negative,0.9767015308125645
C0002854,neutral,0.586939801707877
C0012296,negative,0.9832819754086148
C0029803,negative,0.6033484964049677
C0018941,neutral,0.5680735290780634
C0007270,negative,0.9890330600203988
C0003938,negative,0.9918118592268436
C0015018,neutral,0.6053634228510134
C0012465,negative,0.9899582977420776
C0008837,negative,0.9801232025225277
C0028300,neutral,0.5773577157416218
C0016925,negative,0.9846501099962801
C0006196,neutral,0.641443957164184
C0006107,negative,0.9831808762465739
C0015048,neutral,0.5110228819573367
C0018189,negative,0.9929521871826065
C0025754,negative,0.9879961763546424
C0006914,negative,0.9973805080724953
C0028545,negative,0.9941465240078184
C0020989,negative,0.9968118320266733
C0027889,negative,0.9888153525112139
C0006692,negative,0.9972787058118378
C0029838,negative,0.9721746042464949
C0029950,neutral,0.6123291660437064
C0001284,negative,0.9913751953897623
C0011309,negative,0.9970879683171003
C0028864,negative,0.990109593269774
C0002298,neutral,0.536738482642771
C0029978,negative,0.8205811663160997
C0025289,neutral,0.5906862500774178
C0009811,negative,0.9982955821651052
C0015659,negative,0.989782899767713
C0013679,neutral,0.6119611645239144
C0005346,negative,0.9882847891190923
C0012419,negative,0.9647693514874481
C0020695,negative,0.9901994629203613
C0005986,negative,0.942985493815308
C0003999,negative,0.5166532961387074
C0021280,negative,0.993669862406845
C0010453,neutral,0.6798433561291796
C0021043,negative,0.9925720255268613
C0019152,neutral,0.6398873804850382
C0024893,negative,0.9895812120191008
C0006398,neutral,0.5769916299943006
C0020863,neutral,0.5202893983846901
C0006621,negative,0.9897913327556018
C0014175,neutral,0.5392790873127978
C0024736,neutral,0.6189783852911114
C0007857,neutral,0.6398873804850382
C0015384,neutral,0.6210370958166848
C0013039,neutral,0.5469024254539401
C0016967,neutral,0.5158513117168144
C0009204,neutral,0.5470187427095782
C0025786,neutral,0.5765916081818658
C0020001,negative,0.9974837796253674
C0005749,negative,0.9931931920675262
C0014066,neutral,0.6592830004133358
C0024496,negative,0.980099553132419
C0002286,negative,0.8877451577000041
C0024616,negative,0.9326947823363961
C0029984,neutral,0.4940389350203152
C0024396,negative,0.9970544048235889
C0004274,negative,0.9885721260792132
C0022443,negative,0.9797251444219017
C0027587,neutral,0.5856530611665373
C0028596,neutral,0.5865684170872262
C0019852,negative,0.9697972417025384
C0003510,negative,0.9933110092606278
C0001819,neutral,0.5432398482072549
C0005266,negative,0.9907147418516294
C0013706,negative,0.5510873046389878
C0014198,negative,0.9892681263392281
C0003994,negative,0.9799588749868698
C0022856,neutral,0.5739417525873249
C0006539,negative,0.5998379495359452
C0001215,neutral,0.6445226702848499
C0011721,negative,0.9942388853158515
C0002545,negative,0.7891841147389003
C0019903,negative,0.9918539605944311
C0014295,negative,0.9748647960060062
C0005824,negative,0.9959661749198443
C0013188,negative,0.5193642219911221
C0005848,negative,0.9948574408988147
C0019064,negative,0.9768162028382124
C0023209,negative,0.4647226282486653
C0008682,negative,0.9853369925648826
C0022451,negative,0.9583932666686058
C0021927,negative,0.6020609463612555
C0019412,negative,0.9830413002349246
C0004353,negative,0.9940876738248543
C0021499,negative,0.9909756247969891
C0008261,neutral,0.6683855479130673
C0008015,negative,0.9962095701164158
C0021560,negative,0.9932399284381851
C0022083,neutral,0.7103518466079713
C0020261,neutral,0.5678276860452112
C0011396,negative,0.9946746877241212
C0016621,negative,0.9898520527450787
C0013625,negative,0.9965430670511372
C0029486,negative,0.9964198048183236
C0007502,negative,0.9974326394456734
C0018116,negative,0.9882859464926742
C0009307,neutral,0.5202865056545791
C0008763,neutral,0.6344418046171622
C0004369,negative,0.9326947823363961
C0021186,neutral,0.5460732585878337
C0002494,negative,0.9975643910371172
C0024084,negative,0.9814548956670275
C0002760,negative,0.9906995717204915
C0013993,neutral,0.5929057732067752
C0011101,negative,0.9897554963771412
C0010671,positive,0.44614417108077814
C0016024,negative,0.9815670608943756
C0004642,negative,0.9853246526815858
C0000254,negative,0.6144080615067452
C0016086,neutral,0.5607718776252753
C0024916,negative,0.9932701128944809
C0006047,negative,0.9747797228437803
C0010847,negative,0.9977490130167189
C0019999,negative,0.8401877022706972
C0004440,negative,0.9729913629220798
C0022330,neutral,0.6500927957432862
C0000117,negative,0.8768997131981274
C0026401,neutral,0.5169335020738899
C0010544,negative,0.9872620095898714
C0023025,negative,0.9990102694532332
C0023447,negative,0.3938932173473631
C0004620,negative,0.9945245035707245
C0011460,negative,0.9724289572697445
C0012124,negative,0.8716520107006607
C0026316,negative,0.9911376411854935
C0000919,neutral,0.6322863128243381
C0028394,negative,0.9970851646606336
C0029811,negative,0.9777061698251688
C0017009,negative,0.9888492058072064
C0001403,negative,0.9843346727358291
C0029827,negative,0.8482333045726725
C0027276,neutral,0.5018770314925085
C0018825,negative,0.9772181654297859
C0022629,neutral,0.6805957406596865
C0014107,negative,0.9848158651790238
C0027731,negative,0.9801222627819374
C0021548,negative,0.9929973226234614
C0002645,neutral,0.6839082149674252
C0008282,neutral,0.500608196833419
C0013361,neutral,0.6231528426400823
C0020330,negative,0.9831253561368113
C0021677,neutral,0.7364180953596645
C0027092,negative,0.9922172716714004
C0027238,neutral,0.7662942443422417
C0012153,negative,0.9574501902618855
C0012922,negative,0.9850011861031716
C0018972,negative,0.8419419712001455
C0003158,negative,0.9818857420057766
C0017323,negative,0.9250768822540754
C0024609,neutral,0.6739636894566627
C0005167,negative,0.9674918174865829
C0004606,neutral,0.5503375362958517
C0001624,negative,0.9466021261123169
C0008538,negative,0.9763047915355416
C0024460,negative,0.9954678627863371
C0015208,negative,0.9955919687735018
C0001193,negative,0.9956866808758948
C0015862,neutral,0.6029612302928398
C0023271,negative,0.9921496514324507
C0026177,negative,0.998140550154049
C0022875,negative,0.9851341645637975
C0001325,positive,0.524235390600767
C0027126,negative,0.4270442786661448
C0008161,negative,0.9967187914449848
C0005281,neutral,0.6406242096237894
C0008732,negative,0.9846501099962801
C0005105,negative,0.9937013491498866
C0001833,negative,0.9742330865840749
C0025392,negative,0.5939465997103577
C0002938,negative,0.9954143714028938
C0026017,negative,0.9975106104186565
C0012165,negative,0.9976974545183872
C0012133,negative,0.99621231991139
C0022331,negative,0.9951426971591203
C0005976,negative,0.9955494528697522
C0029805,neutral,0.5262519168024196
C0019266,negative,0.9948679220586898
C0016639,negative,0.9852399354976286
C0003142,neutral,0.5966646985211462
C0023047,negative,0.9882847891190923
C0016949,neutral,0.5736519915812585
C0026153,negative,0.9978847797027327
C0023154,negative,0.9917681249440001
C0007371,negative,0.9941382613248583
C0017518,neutral,0.584167332395394
C0016544,negative,0.9882847891190923
C0019231,negative,0.9730468539503713
C0014591,neutral,0.6014674365302808
C0019483,neutral,0.6105088201533885
C0000639,negative,0.9759988119858843
C0011624,negative,0.992100784302703
C0022212,negative,0.9909756247969891
C0001875,neutral,0.5806079236609774
C0002757,negative,0.9962277403049404
C0013402,neutral,0.5999668175395796
C0024503,negative,0.9763945291163583
C0025633,neutral,0.5493068559717452
C0022889,negative,0.9968780448905908
C0020474,negative,0.9921650126588815
C0001717,negative,0.9823005525949962
C0024240,neutral,0.6255831159223859
C0012794,negative,0.9885721260792132
C0022497,neutral,0.6425981737349991
C0028720,negative,0.9930692686550495
C0004796,negative,0.9593221617689945
C0001173,neutral,0.5131430606734471
C0011310,negative,0.9788620066875897
C0002107,neutral,0.592886568694076
C0010736,negative,0.9897244315047945
C0012248,negative,0.9884947107137292
C0021804,negative,0.9819823470485702
C0005507,negative,0.9091255021243443
C0024261,negative,0.9933503003034853
C0003462,negative,0.9977878460168071
C0007688,neutral,0.436491644849695
C0020797,neutral,0.741135505120068
C0009737,neutral,0.6068742416313944
C0005891,negative,0.9928888359857216
C0014297,negative,0.9900140553070015
C0005967,neutral,0.6259670682217985
C0010826,negative,0.9686143115523421
C0013401,negative,0.6995125376863282
C0017797,positive,0.49843494333355687
C0029124,negative,0.9048877923678266
C0015099,negative,0.9843420543615105
C0023190,negative,0.7250179732546654
C0001783,negative,0.980981025665186
C0006919,neutral,0.6606665535377397
C0005388,negative,0.9956260427820874
C0001251,negative,0.9934090547520545
C0000076,neutral,0.7018889922116723
C0014747,negative,0.9947214313675562
C0017738,negative,0.4760456566266694
C0028038,negative,0.9803572100089756
C0005933,neutral,0.6097918512738909
C0015911,neutral,0.5258707560912388
C0026399,negative,0.9939408268801434
C0021469,negative,0.860124876164646
C0009060,negative,0.8167228802856992
C0019501,neutral,0.5110228819573367
C0012220,negative,0.9962151436939727
C0029478,negative,0.7622202391815501
C0027365,negative,0.9951303311323929
C0000342,negative,0.9958688599677892
C0027376,negative,0.9967710060062255
C0013616,neutral,0.6544194381051389
C0016580,neutral,0.7117898402485969
C0015465,negative,0.9970544048235889
C0010291,negative,0.9900417745263255
C0007048,neutral,0.5014682981557965
C0001931,negative,0.9897244315047945
C0025250,neutral,0.5311918486400209
C0007633,negative,0.9967187914449848
C0028689,neutral,0.6399039280583184
C0028456,neutral,0.5907314440636601
C0009435,negative,0.9891255067410121
C0018231,neutral,0.5547137149040958
C0029797,neutral,0.8169474881204077
C0017301,negative,0.979389525110359
C0000222,negative,0.8779139324428056
C0009938,negative,0.9808763276909187
C0006537,negative,0.99635771859066
C0003245,neutral,0.5338852888188977
C0004996,negative,0.9934090547520545
C0019768,neutral,0.5057183999913056
C0007908,negative,0.9885376208242969
C0012755,neutral,0.5604014740473487
C0011359,negative,0.9913028860440871
C0011845,negative,0.9954676649775525
C0025945,negative,0.9850712860338476
C0000277,negative,0.985463186077054
C0025952,negative,0.9754742813490713
C0025989,negative,0.9960593513908791
C0008395,neutral,0.47537826701253777
C0013179,neutral,0.6571904874838984
C0010158,neutral,0.5790983382067993
C0002613,negative,0.9805584141825152
C0019402,neutral,0.6255831159223859
C0002222,neutral,0.5834836103103936
C0020135,negative,0.9941382613248583
C0013953,neutral,0.541921480448925
C0004704,neutral,0.6786347688377141
C0017570,neutral,0.5345943230674813
C0023628,negative,0.983049677778176
C0027763,negative,0.9795812276127365
C0015050,negative,0.9791354791020315
C0017098,negative,0.9894928283744243
C0000165,negative,0.9911102509029932
C0019374,negative,0.9890227078884699
C0000394,negative,0.9816894873368311
C0011114,neutral,0.5870394988175265
C0020996,negative,0.9927179339319225
C0028644,neutral,0.8048563072123104
C0018546,negative,0.995975987788392
C0001943,neutral,0.5833248269157424
C0025740,negative,0.9927449299584913
C0008065,negative,0.9843420543615105
C0013020,negative,0.9915665124000801
C0010661,negative,0.9262992961393766
C0019423,negative,0.9881228781093955
C0018640,negative,0.5995996767882552
C0012964,positive,0.5258483367371869
C0004075,neutral,0.6300270695706478
C0013610,neutral,0.5999668175395796
C0022779,negative,0.9856994730596168
C0004981,neutral,0.5637074549021076
C0029267,negative,0.8031667703492676
C0009300,negative,0.9960141629607986
C0028716,negative,0.6116590294255364
C0021291,neutral,0.5521886747547451
C0028667,negative,0.8108345860964977
C0026344,negative,0.9934749792478601
C0017955,neutral,0.5058696561791608
C0025499,neutral,0.6035084607362531
C0020981,negative,0.5553148781328666
C0002058,neutral,0.6029612302928398
C0006860,negative,0.988999766636188
C0024103,negative,0.8580093613182697
C0019664,neutral,0.5690819072815315
C0018130,neutral,0.6398873804850382
C0017546,negative,0.9907951443578568
C0005714,neutral,0.5628540958293925
C0011003,negative,0.9772595797765813
C0010855,positive,0.5318590445519062
C0015979,neutral,0.5883380862820616
C0025799,neutral,0.6569044945137003
C0020966,neutral,0.5906572779835574
C0024211,negative,0.9960559474492895
C0008258,neutral,0.6642402236311137
C0022418,neutral,0.5818245389960216
C0004203,negative,0.9967431424038914
C0009637,negative,0.99635771859066
C0025796,negative,0.9966633629537928
C0026449,neutral,0.613153775075374
C0011373,neutral,0.5814582810540219
C0028119,negative,0.9942265435534617
C0024343,neutral,0.5108345496409348
C0025692,neutral,0.5798500688033839
C0007196,negative,0.6492437264501437
C0026195,negative,0.5942569560164717
C0018575,negative,0.9917681249440001
C0029305,neutral,0.5546628679757448
C0021779,negative,0.990420664235518
C0001365,negative,0.9938157038192633
C0011477,negative,0.9967187914449848
C0023210,negative,0.9926633699867838
C0016169,neutral,0.5816933518217113
C0028782,negative,0.9798848482513896
C0020209,neutral,0.7937184062793798
C0002771,negative,0.980707801478613
C0009748,neutral,0.5559847591622762
C0005577,negative,0.9970638784515881
C0008570,neutral,0.5967839642323434
C0015878,negative,0.9953912370739822
C0016784,negative,0.9847967262764338
C0002307,neutral,0.655719514593145
C0017676,negative,0.9962544784365923
C0014887,negative,0.9928888159412562
C0004810,negative,0.5668024147482381
C0011688,negative,0.9976935038176614
C0008221,neutral,0.6035084607362531
C0015386,negative,0.5166532961387074
C0019727,negative,0.9869121719920071
C0004194,negative,0.5942569560164717
C0003749,neutral,0.5891109070984106
C0005230,negative,0.9853369925648826
C0004043,neutral,0.5592619732291184
C0028946,neutral,0.5432398482072549
C0026094,neutral,0.6013810816505678
C0028021,neutral,0.516320779487829
C0005724,neutral,0.5680735290780634
C0025056,positive,0.5023992712761344
C0007350,negative,0.9919774910882174
C0008047,neutral,0.5850033390571309
C0012941,negative,0.5422416430784568
C0016227,neutral,0.5230557945720518
C0015485,negative,0.9920566793508582
C0029335,neutral,0.5983374942468836
C0014833,negative,0.9977937401874087
C0025275,negative,0.5166532961387074
C0002699,negative,0.9927722503620569
C0025851,negative,0.9806405271691911
C0027134,neutral,0.5227534759538098
C0003634,neutral,0.5563736602155792
C0020598,neutral,0.7861528623629342
C0023854,negative,0.6478031860953566
C0027788,negative,0.9915725304191839
C0013638,neutral,0.5056994425664515
C0017736,negative,0.7969483657884339
C0016218,neutral,0.49979791988791356
C0027963,negative,0.9841589997093086
C0015795,positive,0.5058870192231018
C0020692,negative,0.9904368862987819
C0007272,neutral,0.744573517104866
C0013183,negative,0.9828744432533852
C0008334,negative,0.49253722849716014
C0023889,neutral,0.5364015859108417
C0005968,negative,0.9945048038374498
C0008913,negative,0.9952631827031739
C0009777,negative,0.9870446755188795
C0008457,negative,0.9904330311250253
C0023714,negative,0.9560440180265339
C0025464,negative,0.9865604171248994
C0010853,neutral,0.703190618091895
C0008626,negative,0.994466127247261
C0013919,neutral,0.6119611645239144
C0010677,negative,0.9778870090363443
C0008694,negative,0.9740251977820849
C0029905,neutral,0.6399390230595242
C0003660,negative,0.997655267680661
C0017260,negative,0.5457716851335576
C0017697,negative,0.9844715051389098
C0012304,neutral,0.729923548678811
C0011592,neutral,0.5454807817152355
C0005164,negative,0.9855524805958377
C0003372,neutral,0.4997061983471587
C0013463,neutral,0.7052972906348399
C0000620,neutral,0.40363518232251683
C0002345,negative,0.9932701128944809
C0001870,negative,0.994925203713554
C0021724,neutral,0.5598792360625442
C0025203,neutral,0.5818286335778277
C0022525,neutral,0.6319688787126827
C0019150,neutral,0.5212850687181719
C0019310,negative,0.9872026744518702
C0015110,negative,0.9944991676619207
C0029709,negative,0.995975987788392
C0027458,negative,0.9972715781774504
C0025221,negative,0.9747420542869626
C0019005,neutral,0.6723015304218782
C0023282,negative,0.9827762838086102
C0000884,negative,0.9976813820091398
C0005579,negative,0.9961773147390597
C0019780,negative,0.9781443597339328
C0027734,negative,0.9948574408988147
C0026782,negative,0.9891902205799101
C0014200,negative,0.984370082232067
C0015049,negative,0.9059555700096752
C0013008,negative,0.9263291217971423
C0013150,negative,0.9673355624952892
C0019074,negative,0.9980075656585766
C0026457,neutral,0.6571256083212937
C0027842,negative,0.9678068922645426
C0002790,negative,0.9926544910953504
C0003773,negative,0.5473670861948496
C0008779,negative,0.9909756247969891
C0009229,positive,0.54653177068614
C0012803,negative,0.9927449299584913
C0015394,negative,0.9930973863252056
C0006926,negative,0.9931248814369172
C0016595,negative,0.9953787037283757
C0014722,negative,0.9910919528872727
C0005355,negative,0.9959690464125536
C0029376,negative,0.9942668459161929
C0026046,negative,0.9728224938970224
C0029726,negative,0.9919136163718114
C0005434,neutral,0.5903513253529691
C0022414,negative,0.5229597128447564
C0001496,negative,0.996703892388491
C0006887,negative,0.9931758082117101
C0029312,negative,0.9828166072721809
C0015939,negative,0.9940991300842266
C0009649,negative,0.7713696081385774
C0007804,negative,0.996942458665952
C0011625,negative,0.8465045602046236
C0015624,negative,0.975304184688409
C0028255,negative,0.9913028860440871
C0012861,negative,0.9968200299124358
C0026045,neutral,0.5631759116822076
C0025185,negative,0.9865618778883396
C0027853,negative,0.9905684172701138
C0012606,negative,0.9822009226400774
C0005716,negative,0.9912526918653818
C0002520,neutral,0.589422075142319
C0010558,negative,0.9704031912230385
C0005529,negative,0.7755989597865539
C0017929,negative,0.9574793476590702
C0009039,negative,0.9931785804434177
C0027833,negative,0.9915725304191839
C0015740,neutral,0.6255831159223859
C0005152,negative,0.8052461883778013
C0009363,negative,0.5691541918044526
C0001719,negative,0.9804889122337738
C0024149,negative,0.994176116581786
C0001080,negative,0.9743935994540572
C0023368,negative,0.985461714951149
C0029159,negative,0.9932046175309355
C0011264,negative,0.9952246700641646
C0015067,neutral,0.5907728010739726
C0005033,neutral,0.5424279016681454
C0024226,neutral,0.6265736315244533
C0020504,negative,0.9943512137454891
C0021018,negative,0.5656557557219553
C0002413,negative,0.7900984160233658
C0018616,neutral,0.6109164683533054
C0023103,negative,0.9757062785046884
C0019442,negative,0.9864643953148615
C0004172,negative,0.9846501099962801
C0007268,neutral,0.5972973717200734
C0029762,neutral,0.7137522416692078
C0026667,negative,0.9852043737935583
C0014266,neutral,0.6765127761186054
C0007490,neutral,0.740922861343394
C0023744,negative,0.994287042432843
C0011673,negative,0.9586100027821866
C0029567,negative,0.9852043737935583
C0029141,neutral,0.764780937627262
C0018515,negative,0.9896492686799025
C0013336,negative,0.9978794909913695
C0009850,negative,0.9880241320883039
C0010047,neutral,0.5807773546487626
C0002097,negative,0.9935000653416005
C0027347,neutral,0.6877262427326928
C0028247,negative,0.995975987788392
C0014999,negative,0.9888492058072064
C0024157,neutral,0.5883380862820616
C0012052,negative,0.8177381807941384
C0007916,negative,0.9880668772400969
C0019973,negative,0.9810531969994865
C0027343,negative,0.9864707184591354
C0021341,negative,0.9950771743303942
C0014824,negative,0.9918849516850856
C0010126,neutral,0.5384003360345982
C0004183,negative,0.9984039976280012
C0001440,negative,0.9592828609571132
C0003914,neutral,0.45877615724301984
C0022170,negative,0.988117377710266
C0028766,neutral,0.652464263939748
C0024705,neutral,0.5659390085887099
C0003869,neutral,0.6488842890996867
C0007661,negative,0.9948520992250499
C0022964,neutral,0.6592830004133358
C0005764,neutral,0.5293324360108244
C0025834,negative,0.98643117142175
C0022126,negative,0.989077911023279
C0000253,negative,0.9572249526046811
C0020321,negative,0.989306282302505
C0014363,negative,0.9852129406990549
C0015089,negative,0.9716372496738779
C0011777,negative,0.9771528625118783
C0028467,neutral,0.5982902564489907
C0025270,negative,0.9979303583890888
C0008522,negative,0.9779125477819691
C0024710,negative,0.9808998553540729
C0015482,neutral,0.5932380836898555
C0004382,negative,0.987137138183747
C0026465,negative,0.9760605490692439
C0018483,negative,0.9918212872914779
C0022111,negative,0.9900497750472546
C0009096,negative,0.49942627312037124
C0001267,negative,0.9898738843568238
C0020533,negative,0.9926544910953504
C0001055,negative,0.988808934314301
C0027177,negative,0.9944740305278532
C0012372,negative,0.9915409015255489
C0000983,neutral,0.7615700967897292
C0004572,positive,0.5102246589183376
C0023082,negative,0.9953498752738884
C0005556,negative,0.9920832609054445
C0005130,neutral,0.4998626348606072
C0002635,negative,0.98643117142175
C0020219,neutral,0.6948153908248124
C0003883,negative,0.9814801237315719
C0000831,negative,0.9972405917489431
C0000893,neutral,0.6528197379403544
C0020017,negative,0.6174010532405917
C0004463,neutral,0.5331501525568356
C0025947,neutral,0.5594946509897911
C0013415,neutral,0.5630817816683266
C0016005,neutral,0.5432398482072549
C0008565,negative,0.9884755087824653
C0006553,negative,0.9888714208035696
C0005059,negative,0.976571372476202
C0028465,negative,0.9706282041713026
C0012942,negative,0.9972657999827302
C0019993,negative,0.991501205508802
C0017014,negative,0.9968858137607933
C0003339,neutral,0.5454390869726768
C0013571,negative,0.9885846543955609
C0022791,neutral,0.6241049654725914
C0022154,negative,0.9852043737935583
C0000441,neutral,0.7006264640601529
C0018010,neutral,0.577187134806192
C0003096,negative,0.9809691737102921
C0001323,negative,0.9695999829666314
C0029293,negative,0.9436785462829186
C0001226,negative,0.942985493815308
C0017044,neutral,0.5637820162218118
C0000210,negative,0.9964926803130622
C0004285,negative,0.9968858137607933
C0012876,negative,0.9889849929084331
C0012814,negative,0.9932046175309355
C0023700,negative,0.9900858508133106
C0011594,negative,0.9976935038176614
C0001060,neutral,0.6681252511715348
C0022181,negative,0.9926544910953504
C0001221,neutral,0.6877174032035792
C0002098,negative,0.9824700110292734
C0013436,neutral,0.5664562746029951
C0025627,neutral,0.6852670522938709
C0004904,neutral,0.37748125342234606
C0020652,negative,0.971643688976874
C0022204,positive,0.5056210617818274
C0025058,neutral,0.6153161848889211
C0017544,negative,0.9876656512784711
C0013738,neutral,0.5687039580469719
C0001745,negative,0.8497255155089176
C0020517,neutral,0.4523307770684946
C0008267,negative,0.995348090790388
C0013732,negative,0.9946763002432186
C0022328,neutral,0.6437108194488563
C0004622,negative,0.9935152562395616
C0002894,neutral,0.6113928674835054
C0027404,neutral,0.5796042454920285
C0011832,neutral,0.6082422216375795
C0018501,neutral,0.5920385324826815
C0025890,negative,0.9904820536390428
C0016364,negative,0.990109593269774
C0009892,neutral,0.4881896685632782
C0008330,neutral,0.5308978747473819
C0026704,negative,0.9945691881363016
C0004480,negative,0.9892997543071219
C0011063,neutral,0.5607718776252753
C0008132,neutral,0.43121068370473326
C0018650,negative,0.7350495621049234
C0027748,negative,0.992663946928467
C0013970,neutral,0.6243989455298103
C0015311,neutral,0.5220904432923387
C0020725,neutral,0.5081420667329508
C0013074,negative,0.9779125477819691
C0003768,negative,0.9587029429907737
C0015036,negative,0.9956717307878735
C0023696,negative,0.9943453110191048
C0014327,neutral,0.5883380862820616
C0016828,negative,0.9978450550368095
C0025433,negative,0.9936736303031296
C0002420,negative,0.9968858137607933
C0015691,negative,0.6524526545652716
C0015608,neutral,0.6606665535377397
C0025601,negative,0.9975643910371172
C0003887,neutral,0.6410448997945805
C0014388,negative,0.9852682129958171
C0011566,negative,0.9737228321948906
C0008768,neutral,0.5731359591063458
C0025374,negative,0.9778870090363443
C0006431,neutral,0.5404039179939026
C0026052,negative,0.9778870090363443
C0010978,neutral,0.6023026556879444
C0027654,neutral,0.5589558194604219
C0002456,negative,0.628004330607181
C0002212,negative,0.9756062905211057
C0010717,neutral,0.5974634794936723
C0002736,neutral,0.5767081800367725
C0016119,negative,0.9913028860440871
C0000385,negative,0.9834486507331708
C0026629,negative,0.9966633629537928
C0013909,negative,0.9958290414102102
C0002083,negative,0.9831287579220879
C0007956,negative,0.9876488372184242
C0001141,neutral,0.5775548360814116
C0026125,negative,0.9942451263650957
C0028284,negative,0.9523198672804786
C0007919,negative,0.9846501099962801
C0020514,neutral,0.3993984121367755
C0003353,neutral,0.46400123838667956
C0027668,negative,0.9958683442196474
C0001396,neutral,0.5257653961120995
C0004852,negative,0.9934145675885524
C0008675,negative,0.9847776863079007
C0023821,neutral,0.6713856999524187
C0013558,negative,0.9962156562273693
C0011442,neutral,0.5447326135326898
C0017157,negative,0.9961259024864375
C0024273,negative,0.9970638784515881
C0020545,negative,0.9780349234555593
C0016513,negative,0.5615940679335238
C0027738,negative,0.9931981514070034
C0017190,negative,0.9740251977820849
C0017155,neutral,0.5668543149738184
C0027987,negative,0.9882847891190923
C0003623,negative,0.9832786007975869
C0021484,neutral,0.5736734568593178
C0020757,neutral,0.7001747074492665
C0002883,negative,0.9819586496105995
C0006898,negative,0.9934756847433738
C0005247,neutral,0.42680378849272427
C0001256,negative,0.9021332189156385
C0017038,neutral,0.6538377950881042
C0002740,negative,0.994925203713554
C0018980,negative,0.9951826931531296
C0005218,negative,0.9903334821811056
C0015743,negative,0.9864707184591354
C0022265,negative,0.9572939852427351
C0028674,neutral,0.6013099562689668
C0018031,neutral,0.6590433652964642
C0023903,neutral,0.5207176104016555
C0013022,neutral,0.5736519915812585
C0015356,neutral,0.47083132969232944
C0001792,negative,0.9962277403049404
C0019828,neutral,0.7096135484431987
C0022564,negative,0.9915726893233506
C0001687,negative,0.973616173145382
C0027184,neutral,0.5776208213433375
C0016164,negative,0.9953787037283757
C0020657,neutral,0.5198054467817631
C0022226,negative,0.994082792025242
C0008736,negative,0.9775591519553479
C0000006,neutral,0.41475933015204913
C0006123,negative,0.9919339496857965
C0000799,negative,0.5962903890399367
C0011960,negative,0.9867190749633898
C0024422,neutral,0.7274875300274094
C0022947,neutral,0.5458345291929514
C0017350,negative,0.997303800851351
C0029487,negative,0.49047518930166717
C0008277,neutral,0.42806399420843294
C0020197,negative,0.9954264549669741
C0017213,positive,0.5316411650260827
C0001818,neutral,0.5398095384382199
C0019706,negative,0.9923488038057082
C0023353,negative,0.4760456566266694
C0010769,negative,0.9924514733692194
C0002141,negative,0.9696746526997233
C0026897,negative,0.9940876738248543
C0019676,negative,0.992084697008992
C0015350,negative,0.8328001300763658
C0023374,negative,0.9978088667023297
C0015473,negative,0.9937668913915072
C0012953,negative,0.9968858137607933
C0011296,negative,0.9941465240078184
C0013949,negative,0.9737228321948906
C0017114,neutral,0.5570106330991407
C0023683,negative,0.9983294249837628
C0016430,neutral,0.6123291660437064
C0015711,neutral,0.4936593234989595
C0011446,negative,0.9909756247969891
C0023478,negative,0.9986782452274721
C0008371,neutral,0.7362751078740745
C0001962,negative,0.9962491149440799
C0009744,negative,0.9945029863538496
C0018912,negative,0.9731635581306803
C0027390,negative,0.9768898961018055
C0022117,neutral,0.5994307102998928
C0001310,negative,0.9961137481814489
C0013145,neutral,0.6063297715010199
C0004273,neutral,0.5742237223250268
C0006923,negative,0.9778870090363443
C0021478,negative,0.9217940006404997
C0027218,negative,0.9935095709639322
C0028679,neutral,0.5960187695924823
C0017317,negative,0.9701768185003
C0008002,neutral,0.7858828122964081
C0024430,negative,0.9975643910371172
C0003021,negative,0.976571372476202
C0027554,negative,0.9874372854384766
C0006064,negative,0.9722133425381835
C0028721,negative,0.764988658124122
C0006423,neutral,0.5478114605538404
C0010870,neutral,0.5967839642323434
C0008110,negative,0.9903351867994618
C0006271,negative,0.9834016824154455
C0011180,negative,0.6018416903400159
C0028352,neutral,0.7280863249207091
C0014469,negative,0.9912354818110654
C0029026,negative,0.4760456566266694
C0012282,neutral,0.5518842694091931
C0005278,negative,0.979427281164648
C0005741,negative,0.9796586493310102
C0018554,negative,0.9772065722276474
C0013207,negative,0.9916538218551069
C0005082,negative,0.9924218129224114
C0007210,negative,0.9888597086825892
C0025540,negative,0.9823019095022201
C0022147,negative,0.9854003817776579
C0005460,negative,0.4760456566266694
C0003547,negative,0.9772415005931372
C0011473,neutral,0.6690932590422765
C0003396,neutral,0.5701946921598342
C0026571,negative,0.9904269492564143
C0016100,negative,0.9796335258866039
C0022269,negative,0.9971520279253907
C0029004,negative,0.9932399284381851
C0015440,negative,0.5216845261677421
C0027754,negative,0.9929230835343682
C0024780,neutral,0.6334338907854294
C0029448,negative,0.9980402830967856
C0009123,negative,0.9968422172217419
C0002632,negative,0.9938817602571097
C0003217,negative,0.9401855985758767
C0010924,neutral,0.5967839642323434
C0017737,neutral,0.5190462096567102
C0000544,neutral,0.6642402236311137
C0001434,negative,0.9903029198281692
C0011085,negative,0.9881065531292654
C0016038,neutral,0.5732681795665203
C0028544,negative,0.5163891142769234
C0015987,negative,0.9861249155489937
C0012046,negative,0.990350910553531
C0023552,neutral,0.6064424500084948
C0004876,negative,0.9443085660482262
C0008940,negative,0.9916070804071045
C0012782,negative,0.9684904123660835
C0025608,negative,0.4596680422310774
C0023565,negative,0.8742876125675716
C0006817,negative,0.9517492323336169
C0010217,negative,0.9900948704150183
C0009312,neutral,0.6140717254895598
C0025489,negative,0.991948291535138
C0028522,negative,0.9916992278901241
C0023682,neutral,0.5769916299943006
C0002581,positive,0.5073729742731967
C0013600,neutral,0.6137654043984544
C0025168,negative,0.9938557827247513
C0024207,negative,0.9975419425960562
C0002908,negative,0.9605594651562575
C0005701,negative,0.615374093342316
C0002337,negative,0.9961748671557155
C0004478,negative,0.9945866823007449
C0014894,negative,0.9754795723305372
C0001380,negative,0.989871897551845
C0023101,negative,0.9965736596796939
C0025218,negative,0.9967262251187249
C0007906,negative,0.9915578702935156
C0015809,neutral,0.5104571300108378
C0027283,negative,0.9882766161417395
C0007935,neutral,0.5560122692076712
C0009475,neutral,0.7010515048768957
C0021428,neutral,0.6051110053999971
C0003942,negative,0.9883785171695394
C0016895,negative,0.9583534599029492
C0016725,negative,0.9877867384984015
C0009160,negative,0.9807740813579185
C0021442,negative,0.9946859839041824
C0007572,negative,0.984022907086869
C0016952,neutral,0.5415292833965659
C0001560,neutral,0.4950708652075667
C0009386,negative,0.9930692686550495
C0000676,neutral,0.7003213061469791
C0011963,neutral,0.5974634794936723
C0011607,negative,0.9228420709002518
C0009648,negative,0.9915637591578577
C0021206,negative,0.9746182754536113
C0001773,neutral,0.6176112483990063
C0002343,neutral,0.5314577692738084
C0008170,negative,0.9809421966862756
C0007169,neutral,0.7358464571249724
C0022661,neutral,0.5365954700495258
C0013138,negative,0.9942668459161929
C0024670,negative,0.944876604830974
C0027895,negative,0.9885598575318916
C0007370,negative,0.552010162812522
C0025011,negative,0.6883361251042553
C0025917,negative,0.9940156366735285
C0000182,negative,0.9920566793508582
C0026793,neutral,0.5892370570265375
C0011046,neutral,0.5744449744291305
C0018093,negative,0.9656632805202098
C0029794,negative,0.9826519595671381
C0011766,neutral,0.5699912111735667
C0024844,negative,0.9917681249440001
C0024866,negative,0.9945824945128753
C0021523,neutral,0.6581162012848343
C0027590,negative,0.9963488543923934
C0012452,negative,0.9823923360042461
C0029935,negative,0.9926684537143785
C0019072,negative,0.9914428893420474
C0005165,negative,0.9865087653901091
C0023487,neutral,0.6562703581039341
C0028781,negative,0.5586779267280038
C0020262,negative,0.9780599720832235
C0029462,negative,0.9923119359768606
C0007846,neutral,0.624613795650382
C0006005,negative,0.9962255281324985
C0016432,negative,0.9778793413676462
C0015392,negative,0.9981240252447855
C0015160,negative,0.9914428893420474
C0022622,negative,0.5638799436688504
C0004908,positive,0.4882459954979248
C0018127,negative,0.9760474952381584
C0008894,negative,0.9837112660889605
C0020113,negative,0.9966925566498698
C0028439,neutral,0.7839367268844439
C0014556,negative,0.5668024147482381
C0011086,neutral,0.5459807204138887
C0007524,negative,0.9927449299584913
C0018764,negative,0.9672925704055382
C0015689,neutral,0.6178912558388059
C0016909,negative,0.9960964762487459
C0019833,negative,0.9959171413278394
C0028882,negative,0.9894791935361782
C0029223,negative,0.9371370750024353
C0011569,negative,0.9963361281250886
C0009215,negative,0.9872203149772039
C0021466,negative,0.9747420542869626
C0020230,negative,0.9892523702794885
C0021631,negative,0.9910919528872727
C0023225,neutral,0.5360250427756897
C0001751,negative,0.9767409518856205
C0007095,neutral,0.3552066320977128
C0004923,negative,0.9953679452036575
C0019482,negative,0.9247272478102043
C0010133,neutral,0.6328596241680956
C0003520,negative,0.9932529667880464
C0029048,negative,0.8916130848454515
C0007021,negative,0.9468900481494299
C0012481,negative,0.977387305726243
C0012360,negative,0.579054038582433
C0004666,neutral,0.7693134702728204
C0006063,neutral,0.7052515490073009
C0022760,negative,0.9662927287802738
C0004489,neutral,0.7314172318036273
C0014961,neutral,0.7050418920627113
C0013221,negative,0.9736015253712659
C0026947,negative,0.9839060750670049
C0010660,negative,0.9970872566718284
C0015786,neutral,0.5577731908272106
C0001532,negative,0.552010162812522
C0003827,negative,0.9947591671925001
C0022575,neutral,0.637839733503874
C0029821,negative,0.4953724873622914
C0009615,negative,0.5668024147482381
C0027806,negative,0.9882847891190923
C0009436,negative,0.9827762838086102
C0002909,neutral,0.6330734527785838
C0012097,negative,0.9951509187277392
C0000830,negative,0.9921179529996514
C0009974,negative,0.6570442604435139
C0001477,negative,0.9885846543955609
C0001981,negative,0.9921720681328376
C0003738,neutral,0.6046984694941522
C0003532,negative,0.9947288877500344
C0013075,negative,0.9935397064609576
C0018838,negative,0.9928102182818043
C0004036,neutral,0.5668569954231674
C0018666,neutral,0.5994085347576875
C0026532,negative,0.938224782663178
C0022145,negative,0.9654065780520493
C0018134,negative,0.9940991300842266
C0001360,negative,0.9924197503909435
C0013231,negative,0.9618686280116752
C0018798,neutral,0.5598168231782092
C0017484,negative,0.9874372854384766
C0014928,positive,0.5459826431055074
C0009907,negative,0.9735915042782362
C0020894,negative,0.9882847891190923
C0008646,negative,0.9727001973139525
C0006014,negative,0.9831705212175621
C0003923,neutral,0.6137654043984544
C0027478,negative,0.9932046175309355
C0000274,negative,0.9940690611370807
C0004914,negative,0.9736015253712659
C0023661,neutral,0.6209865977559305
C0026059,negative,0.9972174934138179
C0028448,negative,0.9781518502453109
C0020630,negative,0.99635771859066
C0010447,negative,0.9951792505163161
C0026429,negative,0.9968858137607933
C0003572,neutral,0.4916833738803051
C0028817,negative,0.6805623039619996
C0014479,negative,0.9988084776306443
C0028888,neutral,0.49935966627670975
C0013065,neutral,0.3511957419861842
C0019466,neutral,0.6595319915008427
C0004671,negative,0.604900527115782
C0006307,negative,0.9975146292258671
C0000525,negative,0.979536605007529
C0014201,negative,0.9064775924903847
C0015136,neutral,0.537389768421524
C0018295,negative,0.9962095701164158
C0011062,neutral,0.5789289187618991
C0015519,negative,0.9931906985228592
C0004791,neutral,0.5956844822306923
C0012711,negative,0.9927449299584913
C0027169,neutral,0.6175888122095896
C0015307,neutral,0.6591811513064915
C0021946,neutral,0.6398873804850382
C0007504,neutral,0.5933720615503307
C0010822,negative,0.9966426258971066
C0015655,negative,0.9977260386732957
C0015472,negative,0.990668233928129
C0008059,negative,0.989614897918026
C0027025,negative,0.92557320462073
C0015496,neutral,0.7112874013043382
C0017729,neutral,0.6446565374129053
C0002534,neutral,0.6313054134832166
C0017811,neutral,0.47742500295322843
C0017067,negative,0.9969945488204581
C0019472,negative,0.9785462457651748
C0025401,negative,0.626065192835034
C0029153,neutral,0.5668543149738184
C0019749,negative,0.9823032101668565
C0027727,negative,0.9758647805155586
C0025437,negative,0.9914589035449565
C0028969,neutral,0.7162394034521861
C0020577,neutral,0.5432398482072549
C0008922,negative,0.9716167370511128
C0002051,neutral,0.653793035812359
C0024387,negative,0.9849902715502178
C0014040,negative,0.9862962368558791
C0027878,negative,0.979660832634488
C0020857,negative,0.9875979289208356
C0002359,negative,0.9979809301129708
C0024885,negative,0.9932519830872119
C0004096,negative,0.5600529131693226
C0019762,negative,0.9733795406061208
C0025502,negative,0.9662624188263148
C0015814,negative,0.9873930596604574
C0022424,neutral,0.6255831159223859
C0020633,negative,0.9433160958112569
C0017215,negative,0.769726502330649
C0027533,neutral,0.5984186381603165
C0013119,neutral,0.6696045313800016
C0021495,negative,0.9891255067410121
C0008918,neutral,0.5356517211676175
C0016624,negative,0.9916992278901241
C0001002,negative,0.995197596482127
C0026089,negative,0.8938924659495621
C0013877,negative,0.9910919528872727
C0023500,neutral,0.5297540620479348
C0008284,negative,0.9282050904553198
C0013447,neutral,0.6806062652748809
C0029374,negative,0.9641318505725278
C0013520,negative,0.6295445975016594
C0006394,negative,0.9958683442196474
C0008022,negative,0.9909756247969891
C0008044,negative,0.977236435114796
C0024037,neutral,0.6026656811950216
C0011152,negative,0.9960922156051415
C0009382,neutral,0.5673551374789203
C0028120,negative,0.9976451293571189
C0001086,neutral,0.5472570660021878
C0026504,negative,0.522170762788498
C0025876,negative,0.9468900481494299
C0005862,negative,0.9892714329160448
C0021504,negative,0.9756428328271707
C0026787,negative,0.9913878114703045
C0021555,negative,0.9986747000828787
C0020555,neutral,0.5637074549021076
C0016251,neutral,0.6162531913391804
C0023215,negative,0.9957430152869323
C0004406,negative,0.9917681249440001
C0016788,negative,0.9740276217502295
C0026701,negative,0.9956564941912867
C0004053,positive,0.4882800786882568
C0001748,negative,0.9962544784365923
C0003829,neutral,0.6394817320901818
C0020452,neutral,0.6109164683533054
C0017080,negative,0.9962095701164158
C0018517,negative,0.9952582662095336
C0001277,negative,0.9896632073458029
C0024864,neutral,0.6312326228472434
C0001881,negative,0.9928888359857216
C0016887,negative,0.9824369492014952
C0015221,negative,0.9821614914558225
C0015329,neutral,0.6685367047175067
C0014498,negative,0.9767015308125645
C0010645,neutral,0.5234179466344476
C0012851,negative,0.9461576804851697
C0022360,negative,0.8354806504304413
C0028962,negative,0.9863164531142959
C0007851,negative,0.9967090456399331
C0005927,negative,0.971251508905953
C0002470,neutral,0.5906572779835574
C0014383,negative,0.9784469713584159
C0000032,negative,0.9828166072721809
C0017915,negative,0.9976974545183872
C0011213,negative,0.9920566793508582
C0016750,negative,0.9968632212070019
C0024793,neutral,0.5339440155634809
C0020505,neutral,0.6097918512738909
C0019792,negative,0.9933666318426753
C0029917,neutral,0.5176408117384947
C0021432,negative,0.9294886305327624
C0001836,negative,0.9890361674033855
C0000429,negative,0.9882103357823839
C0002637,neutral,0.5731359591063458
C0010362,negative,0.9755078073984811
C0027859,negative,0.9600086188176526
C0000466,neutral,0.5897514322570633
C0023072,neutral,0.7269786359034163
C0011235,negative,0.9931448911353379
C0019277,neutral,0.5657914497536014
C0010432,negative,0.9878885727577079
C0010138,negative,0.9882766161417395
C0024360,negative,0.9887080990834778
C0006769,neutral,0.46987100692735356
C0006612,negative,0.9837112660889605
C0005668,negative,0.5296078344886799
C0020379,negative,0.9857081358967402
C0009333,negative,0.9913377502020312
C0010808,negative,0.9722367074682696
C0022698,neutral,0.5694047651054244
C0028641,negative,0.9961616298692292
C0000482,negative,0.9879961763546424
C0005744,negative,0.9875154435720053
C0014381,neutral,0.3876428355484066
C0015888,negative,0.9879961763546424
C0014274,neutral,0.5108170154006272
C0017280,neutral,0.5725182651341956
C0015951,neutral,0.6788884393634212
C0000904,neutral,0.6683853961168935
C0001301,negative,0.9903570167715613
C0016852,negative,0.9931758082117101
C0015860,positive,0.4320251360647284
C0006609,negative,0.9834131844570055
C0002235,negative,0.9594065374030787
C0009946,negative,0.9672570250237275
C0006441,negative,0.9971139417552682
C0024505,negative,0.9951498861631222
C0005546,neutral,0.593940833817224
C0025113,negative,0.99635771859066
C0008203,negative,0.9949250476630211
C0029792,negative,0.8372642745199657
C0015366,negative,0.983049677778176
C0010053,neutral,0.5716074180001952
C0008540,neutral,0.3932858175822229
C0023171,neutral,0.5151332774283313
C0019989,negative,0.9440018913858348
C0022253,negative,0.9764657025306787
C0027439,negative,0.9922319832151097
C0027388,negative,0.773657655487854
C0008459,neutral,0.5471238247481335
C0013872,negative,0.9893449384421997
C0012026,neutral,0.654532730199285
C0015401,neutral,0.5821610254313322
C0010034,negative,0.7780627247891881
C0006797,negative,0.996343219883683
C0028746,negative,0.9846501099962801
C0016908,neutral,0.5760451325198936
C0019060,negative,0.9914179868537514
C0013581,neutral,0.5061361560590631
C0018408,negative,0.9794240650013484
C0022392,negative,0.9874396766804114
C0011375,positive,0.5153715070394846
C0015165,negative,0.9898520527450787
C0029276,negative,0.9910977862618081
C0029861,neutral,0.5526728423103796
C0023962,negative,0.9795467176738661
C0017519,neutral,0.7702977387970996
C0001151,neutral,0.6481067438552215
C0000457,neutral,0.5316225416089614
C0029479,neutral,0.5284810450166536
C0024309,neutral,0.6856284608201498
C0013791,negative,0.9926684537143785
C0026952,negative,0.9927449299584913
C0012983,negative,0.8116168353557748
C0020908,neutral,0.5239104652625737
C0005450,negative,0.9889055796856884
C0003726,neutral,0.6592830004133358
C0023324,neutral,0.6044039146305195
C0008098,negative,0.9893776519057481
C0019920,negative,0.979719761611948
C0004330,negative,0.9822699240135031
C0007744,neutral,0.6463239167835347
C0004322,negative,0.9964617498463453
C0010266,negative,0.552010162812522
C0006010,negative,0.9952911368767143
C0024752,neutral,0.7357696671436892
C0004987,negative,0.6161397882361893
C0012061,neutral,0.5496587056749488
C0009752,neutral,0.5788342041129526
C0012705,negative,0.9908129069605549
C0013539,negative,0.9524917049555233
C0015747,neutral,0.4399062574313726
C0015633,negative,0.9994890255864881
C0017489,neutral,0.623163620673117
C0002868,negative,0.5426633248850304
C0027995,negative,0.9960964762487459
C0007503,neutral,0.6227225587982993
C0000985,negative,0.994968432681023
C0025553,negative,0.9965461928714089
C0001405,negative,0.970718802508912
C0008128,negative,0.9891207463202655
C0005414,negative,0.9905684172701138
C0027714,negative,0.9966328750116608
C0028558,negative,0.9805919656837799
C0014062,neutral,0.5257653961120995
C0028022,negative,0.38952995723904316
C0010219,negative,0.9990560050735239
C0007174,negative,0.9964198048183236
C0008802,neutral,0.7615700967897292
C0013422,negative,0.9962277403049404
C0026718,neutral,0.6488842890996867
C0010305,negative,0.9945261550516534
C0014837,negative,0.9856830875440831
C0026487,neutral,0.6773357376398281
C0006111,negative,0.9822009226400774
C0021293,negative,0.989635998645352
C0027863,neutral,0.5112056963326663
C0009965,negative,0.9980925208074273
C0004433,negative,0.9639889441505285
C0023895,neutral,0.6946490757517462
C0027275,neutral,0.5308461564918392
C0016042,negative,0.9840285426396561
C0017015,neutral,0.5974634794936723
C0027515,neutral,0.6312326228472434
C0014518,positive,0.46119943863582424
C0008027,negative,0.9847904920425591
C0019669,negative,0.9818699672516553
C0010419,negative,0.989958653298294
C0026426,negative,0.9984548211750256
C0028852,negative,0.8832721434475169
C0028365,negative,0.5726070103089195
C0002556,negative,0.9586125892977237
C0029353,negative,0.6740918509377442
C0006900,negative,0.5660357232218828
C0003821,neutral,0.5909131514956054
C0021682,neutral,0.5349985777568035
C0021383,neutral,0.6278007797773457
C0009889,negative,0.9934436964325984
C0010480,negative,0.990109593269774
C0010354,negative,0.996435676884036
C0017142,neutral,0.37748125342234606
C0023016,negative,0.9702147743499521
C0024863,negative,0.9874607121219205
C0016404,negative,0.6078170529391048
C0026761,negative,0.9971743525898439
C0028078,negative,0.9821926553239682
C0000252,negative,0.9827762838086102
C0020994,neutral,0.6053375665198328
C0028895,neutral,0.5095458876853926
C0008121,negative,0.982688412565158
C0026780,neutral,0.5117546174648279
C0011552,neutral,0.3818410592759544
C0007950,negative,0.9918878158666856
C0026470,negative,0.9969060613655021
C0020303,negative,0.9822009226400774
C0017327,negative,0.9901018763488662
C0019708,negative,0.9736259563147931
C0012839,negative,0.9971776946343884
C0016050,neutral,0.6128743079877573
C0028921,neutral,0.6569386600358232
C0004834,negative,0.9950771743303942
C0020034,negative,0.43617108771428176
C0027869,negative,0.9970078183645544
C0023545,negative,0.9934079130251849
C0020837,negative,0.9957258767638242
C0017870,negative,0.9778258202611372
C0010566,negative,0.9903334821811056
C0002253,negative,0.9909863884222366
C0001007,negative,0.9972260279987941
C0001212,neutral,0.782490747169965
C0013755,negative,0.9976974545183872
C0028138,negative,0.9908234139549772
C0012511,neutral,0.6342227935239686
C0024605,neutral,0.7010515048768957
C0001866,negative,0.9983294249837628
C0028932,neutral,0.6108783330993595
C0012471,negative,0.9840956556293857
C0007752,negative,0.9812092304924155
C0010542,neutral,0.5278016948912048
C0027897,neutral,0.5707177298793069
C0027752,negative,0.9848821528672924
C0020495,negative,0.9922993515957624
C0027656,negative,0.9977260386732957
C0009269,negative,0.9758299436918999
C0029784,negative,0.9977260386732957
C0022670,neutral,0.618620535301258
C0004581,negative,0.9867171731846869
C0021339,negative,0.9553498206954607
C0015925,negative,0.9908633950591715
C0028777,neutral,0.5649962480128783
C0010335,negative,0.991580659242705
C0012139,neutral,0.5715813191994565
C0023524,negative,0.9956260427820874
C0028037,neutral,0.602164699358861
C0006596,negative,0.9915726893233506
C0016582,negative,0.988808934314301
C0010900,negative,0.9968858137607933
C0007636,negative,0.9941829738922807
C0028652,negative,0.9844715051389098
C0007219,negative,0.9890696089240837
C0020635,negative,0.9973961733863456
C0002471,negative,0.9839665240293444
C0008701,negative,0.9922478912701728
C0028518,neutral,0.5014682981557965
C0003567,neutral,0.5974634794936723
C0021234,positive,0.5208866694996542
C0004370,neutral,0.6481067438552215
C0015514,neutral,0.6463239167835347
C0023815,negative,0.9959388717167347
C0021809,neutral,0.5931346789423589
C0023432,negative,0.8567644927749444
C0002693,negative,0.6214414102978718
C0000364,negative,0.9833313128260287
C0012374,negative,0.9982971007642508
C0023679,negative,0.98941034504099
C0005471,neutral,0.5918346879070507
C0024902,negative,0.9956043093734301
C0027000,neutral,0.6037690509374012
C0000829,negative,0.9950989295812215
C0024007,negative,0.9906014501441793
C0025180,neutral,0.5306561661457287
C0022656,neutral,0.6410033491394196
C0024049,negative,0.9959354987703234
C0021656,negative,0.9889587283049559
C0002038,negative,0.9934960708245121
C0001261,neutral,0.5212850687181719
C0027611,negative,0.9972405917489431
C0006533,negative,0.9973805080724953
C0005930,negative,0.5163891142769234
C0028200,neutral,0.5248496256054085
C0012791,neutral,0.5974634794936723
C0026060,negative,0.9973246148193748
C0002600,negative,0.998006707018415
C0003598,neutral,0.722420743491559
C0024839,negative,0.9803887309123114
C0013390,negative,0.9913878114703045
C0011142,neutral,0.5731359591063458
C0011216,neutral,0.5408276720253073
C0022803,negative,0.995197596482127
C0021001,negative,0.9960922156051415
C0001832,neutral,0.6097918512738909
C0027854,negative,0.9861031383842674
C0028547,negative,0.6174010532405917
C0017062,neutral,0.6061883236981582
C0025550,negative,0.9956462735921963
C0000871,neutral,0.5214402099111202
C0020622,neutral,0.6873748848950428
C0024063,neutral,0.6657076208055889
C0025589,negative,0.626065192835034
C0004695,negative,0.9782924178373311
C0005815,neutral,0.7006264640601529
C0024833,negative,0.9830413002349246
C0015635,negative,0.5318506147366
C0017165,negative,0.9856994730596168
C0010990,negative,0.9948574408988147
C0009340,neutral,0.6738370248213554
C0009882,negative,0.9898492767684557
C0022071,negative,0.9926544910953504
C0023342,negative,0.8399745838450396
C0024601,negative,0.9886302498519036
C0018416,negative,0.9968780448905908
C0016217,negative,0.9848821528672924
C0027453,negative,0.665959384579918
C0028803,negative,0.9794240650013484
C0007778,neutral,0.3893627589611736
C0009282,negative,0.989361623001645
C0005453,negative,0.9916849388876389
C0007797,negative,0.9799423170090064
C0028029,negative,0.6209031142902832
C0021072,neutral,0.6013099562689668
C0002073,negative,0.9825524546983853
C0010435,neutral,0.584029079934961
C0024353,negative,0.9831253561368113
C0028270,neutral,0.7333861585648381
C0008188,negative,0.9894624870887965
C0013768,neutral,0.5945595588784591
C0014844,neutral,0.5471238247481335
C0001802,negative,0.9942241183668857
C0012385,neutral,0.5414225786354112
C0024950,neutral,0.6218226061629555
C0006272,neutral,0.5818963842505162
C0007971,neutral,0.5891438796144538
C0008511,negative,0.9932955609911259
C0018918,neutral,0.6176112483990063
C0019870,negative,0.5677075870468375
C0008639,negative,0.9938035461970525
C0024647,negative,0.973440932653137
C0019048,neutral,0.5788603885116862
C0014757,negative,0.9924347447092295
C0007726,neutral,0.6577058168983289
C0022490,negative,0.9875556605075992
C0014178,negative,0.9706369029821215
C0019872,negative,0.6400238221845793
C0012591,negative,0.9895807484452784
C0016547,negative,0.9888492058072064
C0013626,negative,0.9914472071671572
C0008199,negative,0.9850712860338476
C0026213,negative,0.9889962434254558
C0000841,negative,0.9668388919417391
C0012016,negative,0.9843395820229446
C0020210,neutral,0.5739417525873249
C0014541,negative,0.9918212872914779
C0018052,negative,0.8887392511011762
C0027542,neutral,0.5762159715778112
C0003630,neutral,0.6449776442122026
C0009860,negative,0.9864168794568046
C0005113,negative,0.9897554963771412
C0010952,neutral,0.6182736892958423
C0016713,negative,0.9866060682431655
C0000068,negative,0.9862704262557112
C0019255,negative,0.9932046175309355
C0029580,negative,0.9336421696400097
C0015897,negative,0.9851940521961836
C0017524,negative,0.9951690858856899
C0018749,negative,0.9888714208035696
C0005141,negative,0.9366919505325488
C0001263,negative,0.9862118248843237
C0001341,negative,0.5461401666259618
C0026211,negative,0.9728816121466476
C0015357,negative,0.9861249155489937
C0000106,negative,0.9770298506587007
C0014384,negative,0.9929518835010818
C0002885,negative,0.9807338051384037
C0011851,neutral,0.5478686587863326
C0015670,neutral,0.5394105560908644
C0022138,positive,0.3434446812304127
C0021556,negative,0.9616705563466748
C0020927,neutral,0.5974634794936723
C0010261,neutral,0.5920601745601859
C0012737,negative,0.9956564941912867
C0002118,positive,0.4882800786882568
C0013355,negative,0.9934145675885524
C0010136,neutral,0.5735054078699188
C0000930,negative,0.9966973355780283
C0020508,negative,0.9962573046570901
C0012358,negative,0.9804417072481529
C0006056,neutral,0.5832238075345899
C0018807,negative,0.983825873422411
C0010179,negative,0.9954678627863371
C0008470,negative,0.9915585541333247
C0008877,negative,0.9859580658099735
C0026995,negative,0.9864643953148615
C0009143,neutral,0.6083135583383251
C0007630,negative,0.990668233928129
C0011512,neutral,0.49060751031911454
C0000526,negative,0.6453078288492567
C0007907,neutral,0.6748834916740238
C0025182,negative,0.994753141995763
C0007244,negative,0.9240215759576769
C0001287,neutral,0.5906572779835574
C0012651,negative,0.9966205637915229
C0000679,negative,0.9912582932942524
C0025887,negative,0.952770420418733
C0022560,negative,0.9966973355780283
C0025318,negative,0.9964617498463453
C0026961,negative,0.9934756847433738
C0004450,negative,0.986431269701592
C0013916,negative,0.9800778040836965
C0004415,negative,0.9948748920252087
C0021402,neutral,0.5920183822598614
C0001076,negative,0.6116590294255364
C0009295,neutral,0.5769916299943006
C0025072,neutral,0.5348101560556424
C0011839,neutral,0.7071839077052637
C0017483,neutral,0.488048448911952
C0010388,negative,0.9903029198281692
C0028370,neutral,0.6837126675798518
C0012267,negative,0.6728086623807954
C0006784,negative,0.9885597723708865
C0017088,neutral,0.690321679825322
C0026385,negative,0.9935556824247872
C0002357,negative,0.9843922093209322
C0002930,neutral,0.60294843980338
C0015762,negative,0.9937271149338364
C0005547,neutral,0.6380528721254877
C0003995,negative,0.9933666318426753
C0023160,negative,0.702729426754724
C0024213,negative,0.9892676319807181
C0006089,neutral,0.5572739190943166
C0026329,negative,0.9872203149772039
C0023070,negative,0.9888714208035696
C0027537,negative,0.9577867683515089
C0018240,neutral,0.7044863746987878
C0014955,negative,0.9945261550516534
C0000355,negative,0.9966546842184494
C0023812,negative,0.5711115999360448
C0004968,neutral,0.6265247020134996
C0025508,neutral,0.6087203941126765
C0009448,negative,0.9347960446233915
C0002349,negative,0.9911965782060935
C0013612,neutral,0.5369578018851495
C0015038,negative,0.9973583405468018
C0005212,positive,0.4979411366545506
C0017873,negative,0.8401386711114026
C0027940,negative,0.931680036233943
C0007965,negative,0.9877735274886336
C0015692,negative,0.956380227286529
C0023439,neutral,0.601667710248367
C0007754,neutral,0.5908842026904446
C0017043,negative,0.9865644025623885
C0021610,neutral,0.5949963917371949
C0021468,negative,0.983049677778176
C0014220,negative,0.5964661900019402
C0018989,negative,0.9801991380002498
C0003775,negative,0.6528420386293843
C0025986,negative,0.9934693726262835
C0005143,negative,0.9827762838086102
C0004121,negative,0.9914735189970083
C0017791,neutral,0.6937601785484914
C0014778,negative,0.9954281201053362
C0003456,negative,0.9634397370707733
C0026313,negative,0.9536061843474547
C0000533,negative,0.9938114343933496
C0016706,negative,0.9891207463202655
C0025232,neutral,0.388610746016053
C0005754,negative,0.9936333638002974
C0017017,neutral,0.5397796647840559
C0004411,negative,0.9937367048099403
C0015284,neutral,0.5974032468541515
C0008791,negative,0.9942924119069289
C0020675,neutral,0.38287594633184396
C0021926,neutral,0.627845656371964
C0010588,negative,0.9946763002432186
C0027828,negative,0.9897244315047945
C0022838,neutral,0.5953546145227888
C0026435,neutral,0.513453596975018
C0005802,negative,0.9843395820229446
C0007217,negative,0.9706282041713026
C0029780,negative,0.9891207463202655
C0021697,negative,0.9895323396699521
C0005705,neutral,0.5446383278893624
C0024594,negative,0.9850593755830641
C0002548,negative,0.9928937433264176
C0013191,neutral,0.4881896685632782
C0002686,negative,0.9954921311262075
C0027564,negative,0.9736259563147931
C0007559,negative,0.9927834207652002
C0024947,neutral,0.5547137149040958
C0018659,negative,0.9952405321256975
C0023396,negative,0.9843395820229446
C0013826,negative,0.6628658740576503
C0004826,negative,0.9966426258971066
C0025297,negative,0.9580569736921821
C0021954,negative,0.9586100027821866
C0001384,negative,0.9906047976514073
C0012976,negative,0.9924807091932932
C0005939,negative,0.998497683117252
C0024735,negative,0.9900285799009528
C0013209,negative,0.9939728934010417
C0026280,neutral,0.5151617899503778
C0005940,negative,0.672084627606104
C0019617,neutral,0.6739495239271949
C0020110,neutral,0.6280183197031093
C0009622,negative,0.9604081828884612
C0027272,negative,0.9639889441505285
C0020601,negative,0.9541068446539525
C0002075,positive,0.5023883147606742
C0020246,negative,0.9912382250580225
C0021643,negative,0.9875556605075992
C0024302,negative,0.56968038875909
C0001501,negative,0.6669816955843713
C0008965,negative,0.9966146512659863
C0008010,negative,0.9973069612676944
C0022936,negative,0.9829887895010603
C0001475,neutral,0.541812367566184
C0009951,negative,0.8412448897220488
C0002810,negative,0.9832516592401535
C0017053,neutral,0.6230350386215975
C0009511,negative,0.5964661900019402
C0003247,negative,0.9717101086720853
C0023926,negative,0.9846717680650275
C0029559,neutral,0.5205498433101574
C0012970,negative,0.9875376833426897
C0007764,negative,0.6295445975016594
C0018693,neutral,0.6681252511715348
C0017539,neutral,0.7040575553649278
C0024900,neutral,0.5014682981557965
C0020446,negative,0.9934754229787045
C0009930,negative,0.985975667831409
C0013509,neutral,0.6262258498980445
C0020299,negative,0.9978450550368095
C0014709,negative,0.7541344780523846
C0026024,negative,0.8568457803492708
C0020453,neutral,0.5765916081818658
C0004755,neutral,0.4147893547261708
C0003177,negative,0.9658629048772215
C0021444,negative,0.9962544784365923
C0018065,negative,0.36158631055207013
C0015823,negative,0.6373011407521129
C0001003,negative,0.9850712860338476
C0005237,neutral,0.6211171399035513
C0026411,neutral,0.744573517104866
C0029577,neutral,0.6892747145672352
C0025059,negative,0.9896492686799025
C0025359,neutral,0.5852789239466019
C0003290,negative,0.9900140553070015
C0016972,negative,0.9909591840696942
C0018525,negative,0.900664330483034
C0027211,negative,0.9892997543071219
C0011006,negative,0.9912526918653818
C0010288,negative,0.9821683771362966
C0006502,negative,0.8652163211383809
C0025338,negative,0.9960141629607986
C0022278,negative,0.9863798116932901
C0023293,negative,0.9969707966280701
C0024843,negative,0.9793665283859883
C0016822,neutral,0.5761177331620987
C0009092,neutral,0.7563467070404587
C0028253,neutral,0.5839410593742391
C0014698,neutral,0.6037017900461557
C0003826,neutral,0.5974634794936723
C0019054,negative,0.9962038502683038
C0024168,neutral,0.5494723438540652
C0002596,neutral,0.5906572779835574
C0019680,neutral,0.5744449744291305
C0026951,negative,0.9835311125391147
C0017846,neutral,0.6236631495429344
C0010512,negative,0.4200264134909757
C0008630,negative,0.9873506531715853
C0006671,negative,0.9955013872289036
C0000993,negative,0.9840956556293857
C0021204,negative,0.99177030598824
C0016695,negative,0.9598128056395908
C0024801,positive,0.5402579918468312
C0005416,neutral,0.5588972385900406
C0000063,negative,0.9856477899859702
C0021524,neutral,0.5058130274868059
C0004343,negative,0.524044114200173
C0007860,negative,0.994789928796871
C0021649,negative,0.9934551402346129
C0013670,negative,0.9867190749633898
C0008653,negative,0.927747143945102
C0009112,negative,0.9605490641247703
C0013140,negative,0.9772415005931372
C0005211,negative,0.9921650126588815
C0029552,neutral,0.5850779220583323
C0023433,negative,0.9927967537461334
C0025002,neutral,0.619671361495673
C0025858,neutral,0.6466273136081037
C0009874,neutral,0.5382630284526232
C0009244,neutral,0.6536376813331728
C0017091,negative,0.9831705212175621
C0004573,neutral,0.524806061219597
C0012194,negative,0.9843395820229446
C0024841,neutral,0.4412347132128522
C0011638,negative,0.49077512282641095
C0029989,negative,0.9897244315047945
C0015262,positive,0.5056547900643535
C0025878,positive,0.5123956276545588
C0027107,negative,0.9848291367988872
C0015510,negative,0.9713442378190219
C0017011,negative,0.9983294249837628
C0004258,negative,0.9974896011714847
C0007269,positive,0.5089150313710641
C0019225,negative,0.9200613092258488
C0002551,neutral,0.49994150903509493
C0023052,neutral,0.5818245889539371
C0016622,negative,0.9589846099957062
C0029677,negative,0.9921191624271407
C0017724,negative,0.9909431389195142
C0027278,negative,0.9939408268801434
C0019392,negative,0.6295445975016594
C0008608,negative,0.9805815398943618
C0013848,negative,0.9552499695401355
C0028848,negative,0.9963437039219093
C0027418,neutral,0.5838701381396911
C0009043,neutral,0.6892747145672352
C0000096,neutral,0.5095458876853926
C0025667,negative,0.9693314393420444
C0012865,negative,0.9968210891830086
C0015894,negative,0.9841031838295344
C0012477,negative,0.995091191057042
C0004042,neutral,0.5692540742364126
C0008702,negative,0.9928888359857216
C0026425,negative,0.9747420542869626
C0020591,neutral,0.5581038341918912
C0017848,negative,0.9816349410394398
C0000255,negative,0.9951362470261796
C0014731,negative,0.9900965902489371
C0019607,negative,0.9945174430849644
C0011134,neutral,0.5791926392431075
C0001652,neutral,0.7274425676763765
C0012599,negative,0.9880623871738231
C0025470,negative,0.9910631061304165
C0024055,neutral,0.5088147326806363
C0011937,neutral,0.5056817683177357
C0023851,neutral,0.5966926107866541
C0022064,negative,0.9941564161331277
C0006720,negative,0.9929514468106627
C0012105,neutral,0.5883886225527735
C0002603,neutral,0.36045512013052433
C0003260,negative,0.9946746877241212
C0006106,negative,0.9976704473829253
C0002848,negative,0.989387286517893
C0002746,neutral,0.5385561499454112
C0018846,neutral,0.5764415599488969
C0023733,negative,0.5391929043662992
C0004591,neutral,0.6153161848889211
C0012243,negative,0.979570708060155
C0002250,negative,0.991459869349569
C0006018,neutral,0.6347389348307925
C0007859,neutral,0.6036541195430649
C0009665,neutral,0.5647675825434483
C0004845,negative,0.9963437039219093
C0013510,negative,0.9850593755830641
C0009706,negative,0.9972405917489431
C0000168,negative,0.9931836751000842
C0002176,negative,0.9957265968674073
C0018920,neutral,0.46107519515938056
C0011825,neutral,0.7302181298903275
C0018540,negative,0.9892997543071219
C0017395,negative,0.9852682129958171
C0006715,neutral,0.5832238075345899
C0027210,neutral,0.5279009254976263
C0009411,neutral,0.5576045165972771
C0012053,negative,0.9894365294034895
C0000049,neutral,0.6024264273131634
C0010072,negative,0.9987589528855041
C0011627,neutral,0.7415719939316817
C0016152,negative,0.9920961317466174
C0015882,neutral,0.49060751031911454
C0025620,neutral,0.5891438796144538
C0019909,negative,0.7399868518659182
C0024185,negative,0.9955577879248673
C0029731,negative,0.9958410006009637
C0016615,negative,0.9927803206430128
C0023032,neutral,0.5088682496485994
C0010190,negative,0.991580659242705
C0007928,neutral,0.614769039892102
C0001889,negative,0.822607763898703
C0019487,negative,0.9977878460168071
C0011926,negative,0.9952911368767143
C0004721,negative,0.9967090456399331
C0013408,neutral,0.49988811849219844
C0021525,neutral,0.42501358913805143
C0008956,neutral,0.6403598358319639
C0024544,negative,0.9704307477580675
C0011958,negative,0.989635998645352
C0018387,negative,0.9881478693051263
C0026657,neutral,0.5409775889069146
C0028250,negative,0.9530550197200416
C0018830,negative,0.9937668913915072
C0020418,neutral,0.59324492275562
C0028238,neutral,0.5035717347547313
C0028297,negative,0.9612514510983363
C0019967,negative,0.9923822958254693
C0015092,neutral,0.536738482642771
C0010450,neutral,0.6348912017244676
C0017125,negative,0.976571372476202
C0008643,neutral,0.5472570660021878
C0000042,neutral,0.5924613217848309
C0015965,negative,0.5875179561272299
C0004891,neutral,0.5462479813513923
C0023283,negative,0.9930564614177817
C0020986,negative,0.9967789742656274
C0024944,negative,0.9878648327547046
C0000126,neutral,0.5815003611006574
C0027566,neutral,0.5502432013323778
C0016080,negative,0.9945672393837767
C0001068,negative,0.9956573951555321
C0022706,negative,0.9975106104186565
C0000870,negative,0.9968200299124358
C0014672,negative,0.9788552928921802
C0004885,negative,0.9819823470485702
C0023820,negative,0.9866412244624406
C0014648,neutral,0.710314977283675
C0011663,negative,0.9843420543615105
C0007911,neutral,0.577187134806192
C0000504,negative,0.9903127439377286
C0018707,negative,0.9386362199427482
C0002932,negative,0.9877198643161332
C0022484,negative,0.959733620775502
C0019968,negative,0.9933613385440997
C0016373,neutral,0.66915799166232
C0012405,negative,0.9282050904553198
C0005649,neutral,0.5462127466350973
C0000465,neutral,0.5562552505613851
C0028376,neutral,0.7913672945601743
C0019393,neutral,0.6506314636035414
C0009398,negative,0.9980963953122094
C0002040,negative,0.990350910553531
C0004506,negative,0.977532101311527
C0025292,neutral,0.6124893452603576
C0027617,negative,0.6078170529391048
C0029857,negative,0.980016860827324
C0016456,negative,0.9740797358220162
C0003618,neutral,0.6263856991013007
C0002623,negative,0.9962277403049404
C0010005,negative,0.9940183003405019
C0008664,neutral,0.568936301520578
C0012500,neutral,0.5625391090250168
C0007872,neutral,0.5744449744291305
C0017406,negative,0.8020243921592329
C0019668,neutral,0.6536376813331728
C0013852,negative,0.9911613537048691
C0025205,negative,0.984370082232067
C0008186,negative,0.934949258597812
C0024318,negative,0.9807338051384037
C0019890,negative,0.9961820112497178
C0022916,neutral,0.5883380862820616
C0015953,negative,0.9976631161100701
C0010038,negative,0.5677075870468375
C0003441,negative,0.9842700834235765
C0012355,negative,0.978974960038108
C0007357,neutral,0.4986459337283606
C0023625,neutral,0.5168600054207497
C0003536,negative,0.9967262251187249
C0005157,negative,0.9903707579845012
C0009350,negative,0.6479082574060555
C0018101,negative,0.9934090547520545
C0022224,negative,0.9532621200909834
C0000725,negative,0.981354777242042
C0016044,neutral,0.7357696671436892
C0025331,neutral,0.6052617436227768
C0002133,negative,0.626065192835034
C0006021,negative,0.9819322835943635
C0015705,neutral,0.6495045541017977
C0011036,negative,0.988208059798538
C0027733,negative,0.9973069612676944
C0004784,negative,0.9895122016778707
C0011534,negative,0.8941526113133237
C0004582,negative,0.9872620095898714
C0008215,neutral,0.5980666509365992
C0028557,negative,0.9920832609054445
C0021822,negative,0.5398338663556468
C0015932,negative,0.9958688599677892
C0003458,neutral,0.5482237272751395
C0012068,negative,0.998584115063227
C0010007,neutral,0.5560924375301928
C0008926,neutral,0.5637507254810465
C0007932,negative,0.9806077000859974
C0015228,negative,0.9924514733692194
C0002309,negative,0.5457716851335576
C0003935,negative,0.9778870090363443
C0017189,negative,0.4760456566266694
C0010299,negative,0.9973583405468018
C0002852,negative,0.5964661900019402
C0018631,negative,0.9974837796253674
C0008552,negative,0.9781443597339328
C0028532,negative,0.9975106104186565
C0028587,neutral,0.5162982412829313
C0012938,negative,0.9932046175309355
C0001315,positive,0.49508274490086107
C0004560,negative,0.9814103492599012
C0006906,negative,0.9942668459161929
C0007207,positive,0.4907392345984845
C0005060,negative,0.9939728934010417
C0002276,negative,0.98732369705006
C0002876,negative,0.9972715781774504
C0027079,negative,0.993861661185371
C0024327,negative,0.9952845026462581
C0001239,neutral,0.5920385324826815
C0025143,neutral,0.41588795960797087
C0002552,neutral,0.5795749696138018
C0005555,positive,0.527188641316342
C0008571,negative,0.9566790749893684
C0019729,neutral,0.586939801707877
C0028305,negative,0.9941465240078184
C0006772,negative,0.9940941563520804
C0018429,negative,0.9798507986619649
C0016640,negative,0.9956189136159691
C0005012,negative,0.9940876738248543
C0027232,negative,0.5426633248850304
C0003404,negative,0.990645585576366
C0009432,negative,0.9674947675437598
C0029816,negative,0.9966471261960727
C0022612,negative,0.9818699672516553
C0002104,negative,0.9932958609417096
C0023892,negative,0.9941465240078184
C0008115,neutral,0.6138166508537864
C0015347,negative,0.9687449997114415
C0000156,neutral,0.5426356890197376
C0001235,neutral,0.5082122600948978
C0014264,negative,0.9987266680737393
C0013618,neutral,0.5151332774283313
C0020737,neutral,0.642358070520147
C0004660,neutral,0.5768094613870989
C0021490,neutral,0.5521555424376623
C0016004,negative,0.5707578876198421
C0023865,negative,0.9676566359129611
C0026837,negative,0.9950211078852873
C0008794,neutral,0.5104571300108378
C0007835,negative,0.9918855209264396
C0005374,neutral,0.6586684889507212
C0017289,negative,0.9829565795305634
C0026912,negative,0.9846501099962801
C0024934,negative,0.6174010532405917
C0014575,negative,0.9952911368767143
C0000082,negative,0.967575757052042
C0016192,neutral,0.47918297849956315
C0004312,neutral,0.4994121836070583
C0011337,negative,0.9962156562273693
C0013678,negative,0.9869654607525914
C0003392,negative,0.982725638619816
C0022976,negative,0.9469566493469389
C0001934,negative,0.5537665007628453
C0018528,negative,0.9821402241131764
C0010708,negative,0.5418621153066696
C0027114,negative,0.9872203149772039
C0020627,negative,0.9915665124000801
C0024212,neutral,0.7744589889922711
C0019102,positive,0.5063034042443965
C0025991,neutral,0.4009916050843856
C0012743,negative,0.9922536592611565
C0006800,neutral,0.5331501525568356
C0029039,negative,0.9757874873308076
C0023887,negative,0.4581697947325807
C0025516,negative,0.9968858137607933
C0011623,negative,0.7784562171440674
C0005340,negative,0.9817063964489516
C0024988,neutral,0.6642539840582341
C0007605,neutral,0.4998626348606072
C0009207,negative,0.9565200590974217
C0000994,negative,0.9652177871717753
C0010569,neutral,0.6429591445876707
C0013604,neutral,0.5637507254810465
C0006572,negative,0.604900527115782
C0008360,neutral,0.569776318491532
C0004412,negative,0.9344478718797841
C0002618,negative,0.9927832252298158
C0025503,neutral,0.5438015522773485
C0015212,negative,0.997655267680661
C0022977,neutral,0.8038565399541592
C0022029,negative,0.994127007089054
C0009175,neutral,0.6481067438552215
C0028675,negative,0.8047585200412757
C0007535,negative,0.9903957449242305
C0017343,negative,0.9908664954050153
C0008249,negative,0.9910919528872727
C0004849,negative,0.9963382072638042
C0010995,neutral,0.5447326135326898
C0025605,neutral,0.5942144161973165
C0006224,negative,0.9943269877922946
C0009016,negative,0.4647226282486653
C0024435,negative,0.9934032112087924
C0016709,negative,0.8420628480356058
C0010574,neutral,0.608019454579133
C0024388,negative,0.990350910553531
C0014125,negative,0.9964198048183236
C0016992,negative,0.9634397370707733
C0005536,negative,0.9884158216689432
C0026937,neutral,0.526808497904068
C0010341,negative,0.9757001593044401
C0006197,negative,0.99470414124299
C0028435,negative,0.9768329910824699
C0011966,negative,0.9884157276933946
C0019223,negative,0.9840285426396561
C0026510,negative,0.8989904826665664
C0016629,negative,0.9871062239585426
C0019712,negative,0.5904240439745886
C0003002,negative,0.9912168803050243
C0000490,neutral,0.6042176252577031
C0026905,negative,0.994632278775895
C0020031,neutral,0.5301685668710812
C0013822,neutral,0.6738370248213554
C0010669,negative,0.9963908126094461
C0027337,neutral,0.7164175297412985
C0019279,neutral,0.5715966251717937
C0025579,neutral,0.5957392847551236
C0005166,negative,0.9955369416349125
C0020513,neutral,0.5974634794936723
C0023554,negative,0.9777200930679756
C0028583,negative,0.5917041050814122
C0019304,neutral,0.5712335192453508
C0006507,negative,0.9956573951555321
C0001489,negative,0.9859766906588205
C0019709,negative,0.9923119359768606
C0012788,positive,0.3660122847341619
C0027055,neutral,0.7362751078740745
C0025028,negative,0.9521848520240683
C0005592,neutral,0.7417206716225123
C0027483,neutral,0.7654758125238867
C0004088,negative,0.9716514237900727
C0009868,negative,0.995091191057042
C0016737,negative,0.9915637591578577
C0015431,negative,0.9910919528872727
C0000212,negative,0.9247272478102043
C0013260,negative,0.9825524546983853
C0016061,negative,0.9934436964325984
C0025904,negative,0.86674206333588
C0015980,neutral,0.6664369227437774
C0006894,neutral,0.5893892533272812
C0021351,negative,0.977438040338697
C0008902,neutral,0.6147828441117934
C0007706,negative,0.9973805080724953
C0022394,negative,0.9919878649427287
C0010203,neutral,0.48546001916162135
C0012719,neutral,0.4817215928380627
C0016360,negative,0.9977260386732957
C0016558,negative,0.9987735251751718
C0024093,negative,0.9962095701164158
C0006184,negative,0.9934145675885524
C0028776,negative,0.9925382832869015
C0029059,negative,0.992066006179828
C0004434,negative,0.9978262250195546
C0013784,negative,0.9937668913915072
C0010589,negative,0.9943064553179427
C0015310,positive,0.5336861207853119
C0021764,negative,0.9777996861727982
C0024554,neutral,0.5974634794936723
C0009787,negative,0.9955250454156298
C0010738,neutral,0.5598792360625442
C0027568,negative,0.9880237963967459
C0006972,negative,0.9962095701164158
C0021008,neutral,0.6253342157389614
C0003972,neutral,0.5932380836898555
C0005203,negative,0.9963242324539883
C0008963,negative,0.9895504499669162
C0023295,negative,0.6295755584005669
C0002319,negative,0.9332242315373758
C0014713,negative,0.9626747244544763
C0005665,neutral,0.6699398861877708
C0015164,neutral,0.48589995355869536
C0009998,negative,0.9901753112744023
C0009746,negative,0.9649284140356637
C0019142,neutral,0.6182736892958423
C0002240,negative,0.954839806248414
C0017988,neutral,0.6723015304218782
C0007741,negative,0.9938612452763199
C0021876,negative,0.9752128935098978
C0009211,negative,0.9979806684219141
C0022632,negative,0.9760536560169802
C0004482,negative,0.9934090547520545
C0003601,neutral,0.5251654976389994
C0019418,negative,0.9654752979533956
C0009830,neutral,0.5598168231782092
C0017658,negative,0.9979420697796744
C0009814,negative,0.9818437918319567
C0024080,negative,0.8108345860964977
C0012428,negative,0.9954787497318031
C0005442,negative,0.9952405321256975
C0007600,neutral,0.5796042454920285
C0017877,negative,0.5841955543525308
C0026393,negative,0.9988827291996345
C0018403,negative,0.9875154435720053
C0020922,negative,0.977437024308303
C0007973,neutral,0.615258203377625
C0020559,neutral,0.6555949240795649
C0010778,neutral,0.5841720359922871
C0023165,negative,0.9918112485503711
C0022969,negative,0.9786841549854945
C0001074,negative,0.9758299436918999
C0020315,neutral,0.5540593428146293
C0013471,neutral,0.5250852054385983
C0025280,negative,0.9947288877500344
C0024789,negative,0.8582768238623254
C0029241,negative,0.9862297647474739
C0001673,negative,0.9934218130525437
C0006079,neutral,0.6024429523584544
C0004814,neutral,0.5694047651054244
C0025224,negative,0.9899589013444196
C0000867,negative,0.980892025259816
C0028356,negative,0.9955013872289036
C0019160,negative,0.99635771859066
C0020176,negative,0.9713091777382953
C0005583,negative,0.9957885877107792
C0012776,negative,0.9959250534681683
C0029200,positive,0.4488516526565039
C0010560,neutral,0.6839466612538805
C0026695,negative,0.6353258466176277
C0015648,neutral,0.5895538443048409
C0008072,negative,0.9957430152869323
C0019267,negative,0.9894928283744243
C0015396,negative,0.6570442604435139
C0003984,negative,0.9856058365509122
C0014406,negative,0.9901253067933173
C0025685,neutral,0.6162531913391804
C0023389,neutral,0.6428995279488737
C0005452,negative,0.9780584572328468
C0000065,negative,0.9974326394456734
C0009296,negative,0.9937903505023926
C0002201,neutral,0.6013099562689668
C0008612,negative,0.9846433932478885
C0021881,negative,0.9566572218206937
C0009842,negative,0.9821402241131764
C0023249,negative,0.9933503003034853
C0006425,negative,0.997303800851351
C0026190,neutral,0.7939386575233047
C0029714,negative,0.5964661900019402
C0028568,neutral,0.6557957842202341
C0023462,neutral,0.5478876104662982
C0029779,neutral,0.5876460123239489
C0027309,negative,0.9911613537048691
C0008893,neutral,0.5250483412629133
C0022743,negative,0.9932701128944809
C0021024,negative,0.9952432505900229
C0022444,neutral,0.7728311348591685
C0021607,negative,0.9945197715771065
C0000686,negative,0.9874372854384766
C0023291,negative,0.9736259563147931
C0010327,negative,0.9906228067671505
C0007929,negative,0.9947298901001488
C0008418,neutral,0.5189118937786151
C0024611,negative,0.9915610975391148
C0015847,neutral,0.6463239167835347
C0027030,negative,0.9688896338993527
C0010084,negative,0.7734310275446147
C0013861,neutral,0.5897514322570633
C0020678,neutral,0.6543434004984598
C0025096,neutral,0.7279657910689193
C0015967,negative,0.9959705940107629
C0029194,negative,0.9976974545183872
C0027685,negative,0.98941034504099
C0006978,neutral,0.5929162897571634
C0024928,negative,0.9477398569082627
C0019216,negative,0.9897244315047945
C0003834,positive,0.36201084478974765
C0010389,negative,0.9954641155385776
C0027706,negative,0.9754268260202233
C0027489,neutral,0.5955525256578793
C0021890,negative,0.9990961294148896
C0001726,negative,0.9962038502683038
C0003086,negative,0.9717101086720853
C0025666,neutral,0.5588972385900406
C0010046,neutral,0.7096135484431987
C0016935,negative,0.9685388890339482
C0013440,negative,0.9914589035449565
C0000872,neutral,0.6116096139431442
C0017143,neutral,0.4102492049715774
C0017116,negative,0.9880951602911487
C0007457,neutral,0.5925216194097929
C0028151,negative,0.626065192835034
C0007076,negative,0.9827155719149875
C0009275,neutral,0.5723687395427518
C0014915,negative,0.9882542557384738
C0005752,negative,0.9955124923964996
C0023833,neutral,0.3899408841702687
C0019114,negative,0.989456199569253
C0002712,negative,0.6157558828507749
C0001712,negative,0.9895901311767672
C0005850,negative,0.9737502532019726
C0019132,negative,0.9941032716876425
C0008440,negative,0.9747420542869626
C0021456,neutral,0.6303246434520814
C0026379,negative,0.995975987788392
C0029182,negative,0.5809232421298994
C0010674,negative,0.9882766161417395
C0024923,negative,0.994690945293357
C0007104,negative,0.9865644025623885
C0001804,negative,0.989635998645352
C0009996,neutral,0.5637507254810465
C0005086,negative,0.857192641877496
C0021162,neutral,0.6602876420641032
C0001259,neutral,0.5207998868865791
C0007228,negative,0.9931962044347348
C0015159,neutral,0.5907983516554074
C0012655,negative,0.9807338051384037
C0013790,negative,0.9956930185876804
C0005022,negative,0.4596680422310774
C0025463,negative,0.9934323879996276
C0011052,negative,0.9898590247521407
C0017347,neutral,0.55420187455978
C0021807,neutral,0.5929057732067752
C0003993,negative,0.9929999369290217
C0014234,positive,0.49715785938880774
C0026413,negative,0.9930203499696449
C0008242,neutral,0.5598168231782092
C0029228,negative,0.9903449809501237
C0003828,negative,0.9958153059325271
C0005027,negative,0.996381368595161
C0024452,negative,0.9927449299584913
C0014325,neutral,0.5746325385652034
C0000075,negative,0.9916806005524264
C0022489,negative,0.9980277165531128
C0014953,neutral,0.3795681516018613
C0023766,neutral,0.6046984694941522
C0029865,negative,0.9845866925857646
C0011700,negative,0.989469203523513
C0013586,negative,0.9888714208035696
C0008928,neutral,0.538863809886895
C0017313,neutral,0.523953640375099
C0016700,neutral,0.6433722775623565
C0009909,negative,0.9952911368767143
C0004822,neutral,0.648624776878408
C0007947,neutral,0.6774834570880707
C0029646,negative,0.5654279368702427
C0006275,negative,0.992136737028907
C0004452,negative,0.9884833910457832
C0015011,negative,0.9513687908510463
C0006062,negative,0.991934317979931
C0026722,negative,0.9565200590974217
C0029783,negative,0.9684904123660835
C0020594,negative,0.508293019041565
C0013924,neutral,0.5585590645069748
C0012949,negative,0.9574684344548288
C0016223,negative,0.9921720681328376
C0029735,negative,0.9945824945128753
C0016283,negative,0.9827762838086102
C0014911,negative,0.9979876403366025
C0018252,negative,0.9897087881172425
C0024249,neutral,0.7264993598582796
C0023996,negative,0.9853369925648826
C0016282,negative,0.41975731928491034
C0006566,negative,0.9796705076941097
C0026360,negative,0.9808983377801853
C0000922,negative,0.9953358207185103
C0024437,negative,0.9867691012139057
C0017333,neutral,0.6396656787089834
C0003479,neutral,0.6877174032035792
C0016145,negative,0.9865334749035475
C0002536,negative,0.9783235774191588
C0011576,negative,0.9982879204890549
C0021266,negative,0.9768987611471883
C0011508,negative,0.9924514733692194
C0001009,negative,0.9962421897369897
C0002598,negative,0.9882847891190923
C0028833,neutral,0.4911889147871148
C0008429,negative,0.987322842553539
C0029015,neutral,0.5865054880323445
C0004687,negative,0.981536588480391
C0020800,neutral,0.50984759900773
C0021816,neutral,0.47715511069314537
C0016511,neutral,0.5736519915812585
C0001324,neutral,0.6923947893974678
C0029032,neutral,0.5944715098336407
C0001243,neutral,0.6263856991013007
C0002379,negative,0.9962095701164158
C0028835,negative,0.9883680944816775
C0007657,negative,0.9795467176738661
C0005859,negative,0.9967262251187249
C0027185,neutral,0.6063297715010199
C0028922,negative,0.9894791935361782
C0017023,negative,0.9910919528872727
C0004899,negative,0.9942668459161929
C0027267,neutral,0.6993466908926748
C0006949,negative,0.9879961763546424
C0017970,negative,0.9695240368791058
C0021586,negative,0.9537123635394208
C0017146,negative,0.9980963953122094
C0005198,negative,0.9650183995601432
C0020553,negative,0.9857081358967402
C0011466,neutral,0.5883380862820616
C0023378,negative,0.9772181654297859
C0011585,neutral,0.7843621357520028
C0009886,neutral,0.688217958523416
C0005172,negative,0.9949780398388436
C0002748,negative,0.9673735872600392
C0002924,negative,0.995975987788392
C0012586,negative,0.9882766161417395
C0006713,negative,0.996122848276107
C0013875,negative,0.9945197715771065
C0002783,negative,0.9962095701164158
C0026989,neutral,0.6355385079121811
C0029427,negative,0.970328227704325
C0007381,negative,0.9934756847433738
C0015682,negative,0.9928386811535883
C0021626,neutral,0.7197904009949384
C0002149,negative,0.9857090084127641
C0002805,negative,0.9907951443578568
C0028995,negative,0.9957007111561935
C0010830,neutral,0.6312326228472434
C0028049,negative,0.5481758567649067
C0009669,neutral,0.6590555335907785
C0023920,negative,0.9409527739896013
C0013358,neutral,0.5179300616755819
C0015498,negative,0.9813984268477366
C0001023,neutral,0.6457578452205714
C0027084,negative,0.9833582888217501
C0000597,negative,0.9760660531625384
C0022686,negative,0.9969355125031153
C0006773,negative,0.797534957249687
C0028945,neutral,0.5949963917371949
C0019965,neutral,0.5841720359922871
C0029684,negative,0.9859435347735032
C0005961,neutral,0.5859893879908417
C0024215,negative,0.9839199615454901
C0024203,neutral,0.5095458876853926
C0007863,negative,0.989306282302505
C0005465,neutral,0.731198660415913
C0029417,neutral,0.4744934123429174
C0002362,negative,0.6435711148814593
C0010974,neutral,0.6061883236981582
C0018078,negative,0.9966973355780283
C0000847,negative,0.9831524454237521
C0016862,neutral,0.563827731022113
C0007223,negative,0.9974035876197956
C0013054,negative,0.9885304722352495
C0009625,negative,0.5933889771237499
C0009476,neutral,0.5468140244376699
C0024248,negative,0.9943663184204387
C0005184,negative,0.672084627606104
C0026065,negative,0.9875556605075992
C0025910,negative,0.988568650844259
C0010635,neutral,0.5460732585878337
C0018696,neutral,0.6015141719370617
C0024965,negative,0.9828726842790779
C0013192,negative,0.9916167696347628
C0011177,positive,0.4974339895533929
C0010023,negative,0.7815278799712755
C0004381,negative,0.9557452710083524
C0029389,negative,0.996381368595161
C0007310,neutral,0.6286032575149465
C0013640,negative,0.9967431424038914
C0023908,neutral,0.523139609690058
C0002709,neutral,0.6280994880655874
C0020585,negative,0.9949780398388436
C0007723,negative,0.678636432111734
C0000315,negative,0.9964617498463453
C0019791,negative,0.979100339966891
C0011959,negative,0.9863099108224245
C0028822,negative,0.9978348345640725
C0021757,negative,0.9947065897579592
C0011887,neutral,0.5658029498825745
C0013577,neutral,0.5904231991601158
C0017551,neutral,0.5891438796144538
C0003862,negative,0.9800992463102526
C0009367,negative,0.9966426258971066
C0022340,neutral,0.7961628337413643
C0009527,neutral,0.5598168231782092
C0021198,neutral,0.5476870171462234
C0002990,neutral,0.48769358636742116
C0000314,neutral,0.5952189165156043
C0014893,neutral,0.5279009254976263
C0012843,negative,0.9871420627246924
C0003317,negative,0.9876484824699497
C0007585,negative,0.9932958609417096
C0018444,negative,0.9953066845864676
C0027900,neutral,0.5212850687181719
C0015936,neutral,0.6365693406287315
C0022076,negative,0.9899434486223094
C0018617,neutral,0.4971736171386205
C0016801,negative,0.9897554963771412
C0015152,negative,0.9674786560225863
C0023559,negative,0.9952911368767143
C0005016,neutral,0.5692540742364126
C0008045,neutral,0.642358070520147
C0006165,neutral,0.5769916299943006
C0017670,negative,0.9976813820091398
C0008013,neutral,0.5892370570265375
C0016141,negative,0.9971520279253907
C0013731,neutral,0.5622725807948817
C0014099,negative,0.9970544048235889
C0014047,negative,0.9870446755188795
C0011112,neutral,0.7251501090571013
C0002134,negative,0.9878337874337163
C0028559,negative,0.9771528625118783
C0020109,negative,0.9945048038374498
C0024247,negative,0.9955124923964996
C0013185,neutral,0.5968941110243888
C0015427,negative,0.9898916501577036
C0000897,neutral,0.46225094411108836
C0024765,neutral,0.5559847591622762
C0011977,negative,0.9978794909913695
C0003203,neutral,0.7269786359034163
C0008288,negative,0.8584045116094338
C0027122,negative,0.9942924119069289
C0003062,neutral,0.5663299587460698
C0019229,negative,0.9913878114703045
C0015241,negative,0.5668024147482381
C0022747,neutral,0.6869973877562706
C0009404,negative,0.9635936335912768
C0010375,negative,0.9907347138895809
C0020169,neutral,0.644573982297942
C0008331,neutral,0.6071935665572603
C0000814,negative,0.9955137950148938
C0023051,neutral,0.6123291660437064
C0014927,negative,0.9906002011515749
C0027526,negative,0.9953807675184445
C0020327,negative,0.9938097804577116
C0003078,neutral,0.6128743079877573
C0003090,negative,0.9850593755830641
C0019474,negative,0.9889055796856884
C0026816,negative,0.996381368595161
C0009534,negative,0.9889849929084331
C0013682,negative,0.9817422436479584
C0024412,negative,0.961855013243815
C0026243,neutral,0.5375678324333615
C0024796,neutral,0.5121837128018282
C0025043,neutral,0.6875563098678165
C0009972,negative,0.9833496663388006
C0008039,neutral,0.6063297715010199
C0021884,negative,0.998006707018415
C0007078,negative,0.9759046794338987
C0026887,negative,0.9882542557384738
C0001777,negative,0.978625410146225
C0012173,neutral,0.6268289837373638
C0011565,negative,0.9969400451429522
C0028423,neutral,0.6263901110175588
C0008969,neutral,0.5725182651341956
C0018336,negative,0.9975101588964143
C0003891,neutral,0.641364553354927
C0022052,positive,0.37657685046438266
C0021963,neutral,0.6788987800639228
C0008611,negative,0.9724532115872028
C0000426,negative,0.9950978721880871
C0018054,negative,0.9539716906424185
C0020164,negative,0.9958683442196474
C0012573,negative,0.996703892388491
C0016796,negative,0.9984019112840774
C0015058,negative,0.9684312473333153
C0029001,negative,0.9960141629607986
C0000446,negative,0.976717568298112
C0007871,negative,0.9931417064555113
C0028166,neutral,0.6606665535377397
C0002194,negative,0.9806405271691911
C0022636,negative,0.9326947823363961
C0008822,neutral,0.5048544942079647
C0005494,neutral,0.627845656371964
C0024414,negative,0.9834016824154455
C0028025,neutral,0.5158314152405191
C0021786,neutral,0.5769916299943006
C0024776,negative,0.9920566793508582
C0015832,negative,0.9835219814491811
C0004786,negative,0.9862297647474739
C0001446,negative,0.9932701128944809
C0002060,negative,0.9975775771529082
C0027917,neutral,0.6983994808124472
C0029639,negative,0.998006707018415
C0027094,neutral,0.6910117532821164
C0014412,negative,0.5259661580807627
C0026778,neutral,0.6403598358319639
C0015875,negative,0.7744231666861403
C0026328,neutral,0.4946092392337791
C0026940,negative,0.9938280596230913
C0023761,negative,0.9845866925857646
C0021295,negative,0.7788673128618187
C0013647,negative,0.9946746877241212
C0028427,neutral,0.5952189165156043
C0005092,negative,0.9872917374028207
C0010070,neutral,0.47918297849956315
C0003023,neutral,0.5711634828297455
C0017787,negative,0.984370082232067
C0029719,neutral,0.5885903672381321
C0011233,neutral,0.6046984694941522
C0027990,negative,0.9897244315047945
C0013350,negative,0.9924306865088633
C0009832,negative,0.9882847891190923
C0027492,negative,0.9966973355780283
C0025934,negative,0.990645585576366
C0017534,neutral,0.5644195425334534
C0026095,negative,0.9791871503591799
C0001134,negative,0.9903127439377286
C0004483,negative,0.9954264549669741
C0003550,neutral,0.5382630284526232
C0024912,negative,0.9955459634027346
C0029889,negative,0.9876484824699497
C0022754,negative,0.9888492058072064
C0001188,negative,0.9924885656141729
C0001678,neutral,0.5564370230178028
C0015681,negative,0.9954119784630335
C0024706,negative,0.9830916572637746
C0026495,negative,0.9722167496109176
C0012160,negative,0.9926684537143785
C0011226,negative,0.9951558083561631
C0022848,neutral,0.7637013723883737
C0022037,negative,0.9980479793232222
C0011402,neutral,0.5802571815111354
C0011038,negative,0.5962903890399367
C0025176,negative,0.9869154085872262
C0007544,negative,0.983825189532066
C0020427,negative,0.9849522428819669
C0024708,neutral,0.5404039179939026
C0015856,neutral,0.6821144055658748
C0016179,negative,0.9955161332777432
C0003430,negative,0.9934693726262835
C0011606,negative,0.9887519963667388
C0021020,negative,0.9920983389361577
C0022787,neutral,0.6224657952706812
C0026467,negative,0.9628818933445954
C0017562,negative,0.6209031142902832
C0008317,negative,0.6295445975016594
C0002014,neutral,0.5928791327989693
C0016509,negative,0.9765568195277474
C0007063,negative,0.7991191796440581
C0015105,negative,0.9848821528672924
C0000695,negative,0.9975643910371172
C0015083,negative,0.921262344045381
C0015282,neutral,0.5491583253761618
C0022935,negative,0.9936736303031296
C0007767,neutral,0.5371524766522909
C0007473,negative,0.9918029646780792
C0022368,negative,0.9898001174019081
C0000267,negative,0.9951498861631222
C0023348,negative,0.9955161332777432
C0009027,neutral,0.5075259832180891
C0019798,negative,0.9745074011607043
C0017331,negative,0.9951573496993953
C0000666,neutral,0.6725838559626844
C0013258,neutral,0.6727143820863603
C0006360,neutral,0.7953959456208339
C0019885,negative,0.593104340847515
C0007910,negative,0.9930265034759145
C0008453,negative,0.9968631937084589
C0018864,negative,0.9901864864134604
C0010235,negative,0.9946117426197908
C0023120,negative,0.49711594427171174
C0028486,negative,0.9879961763546424
C0009106,negative,0.9957029451572
C0002028,negative,0.9954264549669741
C0017132,negative,0.9724827048098436
C0022992,negative,0.6217186620545172
C0026805,negative,0.9975643910371172
C0029537,neutral,0.5659559354820691
C0012628,negative,0.9832440894315064
C0000127,negative,0.9956366858990414
C0002798,neutral,0.5558850296621262
C0026603,negative,0.9940876738248543
C0026884,neutral,0.5769916299943006
C0028196,neutral,0.5581490782300035
C0012801,negative,0.9934090547520545
C0009004,negative,0.9944114773732268
C0011091,negative,0.9934693726262835
C0025388,negative,0.7910430284604782
C0023119,neutral,0.6816133075647927
C0029859,neutral,0.6147828441117934
C0027682,negative,0.9803887309123114
C0010755,negative,0.9859580658099735
C0015068,negative,0.9941434983181678
C0029329,neutral,0.6463239167835347
C0019836,neutral,0.62258789281526
C0010625,neutral,0.5508355815704034
C0021529,negative,0.661169883454446
C0023982,neutral,0.37077061313401577
C0007298,negative,0.9924514733692194
C0024826,negative,0.5691541918044526
C0009563,negative,0.979570708060155
C0023437,negative,0.9902652920493505
C0013703,negative,0.995091747710247
C0021176,negative,0.9943929363572643
C0023455,negative,0.9926208897688089
C0029524,neutral,0.5568012016062206
C0016469,neutral,0.527266777564793
C0010036,neutral,0.5873674611243006
C0025789,negative,0.995964367372142
C0029665,negative,0.6021251053318253
C0004211,negative,0.9899847891893229
C0013424,negative,0.9944286463538218
C0000665,negative,0.9922319832151097
C0015760,negative,0.9854483661959321
C0025893,neutral,0.5715966251717937
C0017293,negative,0.9971508205171661
C0021361,neutral,0.5731359591063458
C0007655,neutral,0.5459807204138887
C0001823,neutral,0.5462479813513923
C0010798,neutral,0.6083135583383251
C0013349,neutral,0.5876460123239489
C0024426,neutral,0.6078340235612362
C0001092,negative,0.9831705212175621
C0023868,neutral,0.5130745241062503
C0009870,negative,0.9944991676619207
C0016016,negative,0.8314177370597455
C0020343,negative,0.9946323973009062
C0029431,negative,0.9830916572637746
C0001553,neutral,0.5920385324826815
C0003961,negative,0.9795812276127365
C0027984,negative,0.9965925064847709
C0002474,negative,0.992393293575453
C0008685,neutral,0.5999668175395796
C0022618,neutral,0.6490745748790191
C0008092,negative,0.9909545906265605
C0005575,negative,0.6617455702804583
C0016874,neutral,0.5242373029478061
C0020167,negative,0.854491241125806
C0025699,neutral,0.5090754083574658
C0017472,neutral,0.42501358913805143
C0020445,negative,0.9945245035707245
C0029170,negative,0.9914521070504908
C0019403,negative,0.9915725304191839
C0023169,negative,0.9593141076482307
C0003673,negative,0.9856994730596168
C0028044,neutral,0.6910888178298005
C0028476,negative,0.9034847857616037
C0016501,negative,0.9917482012753056
C0014468,neutral,0.5404039179939026
C0006891,neutral,0.42806399420843294
C0021212,negative,0.9912794828042216
C0028743,negative,0.4270442786661448
C0015454,negative,0.9965736596796939
C0004532,neutral,0.39016625376438496
C0020095,neutral,0.6569386600358232
C0012919,neutral,0.5496099566729468
C0021135,neutral,0.5158314152405191
C0024389,negative,0.942985493815308
C0010449,negative,0.5358190067443823
C0015412,neutral,0.6255831159223859
C0015219,negative,0.9780656834559212
C0011855,neutral,0.6086602330908557
C0009088,negative,0.552010162812522
C0006758,neutral,0.527180406101584
C0022778,negative,0.9985180144381791
C0022693,neutral,0.5925216194097929
C0012338,negative,0.9934090547520545
C0018400,negative,0.9678068922645426
C0007430,neutral,0.632127704214923
C0003117,neutral,0.6724895046145171
C0006418,negative,0.9974896011714847
C0009456,neutral,0.614769039892102
C0028061,negative,0.9928888359857216
C0006282,negative,0.5923008231487211
C0014555,negative,0.9931417064555113
C0006643,negative,0.6381440263551573
C0010485,neutral,0.5760112519327828
C0011378,negative,0.9875979289208356
C0006562,negative,0.9475431347054702
C0002601,negative,0.971176632082154
C0024480,neutral,0.563531690587294
C0019461,neutral,0.6934695725836352
C0025724,neutral,0.5257653961120995
C0029611,neutral,0.634512472048689
C0002506,neutral,0.47934221364135443
C0000220,negative,0.9967540196717268
C0029366,negative,0.988568650844259
C0003369,neutral,0.6710365340171325
C0015611,negative,0.9569948887640151
C0023470,neutral,0.5478114605538404
C0001178,neutral,0.6870340560337794
C0007292,positive,0.3881583324101864
C0027187,negative,0.9951690858856899
C0006487,negative,0.9942668459161929
C0011436,negative,0.9755191811588779
C0016021,neutral,0.6322376914158239
C0024190,negative,0.9875556605075992
C0025207,negative,0.997655267680661
C0011987,neutral,0.7242390059767347
C0028015,neutral,0.7815789193438314
C0020206,neutral,0.8112226220143745
C0009640,negative,0.9945402816133467
C0003119,negative,0.976571372476202
C0003859,negative,0.7622202391815501
C0009556,negative,0.552010162812522
C0015826,negative,0.5097333085762137
C0021578,neutral,0.5397145208272675
C0011084,negative,0.9883300201411955
C0007986,negative,0.9743012985707715
C0021646,negative,0.9944766959131872
C0010020,negative,0.6739691213729296
C0004291,negative,0.9779454560688742
C0005882,neutral,0.5252364877484956
C0012002,neutral,0.6686894364218815
C0022966,positive,0.5258483367371869
C0001675,neutral,0.5158314152405191
C0001861,negative,0.9809421966862756
C0003682,positive,0.5227395318010385
C0003970,neutral,0.5933720615503307
C0015453,neutral,0.6675301744385347
C0023899,negative,0.9678869573037139
C0022654,neutral,0.6265354775144388
C0010115,negative,0.9952278084548887
C0027395,negative,0.9961259024864375
C0012035,negative,0.9913309844153344
C0024854,negative,0.9953665820221264
C0023499,negative,0.8154010537639663
C0020735,neutral,0.6257648152557366
C0021253,neutral,0.4890225845324586
C0014010,negative,0.9727078283951499
C0024372,negative,0.9948590558425318
C0023796,negative,0.9805991636293323
C0024264,negative,0.9850006454232242
C0001660,negative,0.45161369633912507
C0025110,neutral,0.5168859950410987
C0025112,neutral,0.6268289837373638
C0029034,negative,0.9935667680592037
C0020240,negative,0.9976974545183872
C0003699,negative,0.9979809301129708
C0025941,neutral,0.6572611723087141
C0005543,negative,0.5638228791953606
C0004728,neutral,0.5168381100715925
C0015961,negative,0.9975643910371172
C0026625,negative,0.9930289741520278
C0012310,negative,0.9940876738248543
C0017584,negative,0.9974035876197956
C0029771,negative,0.9980947857500297
C0028410,neutral,0.5093601156872579
C0018152,negative,0.9873376091313149
C0014367,negative,0.9882952642893859
C0006711,negative,0.9913895920504703
C0005809,negative,0.5496993389078078
C0012447,neutral,0.5144187397353218
C0028221,neutral,0.5850779220583323
C0029970,negative,0.9941557164268783
C0029944,negative,0.9796335258866039
C0000058,negative,0.9950989295812215
C0015200,negative,0.9473839305980251
C0020324,negative,0.42096915366984333
C0028503,neutral,0.8103732152409262
C0011132,negative,0.9937472854645886
C0009529,neutral,0.5804898999130443
C0005431,neutral,0.568114554894433
C0024961,negative,0.644176002142491
C0012612,negative,0.9913366109654137
C0022975,positive,0.5309801510386817
C0024003,negative,0.610655879046157
C0026372,negative,0.990094394005205
C0021083,neutral,0.5883380862820616
C0007739,neutral,0.5117781150453155
C0001166,negative,0.9848821528672924
C0002847,neutral,0.6595319915008427
C0007884,neutral,0.5967839642323434
C0019400,negative,0.9840955193744739
C0005422,neutral,0.6340812191135673
C0004085,negative,0.9884755087824653
C0001450,negative,0.9959729027617411
C0015323,neutral,0.6826702594475939
C0019904,negative,0.9796589634056474
C0007186,neutral,0.47715511069314537
C0003348,negative,0.9792511552553754
C0018841,neutral,0.5883380862820616
C0002583,neutral,0.5904736337409504
C0000418,neutral,0.6305142578211508
C0007316,negative,0.9906047976514073
C0006595,negative,0.9415252378341006
C0012330,neutral,0.7615700967897292
C0028707,neutral,0.5120629097984583
C0013149,negative,0.9648765036181711
C0029734,positive,0.5023883147606742
C0027776,negative,0.5280972440408039
C0014515,neutral,0.7017999230466959
C0010905,neutral,0.5694047651054244
C0013769,positive,0.3434446812304127
C0016542,negative,0.9738054900158161
C0000647,neutral,0.7163760240624949
C0019869,neutral,0.5168381100715925
C0008533,neutral,0.6046984694941522
C0009249,negative,0.7492562691067939
C0010281,neutral,0.5883380862820616
C0008266,negative,0.935448386830318
C0007421,negative,0.9825524546983853
C0006630,negative,0.5688013639629603
C0018889,neutral,0.5432398482072549
C0027373,negative,0.9949250476630211
C0005735,negative,0.9872516938486533
C0022870,neutral,0.5960187695924823
C0027660,neutral,0.7035701968860947
C0018648,neutral,0.6178912558388059
C0001900,neutral,0.659961803636084
C0026824,negative,0.9957694952378714
C0022908,negative,0.9854734406290283
C0002969,negative,0.9760474952381584
C0003263,negative,0.5263107771183961
C0028189,negative,0.3794440005751299
C0027658,negative,0.9878337874337163
C0029823,negative,0.9950989295812215
C0000059,negative,0.9918656990964536
C0023597,negative,0.9912139183916477
C0026250,negative,0.9846501099962801
C0008585,negative,0.9850593755830641
C0015553,negative,0.9919362358284756
C0020720,negative,0.9856994730596168
C0012286,negative,0.9814709462916787
C0011044,negative,0.4538743061280418
C0006520,negative,0.9956112018040131
C0026727,neutral,0.55392210510833
C0021430,negative,0.9892967014552652
C0007204,neutral,0.6150905237839212
C0006246,neutral,0.45482714197728324
C0024031,neutral,0.5430239303462281
C0029705,negative,0.9921010296265221
C0003308,negative,0.7054586526622658
C0027683,negative,0.9958153059325271
C0015078,negative,0.9817425890616795
C0004404,negative,0.9945691881363016
C0004818,neutral,0.5595785249116686
C0018699,negative,0.9898590247521407
C0022436,neutral,0.5966926107866541
C0007116,negative,0.9817412621803734
C0003784,negative,0.5796147564580229
C0008271,positive,0.37657685046438266
C0006577,negative,0.9713442378190219
C0012714,negative,0.9881478693051263
C0020938,negative,0.9788760159798199
C0015154,negative,0.524044114200173
C0017601,neutral,0.5239199259915233
C0020907,negative,0.9919774910882174
C0021691,negative,0.993176169327813
C0028371,negative,0.9941564161331277
C0012463,negative,0.6522137892400125
C0019686,negative,0.9932519830872119
C0026538,neutral,0.4412347132128522
C0029149,negative,0.9778810245819818
C0009683,negative,0.9297255074705084
C0016467,negative,0.8752232508671292
C0008836,negative,0.9939054531846877
C0022218,neutral,0.5121837128018282
C0011278,negative,0.6181022552796414
C0022110,negative,0.9934436964325984
C0004297,negative,0.9892065949982765
C0022020,neutral,0.7353778216301267
C0011191,negative,0.9909446368912217
C0027538,neutral,0.5804870442836069
C0014306,negative,0.9971113300872361
C0019129,negative,0.8517570372700657
C0008245,negative,0.9884755087824653
C0013672,negative,0.9881820820270274
C0000717,neutral,0.6079154596917187
C0021872,negative,0.9953264610997135
C0003591,neutral,0.62258789281526
C0022595,negative,0.9942451263650957
C0001274,negative,0.6442482393961875
C0008723,negative,0.995197596482127
C0014693,negative,0.969044377736396
C0026763,negative,0.9891902205799101
C0020697,neutral,0.568813195776161
C0004599,neutral,0.527180406101584
C0002918,neutral,0.5876460123239489
C0003179,negative,0.9911376411854935
C0007202,negative,0.99635771859066
C0019055,neutral,0.5903513253529691
C0000218,negative,0.9964901271315525
C0008929,negative,0.980099553132419
C0024678,negative,0.997004693624117
C0020900,neutral,0.4744934123429174
C0007360,negative,0.9944306494533744
C0020413,negative,0.9904753628719851
C0014025,negative,0.7823352481388223
C0024899,negative,0.9802993668385838
C0011237,negative,0.9932399284381851
C0002749,negative,0.9938490265908559
C0007520,negative,0.9912168803050243
C0010775,negative,0.9967262251187249
C0009446,negative,0.9978088667023297
C0020086,negative,0.9761596819754607
C0018532,negative,0.9834108460698286
C0016698,negative,0.983825189532066
C0014891,negative,0.9856828750705701
C0021279,negative,0.9976974545183872
C0028011,negative,0.9625178982162715
C0020326,neutral,0.5106140762803326
C0011561,negative,0.9934960708245121
C0006859,negative,0.7386405989254251
C0024476,negative,0.6033484964049677
C0018902,negative,0.9919878649427287
C0024972,negative,0.9901864864134604
C0028750,negative,0.927747143945102
C0018443,negative,0.9515218982839024
C0020414,neutral,0.7843621357520028
C0029318,negative,0.9954678627863371
C0016189,negative,0.9927249782462398
C0013915,neutral,0.6577058168983289
C0009550,negative,0.9857563188049976
C0010845,negative,0.9778870090363443
C0018422,negative,0.8764425484525458
C0005075,negative,0.6017396509555665
C0019265,negative,0.9883699190395097
C0006806,negative,0.9499022799833841
C0009144,negative,0.8370561466567822
C0011738,negative,0.48184372593223324
C0002373,negative,0.9961773147390597
C0013726,negative,0.9884724403469577
C0002893,negative,0.9686980321654965
C0001133,negative,0.9757874873308076
C0028317,negative,0.9968272538306864
C0003330,neutral,0.5033599711512987
C0025126,negative,0.97847464208416
C0015326,neutral,0.5887543911580357
C0010821,neutral,0.5331040742949139
C0014963,negative,0.9952911368767143
C0000228,neutral,0.5316420785686108
C0026047,negative,0.9962617829207613
C0029844,negative,0.5590739475570793
C0007867,neutral,0.5741534200401889
C0000372,neutral,0.46938725628072614
C0025556,negative,0.9628818933445954
C0006149,negative,0.9835202997243491
C0002921,negative,0.9807805211076671
C0019069,neutral,0.5517335305239958
C0021256,negative,0.8966451632100061
C0004523,negative,0.9897571973494188
C0012325,negative,0.9968200299124358
C0004813,negative,0.9877826139983457
C0003523,negative,0.39941518206287946
C0029727,negative,0.9601422489854791
C0023579,neutral,0.5897514322570633
C0025099,neutral,0.5397145208272675
C0013016,negative,0.9813905400780583
C0026875,neutral,0.5588458934139909
C0015471,negative,0.861810978313249
C0006786,negative,0.6017396509555665
C0018658,negative,0.9755529379110566
C0026954,negative,0.9926684537143785
C0005844,neutral,0.6071927453479578
C0004201,negative,0.9960922156051415
C0022431,neutral,0.5880999829493812
C0014207,positive,0.3660122847341619
C0006075,neutral,0.5427782041392266
C0021218,negative,0.5701507989197598
C0017467,neutral,0.5715966251717937
C0016566,negative,0.9945724358156839
C0029343,neutral,0.6147828441117934
C0016328,negative,0.5546952657016808
C0022187,negative,0.9895994617373596
C0013050,negative,0.9843395820229446
C0028866,neutral,0.578474609240523
C0028582,negative,0.9942451263650957
C0015928,negative,0.987137138183747
C0023061,negative,0.9777996861727982
C0021593,negative,0.9863798116932901
C0014426,neutral,0.6268289837373638
C0000259,neutral,0.7419775819175219
C0019540,neutral,0.5168400852712995
C0023303,negative,0.9901018763488662
C0018539,negative,0.8989242574723743
C0011645,neutral,0.5908842026904446
C0029358,negative,0.9960141629607986
C0026730,negative,0.9243339551860308
C0024620,neutral,0.753840676832645
C0019305,negative,0.9775565490055802
C0012036,negative,0.9920832609054445
C0024614,negative,0.9945023728083329
C0012142,negative,0.9804794385927103
C0010600,negative,0.9957838082646073
C0027410,negative,0.9099447046524501
C0018911,negative,0.9955710059995432
C0019581,neutral,0.6013505910195736
C0007589,negative,0.9199102207196533
C0023731,neutral,0.5243950639188524
C0019243,negative,0.5510873046389878
C0013005,negative,0.9963488543923934
C0021410,neutral,0.5827485408824961
C0005834,negative,0.9954921311262075
C0028509,negative,0.98941034504099
C0000202,negative,0.9949975535915053
C0001966,negative,0.9955459634027346
C0006376,neutral,0.4739944646739854
C0026848,neutral,0.8077089497242537
C0010702,neutral,0.742954599526792
C0015409,neutral,0.6052617436227768
C0011447,neutral,0.6221793374954143
C0028409,positive,0.45206575853578573
C0012467,neutral,0.5354531096796753
C0026185,negative,0.5685018763300432
C0020493,negative,0.9920556952875627
C0006847,negative,0.9972539918427411
C0013501,negative,0.9930692021437687
C0004470,negative,0.9965086320078108
C0018227,negative,0.9797251444219017
C0002829,negative,0.9966426258971066
C0015757,negative,0.974514435235285
C0022530,neutral,0.5546628679757448
C0006278,neutral,0.6722291088791688
C0011665,negative,0.9707886905245404
C0028654,negative,0.9957885877107792
C0003107,neutral,0.6400885548470224
C0014632,neutral,0.5725182651341956
C0026559,negative,0.9805584141825152
C0006742,neutral,0.6225753372925089
C0011826,negative,0.9935123497500996
C0022481,negative,0.9911998856063083
C0021965,negative,0.9917681249440001
C0013574,negative,0.5638228791953606
C0002498,negative,0.9703527562128476
C0017338,negative,0.9942668459161929
C0002430,neutral,0.7660423618423124
C0008628,neutral,0.5708581562474824
C0028026,negative,0.9952911368767143
C0014993,negative,0.5163891142769234
C0021271,negative,0.9793622531923114
C0011891,negative,0.9825524546983853
C0023031,negative,0.9677324913297952
C0026097,negative,0.9919878649427287
C0009949,neutral,0.5731359591063458
C0027098,neutral,0.5553648079149934
C0001951,negative,0.9645980668675895
C0018966,neutral,0.5956844822306923
C0026434,negative,0.9951497733750156
C0024939,negative,0.9932519830872119
C0005544,negative,0.9927449299584913
C0028507,negative,0.9739980318978337
C0001008,negative,0.9962544784365923
C0029831,negative,0.9927722503620569
C0004792,negative,0.9918849516850856
C0017246,negative,0.9946314769087798
C0024805,positive,0.5597209025854446
C0027913,negative,0.653798061282597
C0012492,negative,0.8106902129822431
C0001713,negative,0.8226970127148827
C0005144,neutral,0.5047586058143269
C0003962,neutral,0.5929057732067752
C0018881,neutral,0.5718832772036097
C0012183,neutral,0.5471238247481335
C0022395,negative,0.9731565595343953
C0028277,negative,0.9911049691044724
C0028739,negative,0.9864729309151677
C0020878,negative,0.9926426431359711
C0021753,negative,0.9692579153505139
C0003061,negative,0.9978794909913695
C0012209,negative,0.9986747000828787
C0008393,negative,0.9927701251460178
C0000913,negative,0.982695291390855
C0005055,negative,0.9962753394879744
C0019096,neutral,0.5959457434195757
C0028396,negative,0.9917482012753056
C0027279,negative,0.9879961763546424
C0002092,negative,0.9939378755855379
C0027461,neutral,0.43252573579289444
C0011459,negative,0.9933503003034853
C0010100,negative,0.9950211078852873
C0029254,negative,0.9977710331521278
C0009044,neutral,0.7415719939316817
C0006009,negative,0.9777570717743979
C0021314,negative,0.9601314935996053
C0017829,negative,0.9290079875592312
C0010833,negative,0.9970180157730877
C0001338,negative,0.9924065677120236
C0006541,negative,0.9926287609892533
C0017648,negative,0.9839432239722901
C0019192,negative,0.8313572536226134
C0012207,negative,0.524044114200173
C0017003,positive,0.4590340651880678
C0025959,negative,0.9805169467721184
C0012875,neutral,0.589982660485043
C0007588,negative,0.9712955396514225
C0027579,negative,0.7369218200561026
C0007821,negative,0.8764853062350555
C0024305,negative,0.9761634490909723
C0027427,negative,0.9082555605188797
C0022741,neutral,0.6739636894566627
C0026692,negative,0.979100339966891
C0010417,negative,0.9930564614177817
C0017007,negative,0.9940876738248543
C0002380,negative,0.9963488543923934
C0009943,negative,0.933035530421453
C0018215,negative,0.9854483661959321
C0015669,negative,0.9964617498463453
C0009598,negative,0.9831705212175621
C0012151,negative,0.9923119359768606
C0016462,negative,0.9934963730830457
C0007584,negative,0.9931248814369172
C0001863,neutral,0.5954762750140902
C0013385,neutral,0.5976845446119257
C0016645,negative,0.9854483661959321
C0009690,negative,0.9924347447092295
C0003672,negative,0.9832336719757493
C0014637,neutral,0.5503375362958517
C0023931,negative,0.9824700110292734
C0007226,neutral,0.5907728010739726
C0014018,negative,0.9925596077280898
C0020410,negative,0.9814709462916787
C0025132,negative,0.9849928880695098
C0006088,neutral,0.6061635332985261
C0026423,negative,0.996381368595161
C0000697,neutral,0.7615700967897292
C0000917,neutral,0.6383415594514874
C0024440,neutral,0.5744449744291305
C0023694,negative,0.9882847891190923
C0002675,negative,0.9771528625118783
C0020690,negative,0.9932519830872119
C0009157,neutral,0.6053634228510134
C0018102,neutral,0.535347518871244
C0020152,negative,0.9944624662451389
C0029590,negative,0.9518287995668927
C0016646,negative,0.9926544910953504
C0023300,negative,0.9859435347735032
C0006920,neutral,0.6816133075647927
C0016153,negative,0.5193642219911221
C0011161,negative,0.9937205343796417
C0002649,neutral,0.5700077522749247
C0003705,negative,0.9912438848071584
C0002241,neutral,0.5786584517777925
C0008572,negative,0.9903412036891082
C0011580,negative,0.9803029396895873
C0018890,negative,0.6375285884945919
C0021546,neutral,0.6971193638140057
C0023655,negative,0.9976813820091398
C0013441,neutral,0.5798500688033839
C0015125,neutral,0.6478421267939627
C0002574,neutral,0.6155330844791721
C0011053,neutral,0.38287594633184396
C0007008,negative,0.9959225209334513
C0006229,negative,0.5481758567649067
C0006250,negative,0.9660651175990538
C0012647,negative,0.9879811796090223
C0006546,negative,0.9905843380742937
C0023819,neutral,0.5504751494151108
C0016863,negative,0.7902858978461667
C0008041,negative,0.9966633629537928
C0010093,negative,0.9931558235703166
C0020649,negative,0.9879306518040474
C0029971,negative,0.9781843405802212
C0016690,negative,0.9897434704133011
C0003820,neutral,0.5357902848433549
C0002313,negative,0.9884947107137292
C0019624,negative,0.9980154057846535
C0028671,negative,0.973223926368607
C0006663,positive,0.498585814651229
C0019090,negative,0.9974186525053552
C0023757,negative,0.9931672582716444
C0014284,negative,0.9935011906613762
C0005661,negative,0.9977937401874087
C0028388,negative,0.9916530676909723
C0003145,negative,0.9907671561815025
C0006616,negative,0.552010162812522
C0007487,negative,0.9928896984276919
C0010748,negative,0.9951497733750156
C0006324,negative,0.9943064553179427
C0024996,neutral,0.6463239167835347
C0015148,neutral,0.41004973786264814
C0011125,neutral,0.5556661091277825
C0023139,neutral,0.5945595588784591
C0027641,negative,0.9214594560000865
C0016671,negative,0.5985425176625768
C0006362,negative,0.6347949867270345
C0023762,negative,0.9926684537143785
C0027631,negative,0.9968272538306864
C0015607,neutral,0.5166288656731044
C0026843,negative,0.991088278968275
C0023172,neutral,0.557273637799514
C0021150,negative,0.9585242417378709
C0010627,neutral,0.6203169530138573
C0005084,negative,0.9951237454406303
C0013089,negative,0.9964510908723304
C0028830,negative,0.9972890295456447
C0012094,negative,0.7534170911534069
C0006764,negative,0.9954921311262075
C0004598,negative,0.9337012335781415
C0025996,negative,0.5263107771183961
C0002116,neutral,0.5063995362273184
C0009931,negative,0.7622202391815501
C0006314,neutral,0.5108170154006272
C0028068,negative,0.9953739918953425
C0014849,negative,0.9598981112496735
C0014396,negative,0.9891902205799101
C0015572,neutral,0.5413289156765498
C0022189,negative,0.9767295156346073
C0028023,negative,0.95929254806583
C0025122,negative,0.9899837282717501
C0020541,negative,0.9905989916964988
C0006999,positive,0.5791509429693562
C0016623,negative,0.950102807727753
C0007205,negative,0.9954678627863371
C0016719,negative,0.9783235774191588
C0006143,negative,0.9882847891190923
C0014586,negative,0.9920665409927676
C0025121,negative,0.9964198048183236
C0027633,negative,0.5420464889350842
C0012771,negative,0.988219321016935
C0027883,negative,0.990350910553531
C0026113,negative,0.9967431424038914
C0000114,neutral,0.5707177298793069
C0019081,negative,0.994287042432843
C0022522,negative,0.9831705212175621
C0011471,negative,0.9883234782878442
C0010108,neutral,0.5883886225527735
C0002555,neutral,0.5525788395576507
C0018464,neutral,0.5792683803082187
C0013477,negative,0.979536605007529
C0005273,negative,0.9841612628231159
C0009566,negative,0.9734467914928566
C0008637,neutral,0.5899774951140585
C0014459,neutral,0.6816654150453146
C0003213,neutral,0.6163101122328486
C0021000,negative,0.9955444714643393
C0018250,negative,0.8587758533070147
C0023593,negative,0.9962528443857628
C0000716,negative,0.5193642219911221
C0006052,neutral,0.521638550547769
C0028548,neutral,0.6887093275639409
C0021808,negative,0.9888661252341684
C0018948,neutral,0.5715966251717937
C0004233,negative,0.9791765082416414
C0005921,negative,0.9886161988185329
C0019024,negative,0.9624453547625073
C0019638,neutral,0.6586684889507212
C0026093,negative,0.9918112485503711
C0008240,negative,0.9757715059959285
C0011214,positive,0.5316411650260827
C0003822,negative,0.994581161964228
C0000477,neutral,0.6513408888608676
C0002955,neutral,0.3618050049083378
C0002504,negative,0.9971520279253907
C0009663,neutral,0.6569386600358232
C0019616,negative,0.9821548694866793
C0022199,negative,0.9961737516299672
C0007183,negative,0.9951498861631222
C0027304,negative,0.9902776726466583
C0014952,negative,0.8876718212227769
C0011487,negative,0.9795467176738661
C0020544,negative,0.9809421966862756
C0022888,neutral,0.7137063693693748
C0018045,negative,0.9805052876637759
C0010476,negative,0.8971083357923286
C0029722,neutral,0.5890921566681125
C0002168,negative,0.97175936941517
C0022413,neutral,0.54187267404423
C0006218,negative,0.9879634738907392
C0024528,negative,0.9961773147390597
C0011277,negative,0.6295445975016594
C0010622,negative,0.9968272538306864
C0012031,negative,0.9673472600349543
C0000496,neutral,0.7169840093861252
C0026946,negative,0.9882665389287472
C0024742,negative,0.7974788451797055
C0011240,negative,0.833907047447921
C0005554,negative,0.9779454560688742
C0015930,negative,0.9753175860783084
C0027911,neutral,0.7044863746987878
C0010777,negative,0.9967981492878428
C0010411,negative,0.5658814078549548
C0008069,positive,0.5447518059411527
C0004479,neutral,0.5924613217848309
C0008458,negative,0.9759973043768473
C0029499,neutral,0.5595589205793455
C0012060,negative,0.9831808762465739
C0027384,negative,0.9882847891190923
C0029569,negative,0.9926701600110495
C0028107,neutral,0.6888464412565298
C0009177,negative,0.9852682129958171
C0007839,negative,0.9856830875440831
C0007211,negative,0.9959424132651988
C0004199,negative,0.5481758567649067
C0020975,neutral,0.655695982378949
C0008108,negative,0.9918212872914779
C0008239,negative,0.99177030598824
C0008469,negative,0.5457716851335576
C0000044,negative,0.9763188672327179
C0001296,negative,0.9777951780128352
C0027290,neutral,0.5279082513447094
C0002674,neutral,0.5765284172524741
C0013567,negative,0.9897160241210433
C0020874,negative,0.9966426258971066
C0002862,neutral,0.5709743674619937
C0018430,negative,0.9728224938970224
C0007678,negative,0.9714157707534397
C0009037,neutral,0.5692540742364126
C0017704,neutral,0.601603465968055
C0004585,neutral,0.5746325385652034
C0016031,negative,0.5166532961387074
C0006846,negative,0.9848821528672924
C0000086,negative,0.9978794909913695
C0000554,neutral,0.5547016720228468
C0017351,negative,0.948779047481026
C0002128,negative,0.6258433099834015
C0006230,negative,0.5178475112587181
C0026972,negative,0.9854984618590947
C0009212,negative,0.9875074370221385
C0000487,neutral,0.6473000115904478
C0006343,negative,0.9837496991504439
C0013829,neutral,0.7139892426112295
C0024221,neutral,0.6012125044195986
C0015023,negative,0.9977260386732957
C0013322,negative,0.9904820536390428
C0006966,neutral,0.6442369477660795
C0000537,negative,0.7622202391815501
C0009491,negative,0.8314177370597455
C0017642,negative,0.989723277301203
C0022230,negative,0.9624499766981218
C0017999,neutral,0.5158314152405191
