pseudo_patient_id,contact_count,negative_contacts,repeat_contacts,safety_contacts,first_contact,last_contact,csat_score,retained_90d,crm_segment
P000001,3,1,0,0,2026-02-23 00:20:00,2026-05-16 10:18:52,4,True,new
P000002,4,4,1,1,2026-01-09 08:08:34,2026-03-25 08:24:32,3,True,high_support_need
P000003,5,4,1,0,2026-01-08 15:49:25,2026-05-09 22:35:24,3,True,new
P000004,1,1,0,0,2026-05-20 22:36:37,2026-05-20 22:36:37,4,True,routine
P000005,4,4,2,1,2026-01-02 01:15:34,2026-03-13 00:29:15,2,True,routine
P000006,4,3,1,0,2026-03-12 06:05:57,2026-05-25 01:15:25,2,True,new
P000007,1,1,0,0,2026-03-02 14:36:13,2026-03-02 14:36:13,4,True,routine
P000008,7,5,1,1,2026-01-18 05:11:05,2026-05-12 13:27:59,2,False,routine
P000009,4,1,1,0,2026-02-11 04:18:08,2026-05-18 09:06:08,3,False,routine
P000010,3,2,1,0,2026-03-01 07:27:53,2026-04-19 02:29:09,4,True,new
P000011,3,2,1,0,2026-03-19 17:20:45,2026-05-16 07:02:41,4,True,routine
P000012,6,3,2,0,2026-02-02 01:54:01,2026-05-05 20:10:51,3,False,routine
P000013,5,2,1,0,2026-01-23 09:34:59,2026-04-27 18:23:36,2,False,routine
P000014,6,5,2,0,2026-02-16 11:30:41,2026-05-02 01:37:55,3,True,high_support_need
P000015,5,2,0,0,2026-01-26 21:28:40,2026-05-23 08:21:37,4,True,routine
P000016,4,2,2,0,2026-02-25 05:05:06,2026-05-12 04:01:56,3,True,new
P000017,1,0,0,0,2026-04-19 18:10:28,2026-04-19 18:10:28,4,True,new
P000018,1,0,0,0,2026-04-26 13:30:42,2026-04-26 13:30:42,5,True,routine
P000019,4,2,0,0,2026-01-13 10:19:30,2026-04-20 20:10:53,4,True,routine
P000020,3,2,1,1,2026-02-23 06:44:08,2026-04-24 13:23:49,4,True,new
P000021,6,4,2,0,2026-01-28 20:53:14,2026-05-27 16:06:14,2,False,routine
P000022,7,5,2,0,2026-01-04 10:04:12,2026-05-28 01:20:40,2,False,high_support_need
P000023,2,1,0,0,2026-01-01 15:11:14,2026-04-15 00:55:35,4,True,routine
P000024,3,1,1,0,2026-01-04 15:49:00,2026-01-30 12:05:17,3,True,new
P000025,4,2,1,0,2026-01-05 00:58:07,2026-05-10 08:59:40,2,True,routine
P000026,4,2,2,0,2026-01-17 20:20:02,2026-05-10 18:43:43,3,True,routine
P000027,5,4,1,0,2026-01-01 00:20:49,2026-04-25 19:46:07,4,False,routine
P000028,6,3,2,0,2026-01-02 19:20:48,2026-05-22 22:45:03,4,False,routine
P000029,3,2,0,1,2026-01-26 10:21:09,2026-05-02 20:24:19,4,True,routine
P000030,5,5,2,0,2026-01-09 09:23:03,2026-04-11 19:50:55,3,False,routine
P000031,5,3,1,0,2026-01-30 13:27:58,2026-05-24 23:02:00,2,False,new
P000032,2,2,0,0,2026-01-03 01:18:01,2026-02-15 20:58:11,5,True,routine
P000033,1,0,0,0,2026-04-21 00:28:44,2026-04-21 00:28:44,4,True,routine
P000034,5,3,2,0,2026-01-04 00:12:24,2026-04-20 20:24:47,3,True,high_support_need
P000035,4,3,1,0,2026-01-07 10:13:47,2026-05-26 23:07:32,3,True,new
P000036,7,5,3,0,2026-03-04 08:46:22,2026-05-27 18:46:35,3,False,routine
P000037,2,2,0,0,2026-01-22 19:35:59,2026-03-27 01:01:48,4,True,routine
P000038,4,3,1,0,2026-02-19 07:42:00,2026-05-29 19:29:25,3,False,high_support_need
P000039,3,1,0,0,2026-01-18 21:43:13,2026-03-06 17:40:59,4,True,new
P000040,3,3,1,1,2026-01-31 00:58:56,2026-05-02 08:05:06,3,True,routine
P000041,6,5,2,0,2026-01-15 10:13:36,2026-05-20 03:51:42,3,True,routine
P000042,7,6,3,0,2026-01-02 08:21:42,2026-05-23 03:15:32,2,False,routine
P000043,3,2,1,0,2026-02-10 12:52:21,2026-04-30 18:08:42,5,True,routine
P000044,3,2,0,0,2026-01-30 01:04:41,2026-05-12 07:02:41,4,True,routine
P000045,2,1,1,0,2026-03-03 00:31:31,2026-03-04 08:51:53,3,True,routine
P000046,3,3,0,0,2026-03-05 06:45:29,2026-04-19 18:15:05,4,True,routine
P000047,7,4,4,0,2026-01-02 15:26:46,2026-03-30 18:17:09,2,False,new
P000048,6,3,2,0,2026-01-29 18:35:36,2026-05-12 06:08:41,3,True,routine
P000049,4,2,2,1,2026-01-21 08:17:28,2026-02-19 05:52:06,3,True,new
P000050,4,2,1,0,2026-01-18 01:20:45,2026-05-08 11:51:42,4,True,new
P000051,2,2,0,0,2026-02-21 06:15:43,2026-03-24 07:31:44,5,True,routine
P000052,2,2,1,0,2026-03-05 14:06:48,2026-03-14 01:38:54,3,True,routine
P000053,4,2,1,0,2026-03-13 17:01:52,2026-05-25 07:51:20,4,False,routine
P000054,5,2,2,0,2026-02-12 13:12:53,2026-04-25 20:26:57,3,True,new
P000055,3,3,1,0,2026-01-14 13:51:03,2026-02-08 18:54:46,4,True,new
P000056,4,4,2,0,2026-01-14 22:35:46,2026-02-13 20:41:54,2,True,new
P000057,7,5,2,0,2026-01-17 17:45:15,2026-05-18 03:52:22,2,True,routine
P000058,2,2,0,0,2026-02-13 21:17:53,2026-03-13 02:13:36,3,True,high_support_need
P000059,4,2,0,0,2026-01-19 07:59:04,2026-05-22 06:22:51,3,True,routine
P000060,1,1,0,0,2026-02-23 18:59:29,2026-02-23 18:59:29,4,True,high_support_need
P000061,2,0,0,0,2026-02-20 16:41:55,2026-05-05 22:04:53,4,True,routine
P000062,5,4,2,0,2026-02-27 14:33:27,2026-05-21 09:59:03,3,False,high_support_need
P000063,4,3,1,0,2026-01-30 11:31:37,2026-05-08 16:06:56,4,False,new
P000064,2,0,0,0,2026-04-07 21:56:33,2026-05-15 12:15:51,4,True,new
P000065,8,5,3,0,2026-01-07 15:22:34,2026-05-24 20:16:08,3,True,routine
P000066,7,4,2,0,2026-01-16 06:05:23,2026-04-26 21:08:43,3,True,high_support_need
P000067,3,1,0,0,2026-03-07 22:43:03,2026-05-28 15:35:08,4,True,routine
P000068,4,4,1,0,2026-01-16 07:34:14,2026-05-29 04:51:14,3,False,routine
P000069,6,3,2,0,2026-01-12 19:22:06,2026-04-06 20:20:55,3,False,routine
P000070,2,2,0,0,2026-03-23 00:21:40,2026-05-16 18:06:06,4,True,routine
P000071,8,6,4,0,2026-01-22 13:07:12,2026-05-19 13:05:12,2,False,routine
P000072,2,1,1,0,2026-02-23 05:08:20,2026-02-26 13:05:16,5,True,routine
P000073,9,6,6,0,2026-01-09 20:07:21,2026-05-25 05:12:48,2,True,routine
P000074,4,2,1,0,2026-02-01 16:06:48,2026-04-12 00:21:54,3,True,routine
P000075,4,1,1,0,2026-02-03 06:42:21,2026-04-25 22:35:56,4,True,routine
P000076,1,1,0,1,2026-04-07 21:58:30,2026-04-07 21:58:30,4,True,routine
P000077,3,1,1,0,2026-02-23 09:13:50,2026-05-24 18:38:31,4,True,routine
P000078,4,2,2,0,2026-01-06 04:18:18,2026-03-01 17:45:57,3,False,new
P000079,6,6,4,0,2026-04-02 01:24:17,2026-05-31 02:11:06,1,False,routine
P000080,4,2,1,0,2026-01-18 13:33:35,2026-03-18 16:47:34,4,True,routine
P000081,2,2,0,0,2026-01-07 21:06:14,2026-05-18 07:32:16,4,False,routine
P000083,3,3,0,0,2026-01-22 12:11:49,2026-04-28 06:37:35,3,False,routine
P000084,3,3,1,0,2026-02-13 21:31:13,2026-05-25 19:10:08,3,True,routine
P000085,5,2,2,0,2026-01-02 00:34:18,2026-05-27 12:14:38,4,False,routine
P000086,3,3,0,0,2026-04-18 13:12:31,2026-05-26 21:20:01,3,True,new
P000087,2,2,1,0,2026-02-16 03:30:14,2026-02-26 16:35:51,3,True,routine
P000088,3,2,0,0,2026-01-09 04:21:39,2026-04-26 02:49:18,4,True,new
P000089,6,6,3,0,2026-01-17 01:32:47,2026-05-29 09:41:30,2,True,routine
P000090,5,2,0,0,2026-02-11 14:35:24,2026-05-25 20:28:20,3,True,high_support_need
P000091,4,4,1,1,2026-02-08 10:44:52,2026-03-29 17:40:52,3,True,new
P000092,2,1,0,0,2026-01-19 17:48:43,2026-02-07 10:30:06,5,True,new
P000093,6,4,2,0,2026-01-22 16:47:45,2026-05-20 04:00:45,2,True,routine
P000094,5,3,1,0,2026-01-02 16:37:11,2026-05-12 06:10:33,4,True,new
P000095,4,2,1,1,2026-02-04 17:54:42,2026-05-20 19:15:27,4,True,routine
P000096,4,3,0,0,2026-01-26 01:12:53,2026-05-28 01:02:03,4,True,routine
P000097,4,4,0,0,2026-01-12 15:36:16,2026-05-11 17:57:13,3,True,new
P000098,2,2,0,0,2026-01-12 01:24:10,2026-05-01 02:22:34,5,False,routine
P000099,3,2,0,0,2026-01-12 00:45:42,2026-04-03 08:12:25,4,False,routine
P000100,6,3,3,0,2026-01-14 07:31:48,2026-04-05 22:58:35,3,True,routine
P000101,1,1,0,0,2026-01-27 13:31:30,2026-01-27 13:31:30,5,False,routine
P000102,5,3,1,0,2026-02-06 20:38:05,2026-05-18 12:05:34,3,False,high_support_need
P000103,4,2,1,0,2026-01-22 20:36:52,2026-03-20 06:27:14,3,True,routine
P000104,4,2,1,0,2026-01-16 06:34:03,2026-05-20 01:44:48,4,False,routine
P000105,3,1,1,0,2026-01-13 06:37:50,2026-04-19 10:24:31,3,True,routine
P000106,2,2,0,0,2026-01-13 03:55:38,2026-02-20 12:30:02,4,False,routine
P000107,3,1,2,0,2026-02-16 16:24:02,2026-03-06 13:08:13,3,True,routine
P000108,7,5,2,0,2026-01-22 13:17:47,2026-05-17 02:57:10,3,False,routine
P000109,5,5,2,0,2026-02-01 08:55:08,2026-04-29 09:23:18,3,False,routine
P000110,3,2,0,0,2026-01-08 23:37:40,2026-05-21 18:57:07,3,False,high_support_need
P000111,4,3,0,0,2026-01-26 13:40:13,2026-05-13 05:04:42,2,False,routine
P000112,3,3,0,0,2026-02-09 16:19:04,2026-05-04 12:43:09,3,True,routine
P000113,1,1,0,0,2026-03-17 11:09:59,2026-03-17 11:09:59,4,True,routine
P000114,3,1,1,0,2026-02-07 14:39:32,2026-03-25 16:56:10,3,False,new
P000115,4,2,0,0,2026-01-21 02:59:23,2026-04-16 07:42:42,3,True,routine
P000116,3,2,0,0,2026-02-03 01:56:50,2026-05-01 23:24:00,4,True,routine
P000117,5,4,4,0,2026-03-31 04:55:56,2026-04-26 03:34:36,2,True,routine
P000118,6,3,2,1,2026-02-07 18:40:26,2026-05-27 05:38:06,4,True,routine
P000119,9,7,6,0,2026-01-14 00:01:10,2026-05-12 18:56:49,2,False,routine
P000120,4,3,1,1,2026-01-14 00:28:27,2026-05-04 20:44:21,3,True,routine
P000121,6,3,2,0,2026-01-07 11:28:02,2026-05-11 04:40:44,3,True,new
P000122,5,3,1,0,2026-01-27 16:38:28,2026-05-15 19:40:29,3,True,routine
P000123,9,5,5,1,2026-01-16 14:29:15,2026-05-06 19:19:38,2,True,new
P000124,6,5,1,0,2026-01-25 14:29:01,2026-05-26 01:12:25,3,False,routine
P000125,4,3,0,0,2026-01-08 14:29:45,2026-05-24 12:47:10,3,True,high_support_need
P000126,5,5,2,0,2026-02-15 02:20:25,2026-05-18 17:14:39,2,True,new
P000127,3,3,1,0,2026-02-10 18:06:08,2026-05-24 07:54:01,4,True,high_support_need
P000128,7,5,3,0,2026-01-26 19:03:34,2026-05-26 01:01:01,2,False,new
P000129,7,4,3,0,2026-02-07 21:23:25,2026-05-11 18:50:36,1,True,routine
P000130,4,1,1,0,2026-01-17 16:40:11,2026-03-31 22:06:18,3,False,routine
P000131,5,3,1,1,2026-01-25 08:01:07,2026-05-20 04:47:11,3,True,routine
P000132,3,3,0,0,2026-01-13 23:47:01,2026-03-03 06:18:02,3,True,routine
P000133,3,1,1,0,2026-01-19 20:39:24,2026-03-06 16:02:21,4,True,routine
P000134,2,2,0,2,2026-02-23 03:49:56,2026-04-30 15:32:25,5,True,routine
P000135,3,1,1,0,2026-02-10 02:53:14,2026-04-21 08:00:25,4,True,new
P000136,5,3,2,0,2026-01-05 03:02:03,2026-04-15 16:19:30,4,True,routine
P000137,3,0,0,0,2026-01-13 17:39:20,2026-05-07 02:30:26,5,True,high_support_need
P000138,1,1,0,0,2026-04-29 20:32:09,2026-04-29 20:32:09,5,True,high_support_need
P000139,8,5,3,1,2026-01-09 05:24:53,2026-05-24 06:14:22,2,False,routine
P000140,5,3,0,0,2026-01-02 16:10:48,2026-05-29 14:51:43,3,False,new
P000141,2,1,1,0,2026-01-07 04:31:06,2026-01-19 12:44:34,4,True,routine
P000142,4,4,2,0,2026-03-17 06:05:08,2026-04-27 09:38:53,3,False,routine
P000143,2,0,0,0,2026-02-27 12:43:17,2026-03-26 02:29:27,5,True,routine
P000144,5,5,1,0,2026-01-05 08:49:37,2026-05-25 22:50:03,3,True,new
P000145,4,4,0,0,2026-01-01 09:53:55,2026-04-04 21:39:20,3,False,routine
P000146,4,2,1,0,2026-01-16 10:29:45,2026-03-30 13:46:33,4,True,high_support_need
P000147,9,6,6,0,2026-01-02 02:48:33,2026-04-25 22:56:46,2,False,high_support_need
P000148,1,1,0,0,2026-01-19 06:00:41,2026-01-19 06:00:41,4,True,routine
P000149,4,3,0,0,2026-01-29 10:32:48,2026-05-19 19:15:17,3,False,routine
P000150,4,4,1,0,2026-01-10 17:54:33,2026-05-22 08:19:04,3,False,routine
P000151,6,5,3,1,2026-03-16 15:31:59,2026-05-31 19:25:21,1,False,routine
P000152,1,1,0,0,2026-04-24 05:54:54,2026-04-24 05:54:54,3,True,new
P000153,4,3,2,0,2026-01-17 18:22:45,2026-03-25 20:01:24,3,False,routine
P000154,3,3,1,0,2026-03-15 02:36:01,2026-04-27 10:03:32,4,True,high_support_need
P000155,2,0,1,0,2026-02-22 12:19:36,2026-03-09 04:16:06,5,True,routine
P000156,4,3,3,0,2026-01-08 07:17:30,2026-01-25 15:42:33,2,False,new
P000157,3,3,0,0,2026-03-28 22:05:01,2026-05-28 15:50:41,4,False,routine
P000158,2,2,0,0,2026-03-30 13:08:32,2026-05-04 09:39:03,4,True,new
P000159,1,0,0,0,2026-02-28 19:11:58,2026-02-28 19:11:58,5,True,routine
P000160,2,1,0,0,2026-03-20 14:51:11,2026-04-19 22:27:43,4,True,high_support_need
P000161,3,2,1,0,2026-04-14 11:47:30,2026-05-08 06:13:11,3,True,routine
P000162,3,0,0,0,2026-01-26 23:10:27,2026-03-20 02:31:29,5,True,routine
P000163,5,3,3,0,2026-03-07 11:41:08,2026-05-28 03:53:14,3,False,routine
P000164,5,3,2,1,2026-02-02 12:06:51,2026-04-20 10:01:41,3,True,routine
P000165,8,7,3,0,2026-01-19 20:54:40,2026-05-17 00:02:10,2,False,routine
P000166,3,2,0,0,2026-01-11 07:27:02,2026-03-09 14:23:20,3,True,high_support_need
P000167,5,3,2,0,2026-02-21 08:11:49,2026-05-03 11:28:02,3,True,routine
P000168,1,0,0,0,2026-04-05 17:07:08,2026-04-05 17:07:08,4,True,high_support_need
P000169,3,2,0,0,2026-01-30 05:45:59,2026-04-18 21:16:43,4,True,routine
P000170,2,1,0,0,2026-01-06 08:35:35,2026-04-06 10:35:10,3,True,routine
P000171,1,1,0,0,2026-02-26 19:46:14,2026-02-26 19:46:14,4,False,routine
P000172,5,3,2,0,2026-02-10 23:15:42,2026-04-15 05:04:45,4,True,routine
P000173,3,2,1,0,2026-02-16 14:22:14,2026-05-22 13:18:50,3,True,routine
P000174,6,4,1,0,2026-02-13 06:31:32,2026-05-22 09:21:40,3,False,routine
P000175,3,2,0,0,2026-01-07 20:46:09,2026-03-01 02:58:13,3,False,routine
P000176,6,3,2,0,2026-02-10 21:46:22,2026-05-21 20:33:09,3,True,routine
P000177,2,1,0,0,2026-01-07 13:53:35,2026-03-03 08:02:34,5,True,high_support_need
P000178,5,3,2,0,2026-02-14 09:55:55,2026-05-19 13:58:15,2,True,new
P000179,7,3,3,1,2026-01-10 23:36:52,2026-05-21 10:21:02,4,True,routine
P000180,2,1,0,0,2026-03-13 18:14:21,2026-05-04 14:26:32,4,False,routine
P000181,4,3,1,0,2026-02-25 00:27:03,2026-04-24 23:35:16,3,True,routine
P000182,9,7,5,0,2026-01-18 10:07:03,2026-05-26 03:57:55,1,False,new
P000183,7,6,3,0,2026-02-24 08:11:04,2026-05-25 11:13:56,2,False,routine
P000184,5,3,1,0,2026-01-03 23:15:10,2026-05-19 20:27:56,3,True,routine
P000185,2,2,0,0,2026-04-07 05:30:38,2026-05-25 04:49:12,4,True,routine
P000186,1,0,0,0,2026-05-04 17:10:49,2026-05-04 17:10:49,5,True,routine
P000187,4,1,1,0,2026-01-25 07:42:07,2026-05-10 16:16:38,3,False,routine
P000188,2,2,0,0,2026-02-13 16:39:03,2026-03-12 10:53:10,3,True,routine
P000189,4,2,1,0,2026-02-17 06:12:48,2026-05-23 22:27:04,4,True,routine
P000190,5,3,1,0,2026-01-23 15:54:08,2026-05-04 05:38:20,3,False,routine
P000191,2,1,0,0,2026-03-04 11:20:21,2026-05-31 01:12:13,5,True,routine
P000192,5,4,1,1,2026-01-15 13:49:20,2026-05-11 13:56:05,3,True,high_support_need
P000194,5,1,0,0,2026-01-15 14:52:52,2026-05-27 16:33:31,4,True,routine
P000195,3,2,0,0,2026-01-30 14:09:54,2026-05-18 05:11:31,5,True,routine
P000196,5,3,2,0,2026-02-21 09:15:27,2026-05-01 11:08:33,3,False,routine
P000197,5,1,1,0,2026-01-09 15:50:34,2026-05-28 07:48:28,4,True,routine
P000198,2,1,0,0,2026-04-30 17:21:26,2026-05-23 14:18:29,4,True,routine
P000199,5,2,1,0,2026-01-24 11:59:08,2026-05-11 06:42:56,4,False,high_support_need
P000200,3,1,2,0,2026-01-31 11:47:59,2026-02-04 18:13:43,3,True,routine
P000201,6,5,2,1,2026-01-04 17:09:46,2026-04-28 22:09:57,2,True,routine
P000202,6,5,2,1,2026-02-07 22:39:37,2026-05-27 03:27:50,2,False,routine
P000203,2,1,0,0,2026-01-13 07:10:53,2026-02-05 23:59:58,5,True,routine
P000204,2,0,0,0,2026-01-28 20:48:33,2026-02-25 08:23:56,4,True,routine
P000205,4,3,2,0,2026-01-02 11:31:00,2026-03-17 09:33:19,3,True,routine
P000206,3,2,0,1,2026-02-14 14:44:09,2026-05-07 03:00:43,3,True,new
P000207,4,4,2,0,2026-01-25 12:31:28,2026-04-20 21:04:43,4,False,routine
P000208,4,3,0,0,2026-01-31 18:57:02,2026-04-28 04:30:15,4,True,high_support_need
P000209,3,3,1,0,2026-01-20 17:42:51,2026-03-26 20:48:17,3,True,routine
P000210,5,4,3,1,2026-01-13 14:48:36,2026-03-18 09:46:28,3,False,new
P000211,2,1,0,0,2026-02-04 17:52:40,2026-05-11 18:28:37,4,True,high_support_need
P000212,3,1,0,0,2026-03-03 07:42:30,2026-05-29 00:56:09,4,True,new
P000213,5,4,2,0,2026-03-12 11:43:30,2026-05-06 19:10:41,3,True,routine
P000214,7,5,3,0,2026-01-06 11:13:58,2026-05-19 22:27:07,3,True,routine
P000215,4,2,1,0,2026-01-02 01:17:29,2026-04-19 19:14:32,2,True,routine
P000216,3,3,0,0,2026-01-15 18:39:49,2026-04-25 20:01:30,3,True,new
P000217,4,4,0,0,2026-01-27 03:03:41,2026-04-13 01:42:33,4,False,new
P000218,1,0,0,0,2026-05-27 21:41:10,2026-05-27 21:41:10,5,True,high_support_need
P000219,4,3,1,0,2026-02-15 07:52:32,2026-04-17 01:18:12,3,True,routine
P000220,4,2,0,0,2026-02-10 14:48:24,2026-05-29 22:31:50,3,True,routine
P000221,4,2,2,0,2026-02-07 12:03:56,2026-04-05 01:45:49,3,False,high_support_need
P000222,3,3,1,0,2026-03-13 11:35:39,2026-05-02 22:33:37,3,True,new
P000223,5,4,3,0,2026-01-05 07:03:19,2026-04-21 05:21:15,2,False,routine
P000224,3,3,0,0,2026-01-08 12:37:50,2026-02-23 08:07:54,3,True,new
P000225,8,5,3,0,2026-01-13 08:43:42,2026-05-25 14:39:12,1,False,routine
P000226,1,1,0,0,2026-03-28 14:22:35,2026-03-28 14:22:35,5,False,new
P000227,8,6,3,0,2026-01-16 01:44:58,2026-05-13 03:21:28,2,True,routine
P000228,7,3,3,1,2026-01-13 12:36:48,2026-05-03 17:19:22,2,False,routine
P000231,2,2,0,0,2026-02-18 16:44:57,2026-04-29 13:57:25,4,True,routine
P000232,6,4,2,0,2026-01-01 18:02:28,2026-05-14 07:33:14,3,True,new
P000233,4,4,0,0,2026-01-04 12:07:50,2026-05-22 18:43:10,2,True,new
P000234,5,4,2,0,2026-01-24 18:00:15,2026-05-04 20:09:28,3,True,new
P000235,6,4,1,0,2026-01-10 06:34:32,2026-05-28 13:59:06,2,True,routine
P000236,1,1,0,0,2026-03-26 11:50:48,2026-03-26 11:50:48,4,True,routine
P000237,5,5,1,0,2026-02-27 16:26:01,2026-05-31 08:47:34,3,True,routine
P000238,3,3,1,0,2026-03-15 21:07:35,2026-04-27 09:13:02,4,True,routine
P000239,5,2,1,0,2026-01-15 03:11:04,2026-05-09 06:52:08,4,True,routine
P000240,5,3,1,0,2026-01-01 10:21:53,2026-05-15 18:09:32,3,False,routine
P000241,4,3,2,0,2026-03-17 06:14:50,2026-05-23 17:42:47,3,False,high_support_need
P000242,2,2,0,0,2026-03-13 23:57:23,2026-05-24 17:17:22,3,True,high_support_need
P000243,4,3,0,1,2026-01-18 20:36:12,2026-04-07 07:21:15,4,True,high_support_need
P000244,7,4,3,0,2026-01-04 15:25:40,2026-05-07 22:21:36,2,False,high_support_need
P000245,4,3,1,1,2026-01-13 13:03:43,2026-05-21 15:00:55,4,True,routine
P000246,3,3,1,0,2026-03-27 14:00:11,2026-05-11 19:07:01,3,False,new
P000247,4,1,2,0,2026-04-13 17:48:06,2026-05-30 07:29:31,3,False,high_support_need
P000248,3,2,1,0,2026-01-27 00:55:16,2026-05-25 14:11:51,4,True,new
P000249,7,6,3,0,2026-01-15 13:59:35,2026-05-29 07:48:15,1,False,routine
P000250,3,1,0,0,2026-01-09 10:07:00,2026-04-13 23:44:37,4,True,routine
P000251,1,0,0,0,2026-01-11 05:08:23,2026-01-11 05:08:23,5,True,routine
P000253,4,4,1,1,2026-02-09 14:09:50,2026-04-23 12:28:38,4,True,new
P000254,5,3,3,1,2026-01-25 04:21:07,2026-05-24 04:33:48,3,True,routine
P000255,5,5,2,0,2026-02-06 02:48:35,2026-05-30 07:21:36,2,True,routine
P000256,3,1,0,0,2026-02-18 01:59:43,2026-05-10 06:53:22,4,True,routine
P000257,2,2,0,0,2026-01-10 06:10:07,2026-04-11 22:29:26,3,True,new
P000258,2,2,1,0,2026-04-07 01:29:52,2026-04-16 13:35:45,4,True,high_support_need
P000259,4,2,2,1,2026-04-04 17:08:31,2026-05-19 10:06:39,3,True,routine
P000260,6,5,3,0,2026-01-17 01:54:52,2026-04-02 04:35:03,2,True,routine
P000261,2,2,1,0,2026-02-02 03:29:28,2026-02-09 02:08:33,3,False,new
P000262,5,5,0,1,2026-01-23 00:12:20,2026-04-16 08:28:48,3,False,high_support_need
P000263,3,1,0,0,2026-02-09 17:37:04,2026-04-29 16:31:09,5,True,routine
P000264,4,3,1,1,2026-01-24 20:59:29,2026-04-08 12:35:27,3,False,routine
P000265,3,3,2,0,2026-01-24 17:52:05,2026-02-19 00:48:41,2,False,new
P000266,6,4,3,0,2026-02-15 16:03:05,2026-04-24 20:31:10,2,True,new
P000267,3,3,0,0,2026-02-12 00:27:51,2026-04-15 19:35:12,4,True,new
P000268,4,0,0,0,2026-01-08 00:15:21,2026-05-21 19:11:06,5,True,routine
P000269,5,3,1,0,2026-02-17 09:15:09,2026-05-09 22:25:25,3,False,high_support_need
P000270,1,0,0,0,2026-02-12 21:24:51,2026-02-12 21:24:51,5,True,routine
P000271,8,6,4,0,2026-01-03 06:52:25,2026-05-30 11:35:16,1,False,high_support_need
P000272,4,2,1,0,2026-01-01 17:34:46,2026-05-30 17:44:49,3,False,new
P000273,3,2,1,0,2026-02-14 15:55:32,2026-03-27 23:18:52,4,True,routine
P000274,6,4,3,0,2026-01-31 18:04:46,2026-05-14 14:18:04,2,False,routine
P000275,3,2,0,0,2026-02-05 03:03:15,2026-04-24 02:03:03,3,True,high_support_need
P000276,3,3,0,0,2026-01-16 09:01:52,2026-05-01 01:23:00,4,True,new
P000277,5,3,0,0,2026-01-06 01:03:19,2026-04-21 03:05:59,4,True,routine
P000278,4,3,1,0,2026-02-17 09:14:29,2026-05-07 15:26:18,3,True,routine
P000279,5,3,1,1,2026-01-10 00:18:57,2026-05-03 18:20:17,4,True,routine
P000280,6,5,3,1,2026-01-27 02:32:19,2026-05-26 14:35:00,2,True,routine
P000281,4,3,0,0,2026-01-13 18:25:35,2026-05-08 03:10:05,4,True,high_support_need
P000282,6,6,1,0,2026-01-28 18:37:30,2026-05-31 13:15:17,2,False,routine
P000283,4,2,1,0,2026-01-26 04:35:55,2026-04-26 19:17:53,3,False,routine
P000284,3,2,1,0,2026-02-23 03:52:02,2026-04-23 05:29:08,4,True,routine
P000285,5,4,1,0,2026-01-04 19:55:40,2026-03-13 19:23:35,3,True,routine
P000286,3,3,0,0,2026-02-28 11:58:36,2026-05-22 19:51:01,4,True,new
P000287,4,4,1,0,2026-02-10 13:26:09,2026-04-30 22:31:35,3,True,routine
P000288,5,4,2,0,2026-03-05 20:07:23,2026-05-18 06:11:00,2,False,routine
P000289,5,3,2,0,2026-03-21 07:43:40,2026-05-25 06:52:14,3,True,new
P000291,5,1,2,0,2026-02-09 23:20:27,2026-04-11 12:14:36,4,True,routine
P000292,1,0,0,0,2026-01-04 00:22:40,2026-01-04 00:22:40,4,True,routine
P000293,8,5,4,0,2026-01-31 09:55:12,2026-05-03 21:03:09,2,False,high_support_need
P000294,1,1,0,0,2026-02-07 10:15:04,2026-02-07 10:15:04,4,True,routine
P000295,7,4,4,1,2026-01-13 22:39:01,2026-05-31 17:58:55,2,False,routine
P000296,7,5,2,0,2026-01-04 18:59:45,2026-05-30 03:36:14,2,False,high_support_need
P000297,2,2,0,0,2026-02-03 04:34:54,2026-02-21 18:51:37,4,True,new
P000298,4,3,1,2,2026-02-02 06:51:10,2026-03-27 19:30:34,3,True,routine
P000299,2,1,1,0,2026-02-25 16:14:31,2026-03-10 12:28:11,4,True,new
P000300,4,3,1,0,2026-02-05 09:02:51,2026-05-12 16:40:30,2,True,new
P000301,7,5,5,0,2026-02-06 22:50:05,2026-04-18 05:23:58,2,False,high_support_need
P000302,5,3,1,1,2026-01-03 03:11:21,2026-05-05 04:03:56,4,False,routine
P000303,2,2,0,0,2026-01-09 23:47:53,2026-01-30 05:43:47,3,True,routine
P000304,6,5,2,0,2026-01-12 07:56:38,2026-05-03 07:11:29,2,True,routine
P000305,5,3,1,0,2026-01-19 00:45:39,2026-04-25 04:20:53,3,True,new
P000306,4,3,1,0,2026-02-09 21:26:54,2026-05-17 00:48:35,3,True,new
P000307,3,2,0,2,2026-01-20 21:15:52,2026-05-19 10:33:23,3,True,high_support_need
P000308,1,1,0,0,2026-01-10 13:27:27,2026-01-10 13:27:27,5,True,routine
P000309,4,4,3,0,2026-03-17 01:17:02,2026-04-08 18:32:24,2,False,routine
P000310,5,5,3,0,2026-01-04 20:09:25,2026-04-03 11:05:01,2,False,routine
P000311,3,2,2,0,2026-03-14 04:41:58,2026-04-05 04:58:57,3,True,routine
P000312,4,3,0,0,2026-01-14 02:42:17,2026-05-23 21:47:23,4,False,routine
P000313,5,4,3,0,2026-01-09 16:30:55,2026-03-20 03:34:33,1,True,high_support_need
P000314,4,3,1,0,2026-03-21 23:00:21,2026-05-24 07:58:40,3,True,routine
P000315,5,5,2,0,2026-01-06 00:02:32,2026-04-14 09:57:11,3,True,routine
P000316,1,1,0,1,2026-03-31 15:33:01,2026-03-31 15:33:01,5,True,routine
P000317,4,1,0,0,2026-01-04 10:38:45,2026-05-13 13:23:45,4,True,high_support_need
P000318,4,1,1,0,2026-01-20 12:04:23,2026-03-21 09:27:06,4,True,routine
P000319,4,2,0,0,2026-01-14 21:24:07,2026-05-25 06:37:35,4,True,routine
P000320,4,4,1,0,2026-03-10 21:58:44,2026-05-16 11:38:40,2,True,routine
P000321,3,2,0,1,2026-03-26 12:16:48,2026-05-12 17:57:03,4,True,routine
P000322,5,2,2,0,2026-01-15 10:03:48,2026-03-31 11:02:08,3,True,routine
P000323,2,1,1,0,2026-05-06 02:21:34,2026-05-21 02:10:48,5,True,routine
P000324,7,2,2,0,2026-02-05 14:17:01,2026-05-09 14:15:10,4,True,routine
P000325,3,3,1,0,2026-04-28 00:09:57,2026-05-28 23:40:13,4,False,routine
P000326,9,7,5,2,2026-02-16 13:48:49,2026-05-31 06:54:08,3,False,new
P000327,7,5,4,0,2026-01-23 16:23:45,2026-03-29 22:05:20,2,True,new
P000328,3,2,0,0,2026-01-21 21:19:33,2026-04-21 00:16:28,4,True,routine
P000329,3,2,1,0,2026-01-13 06:49:40,2026-03-20 21:44:34,3,True,routine
P000330,2,1,0,0,2026-02-04 06:01:32,2026-03-22 06:53:51,5,True,routine
P000331,2,2,1,0,2026-05-23 12:35:51,2026-05-31 20:24:21,3,False,routine
P000332,2,2,0,0,2026-01-13 23:18:11,2026-03-19 23:06:24,4,True,new
P000333,6,6,3,0,2026-02-02 23:24:32,2026-05-31 04:08:49,3,False,routine
P000334,1,1,0,0,2026-01-11 22:39:49,2026-01-11 22:39:49,5,False,routine
P000335,2,1,0,0,2026-01-25 21:58:44,2026-02-19 01:35:52,4,True,routine
P000336,4,3,1,0,2026-01-04 12:27:55,2026-03-07 18:11:12,3,True,new
P000337,4,2,1,0,2026-01-24 01:24:16,2026-03-15 18:49:16,4,True,routine
P000338,4,2,1,0,2026-01-06 06:31:48,2026-04-28 13:38:36,4,True,new
P000339,3,3,1,1,2026-02-06 04:42:05,2026-04-10 11:55:27,3,False,routine
P000340,3,2,0,1,2026-01-07 11:16:21,2026-05-24 00:11:17,4,True,routine
P000341,1,1,0,0,2026-02-13 22:40:20,2026-02-13 22:40:20,5,False,routine
P000342,8,6,5,0,2026-02-07 02:00:42,2026-05-15 13:34:20,1,False,high_support_need
P000343,4,4,0,0,2026-01-09 11:59:46,2026-05-20 15:46:56,3,True,routine
P000345,4,4,1,1,2026-01-25 23:42:30,2026-05-30 06:49:41,4,False,routine
P000346,6,6,2,0,2026-02-21 04:15:46,2026-05-28 07:20:49,2,False,routine
P000347,3,3,1,0,2026-01-01 11:10:26,2026-04-09 06:40:42,4,True,routine
P000348,5,2,2,0,2026-02-04 11:16:50,2026-05-05 21:55:43,3,False,routine
P000349,5,1,2,0,2026-01-09 05:02:08,2026-05-26 09:35:37,4,True,new
P000350,4,2,1,0,2026-02-09 19:25:22,2026-05-03 20:48:33,4,True,new
P000351,3,2,1,0,2026-01-04 14:30:14,2026-03-13 08:58:28,4,True,high_support_need
P000352,5,4,2,0,2026-01-11 08:01:36,2026-04-27 07:25:23,4,False,routine
P000353,8,7,5,0,2026-01-22 18:39:48,2026-05-10 03:57:45,2,True,routine
P000354,1,1,0,0,2026-01-24 01:00:58,2026-01-24 01:00:58,3,True,high_support_need
P000355,8,6,3,0,2026-01-02 02:41:40,2026-05-14 09:32:39,1,True,new
P000357,3,2,1,0,2026-02-23 22:56:16,2026-05-23 23:33:52,3,True,routine
P000358,3,2,1,0,2026-01-08 21:20:40,2026-03-20 13:22:34,2,True,routine
P000359,2,0,0,0,2026-02-08 07:30:03,2026-05-13 00:51:27,4,True,high_support_need
P000360,1,1,0,0,2026-04-19 10:46:08,2026-04-19 10:46:08,5,True,new
P000361,3,1,0,0,2026-02-06 20:36:25,2026-04-03 01:02:48,4,True,routine
P000362,1,1,0,0,2026-03-05 18:49:45,2026-03-05 18:49:45,5,False,routine
P000363,5,2,3,0,2026-02-12 14:32:00,2026-05-19 21:21:19,3,True,routine
P000364,2,0,0,0,2026-01-13 14:50:20,2026-04-08 17:45:01,5,True,routine
P000365,5,3,1,0,2026-01-26 02:34:10,2026-05-23 00:29:47,3,False,routine
P000366,5,5,1,0,2026-01-26 06:34:18,2026-05-30 12:54:56,3,False,routine
P000367,6,5,3,0,2026-01-10 11:06:43,2026-05-15 06:31:36,2,False,routine
P000368,5,3,1,0,2026-01-28 09:34:05,2026-05-29 15:27:41,4,False,routine
P000369,4,3,0,0,2026-01-18 00:31:15,2026-05-20 21:38:02,4,True,routine
P000370,6,2,2,1,2026-01-04 05:42:44,2026-05-10 07:44:39,4,True,routine
P000371,3,2,0,0,2026-03-19 18:57:18,2026-05-23 06:17:14,5,True,routine
P000372,1,1,0,0,2026-05-15 16:36:04,2026-05-15 16:36:04,4,True,new
P000373,4,3,1,0,2026-01-21 00:25:26,2026-04-05 01:05:09,4,True,new
P000374,9,6,5,1,2026-01-18 09:00:40,2026-05-23 23:31:20,2,False,routine
P000375,2,2,0,0,2026-04-15 19:32:33,2026-05-05 12:10:58,4,True,routine
P000376,4,3,1,0,2026-01-12 11:10:14,2026-03-16 01:27:16,3,True,routine
P000377,7,5,4,0,2026-01-01 02:12:41,2026-05-22 14:59:22,2,True,routine
P000378,2,2,0,1,2026-01-03 22:13:06,2026-05-31 16:47:08,5,True,routine
P000379,1,1,0,0,2026-01-09 13:27:34,2026-01-09 13:27:34,5,True,routine
P000380,2,1,0,0,2026-03-29 07:25:02,2026-04-27 23:02:25,4,True,high_support_need
P000382,5,4,1,0,2026-01-23 20:59:39,2026-05-25 19:10:24,3,False,routine
P000383,3,3,1,0,2026-03-10 03:55:38,2026-04-24 13:31:02,3,True,routine
P000384,2,2,0,0,2026-01-01 09:22:19,2026-04-17 09:56:06,4,True,routine
P000385,3,1,1,0,2026-04-18 04:28:06,2026-05-13 01:22:46,4,True,high_support_need
P000386,4,3,2,1,2026-01-30 15:27:58,2026-04-11 04:22:54,3,True,new
P000387,2,1,0,0,2026-01-19 02:47:52,2026-04-03 15:39:24,4,True,high_support_need
P000388,2,1,0,0,2026-03-14 12:16:57,2026-04-24 14:44:15,5,False,routine
P000389,2,1,0,0,2026-03-25 08:46:25,2026-05-19 08:27:59,4,True,high_support_need
P000390,4,2,1,0,2026-03-24 12:06:00,2026-05-27 07:31:16,3,True,routine
P000391,5,3,2,0,2026-02-26 05:15:42,2026-05-13 18:06:54,3,True,routine
P000392,3,2,1,0,2026-03-12 20:41:29,2026-04-21 03:27:03,4,True,routine
P000393,4,4,1,0,2026-03-15 12:23:23,2026-05-10 18:20:38,3,False,routine
P000394,7,5,4,1,2026-02-18 05:26:07,2026-05-21 23:43:01,3,False,routine
P000396,1,1,0,0,2026-04-18 07:56:46,2026-04-18 07:56:46,3,True,routine
P000397,5,3,3,0,2026-02-10 00:43:05,2026-04-06 09:05:15,2,True,routine
P000398,3,2,0,0,2026-01-20 22:22:12,2026-03-09 05:58:09,4,True,routine
P000399,7,2,3,0,2026-01-17 14:28:23,2026-04-25 05:17:32,3,True,high_support_need
P000400,4,2,2,0,2026-01-16 01:16:40,2026-04-06 09:39:59,3,True,new
P000401,3,3,0,0,2026-02-22 07:53:06,2026-05-08 15:00:10,4,True,routine
P000402,4,2,0,0,2026-01-06 16:23:54,2026-05-06 04:09:50,4,True,high_support_need
P000403,3,3,1,0,2026-03-10 05:23:27,2026-05-22 05:07:29,3,True,routine
P000404,5,5,1,0,2026-01-10 08:36:49,2026-04-13 22:24:23,2,True,routine
P000405,4,3,1,0,2026-01-02 00:37:42,2026-04-12 21:22:43,3,False,new
P000406,1,1,0,0,2026-02-14 04:37:35,2026-02-14 04:37:35,4,True,new
P000407,5,4,2,0,2026-03-18 17:11:58,2026-05-21 11:51:10,2,True,routine
P000408,3,1,0,0,2026-01-08 10:18:55,2026-03-09 03:33:24,4,True,routine
P000409,3,3,1,0,2026-03-19 16:16:03,2026-05-28 01:11:37,3,False,high_support_need
P000410,3,2,0,0,2026-01-12 01:59:07,2026-05-14 00:32:44,4,True,routine
P000411,2,0,1,0,2026-02-23 05:27:01,2026-02-26 18:35:35,5,True,routine
P000412,3,2,1,0,2026-01-30 14:12:04,2026-03-14 16:31:40,3,True,routine
P000413,7,3,3,0,2026-02-10 22:28:24,2026-05-17 05:13:42,3,False,routine
P000414,4,4,2,0,2026-01-27 09:56:38,2026-05-29 22:14:53,2,True,new
P000415,3,3,0,0,2026-01-07 03:08:07,2026-03-07 12:53:06,4,False,routine
P000416,3,2,2,0,2026-04-27 04:11:51,2026-05-10 21:57:25,3,False,routine
P000417,8,5,6,0,2026-03-18 21:03:41,2026-05-20 22:45:45,2,False,routine
P000418,5,3,1,0,2026-01-10 22:58:46,2026-05-26 11:05:45,3,True,routine
P000419,5,4,3,0,2026-02-28 03:17:44,2026-05-06 13:53:01,2,False,routine
P000420,2,0,0,0,2026-01-14 17:14:51,2026-04-25 06:40:56,4,True,routine
P000421,3,2,1,0,2026-02-01 10:18:20,2026-05-23 02:40:37,4,True,routine
P000422,1,0,0,0,2026-05-12 07:19:25,2026-05-12 07:19:25,4,True,routine
P000423,6,3,2,0,2026-01-18 13:29:50,2026-05-14 11:32:59,3,False,routine
P000424,5,3,1,0,2026-01-28 07:42:21,2026-05-02 15:42:53,3,True,routine
P000425,5,4,2,0,2026-03-18 22:18:41,2026-05-11 07:06:36,3,True,high_support_need
P000426,2,1,0,0,2026-02-26 02:56:42,2026-03-18 00:09:32,4,True,new
P000427,6,5,2,0,2026-02-07 11:27:42,2026-05-30 07:31:42,3,True,routine
P000428,6,4,2,0,2026-01-20 04:57:10,2026-05-05 00:37:00,2,False,routine
P000429,4,3,0,1,2026-01-11 04:40:55,2026-05-29 01:37:54,3,True,routine
P000430,7,2,4,0,2026-01-08 22:31:43,2026-05-29 21:16:18,3,False,routine
P000431,7,5,3,0,2026-01-18 10:57:39,2026-04-11 09:43:40,2,True,high_support_need
P000432,7,7,2,0,2026-01-11 19:44:05,2026-05-07 04:21:02,2,False,routine
P000433,3,2,0,0,2026-03-16 11:57:23,2026-05-11 06:28:14,4,True,high_support_need
P000434,6,3,3,0,2026-01-28 07:54:53,2026-05-23 08:03:19,3,False,routine
P000435,5,3,1,0,2026-01-01 22:23:18,2026-05-17 16:40:32,4,True,high_support_need
P000436,6,2,2,0,2026-01-09 19:13:41,2026-05-07 06:06:17,3,True,routine
P000437,6,5,2,0,2026-01-08 16:36:13,2026-05-14 23:33:56,3,True,routine
P000438,5,4,2,0,2026-01-10 10:14:58,2026-03-14 17:46:39,3,True,new
P000439,7,4,5,0,2026-02-04 20:02:05,2026-05-23 02:37:30,3,True,routine
P000440,3,2,0,0,2026-01-25 09:58:15,2026-03-13 13:23:56,3,True,high_support_need
P000441,4,3,0,0,2026-01-16 13:12:55,2026-04-11 06:44:28,4,True,routine
P000442,2,2,1,0,2026-01-25 06:06:12,2026-02-02 21:44:06,5,True,routine
P000443,4,3,1,0,2026-01-22 04:06:15,2026-05-30 10:09:42,3,False,routine
P000444,3,2,1,0,2026-02-10 22:05:54,2026-04-09 08:23:54,4,True,routine
P000445,5,2,2,0,2026-01-10 12:06:31,2026-05-02 09:30:02,4,True,routine
P000446,1,0,0,0,2026-04-01 08:46:38,2026-04-01 08:46:38,5,True,routine
P000447,2,2,0,0,2026-01-12 22:15:16,2026-05-26 23:14:04,4,True,high_support_need
P000448,5,4,3,0,2026-01-13 07:09:43,2026-03-12 15:01:23,3,True,routine
P000449,5,3,0,0,2026-01-04 14:11:56,2026-05-31 01:50:57,3,True,new
P000450,3,3,1,0,2026-01-01 18:12:57,2026-03-27 05:21:42,2,True,high_support_need
P000451,2,2,0,0,2026-04-17 04:00:49,2026-05-14 02:01:46,3,True,routine
P000452,4,2,2,0,2026-01-01 21:58:01,2026-05-17 20:45:34,3,True,high_support_need
P000453,8,4,4,0,2026-02-03 12:28:29,2026-05-30 21:47:37,1,True,routine
P000454,2,1,0,0,2026-04-17 19:02:33,2026-05-28 22:20:34,5,True,routine
P000455,3,2,0,0,2026-01-23 20:05:10,2026-05-07 09:06:05,4,True,routine
P000456,7,5,3,0,2026-02-09 19:59:53,2026-05-16 07:47:49,2,False,routine
P000457,3,2,1,0,2026-01-18 10:36:01,2026-03-10 13:03:53,5,True,new
P000458,6,5,3,1,2026-01-28 10:33:37,2026-05-18 10:23:01,2,False,routine
P000459,2,2,0,0,2026-02-23 00:02:19,2026-04-22 20:40:17,4,True,routine
P000460,4,3,1,0,2026-02-16 10:08:51,2026-05-06 05:28:20,3,True,new
P000461,4,3,1,0,2026-03-07 10:39:02,2026-05-29 06:30:54,3,True,routine
P000462,4,2,1,0,2026-02-16 21:32:53,2026-05-18 00:32:44,4,True,new
P000463,5,2,1,0,2026-01-04 12:38:32,2026-04-25 16:40:12,3,True,routine
P000464,3,2,1,0,2026-02-21 17:36:38,2026-05-15 18:41:30,4,True,new
P000465,4,3,2,0,2026-04-01 15:52:28,2026-05-16 16:42:19,3,False,routine
P000466,2,0,0,0,2026-01-01 06:37:56,2026-01-27 22:08:10,5,True,routine
P000467,2,2,1,0,2026-01-06 01:48:33,2026-01-09 08:08:39,4,False,routine
P000468,4,2,0,0,2026-01-04 06:20:02,2026-04-20 05:33:27,5,True,new
P000469,5,1,1,0,2026-01-19 22:57:52,2026-05-02 20:31:46,4,True,routine
P000470,7,7,1,0,2026-01-18 10:08:41,2026-05-30 20:51:34,2,True,new
P000471,3,1,0,0,2026-01-11 21:22:50,2026-05-29 02:54:05,4,False,routine
P000472,3,1,1,0,2026-01-29 20:38:19,2026-05-05 20:00:07,4,True,routine
P000473,7,6,4,0,2026-01-02 07:49:46,2026-05-03 06:22:50,3,False,new
P000474,6,4,4,0,2026-01-17 16:58:43,2026-02-26 03:47:33,2,True,routine
P000475,8,5,4,0,2026-01-16 02:21:01,2026-05-07 14:55:42,2,True,routine
P000476,1,0,0,0,2026-03-23 02:09:39,2026-03-23 02:09:39,5,False,routine
P000477,5,4,1,0,2026-01-25 18:59:41,2026-05-10 17:40:13,3,True,routine
P000478,6,4,3,0,2026-02-18 00:45:46,2026-04-22 02:27:36,3,True,routine
P000479,5,3,1,0,2026-01-09 10:59:55,2026-04-20 23:30:21,3,True,routine
P000480,3,3,0,0,2026-01-16 02:13:47,2026-05-12 01:29:00,4,True,high_support_need
P000481,4,2,0,0,2026-01-29 05:11:29,2026-05-11 01:15:52,4,True,new
P000482,5,4,1,1,2026-02-07 15:19:40,2026-04-23 02:29:31,3,True,new
P000483,4,2,0,0,2026-01-25 03:30:18,2026-04-28 16:32:15,5,True,routine
P000484,2,2,0,0,2026-02-19 22:34:55,2026-04-03 21:02:33,4,True,routine
P000485,7,7,5,0,2026-02-11 13:17:30,2026-04-13 03:11:59,3,False,new
P000486,6,4,0,1,2026-01-02 09:56:06,2026-05-16 10:50:23,3,True,routine
P000487,4,2,2,1,2026-03-04 07:03:59,2026-04-04 11:00:55,2,True,routine
P000488,4,2,0,0,2026-02-12 10:40:24,2026-05-24 03:46:38,4,True,routine
P000489,6,4,2,0,2026-01-17 02:26:29,2026-04-11 18:02:24,3,True,routine
P000490,2,0,1,0,2026-03-24 07:49:47,2026-04-04 23:44:30,4,True,new
P000491,11,7,6,2,2026-01-11 19:59:07,2026-04-28 13:58:37,2,False,routine
P000492,1,1,0,0,2026-01-06 02:16:40,2026-01-06 02:16:40,3,True,routine
P000493,3,1,0,0,2026-01-18 07:57:54,2026-03-31 12:34:54,3,True,routine
P000494,3,3,0,0,2026-01-14 09:28:57,2026-05-01 07:04:20,4,False,routine
P000495,4,3,1,0,2026-01-04 05:35:53,2026-04-08 16:38:19,4,False,routine
P000496,4,3,1,0,2026-03-03 00:15:26,2026-05-11 14:09:05,4,True,routine
P000497,4,3,1,0,2026-02-16 07:07:57,2026-05-03 05:58:01,3,True,routine
P000498,2,0,0,0,2026-04-12 00:52:46,2026-05-21 09:41:32,5,True,routine
P000499,3,2,0,0,2026-01-16 10:13:15,2026-05-31 13:39:23,4,False,routine
P000500,5,4,1,1,2026-01-13 10:04:07,2026-05-30 07:13:25,3,False,high_support_need
P000501,6,3,4,0,2026-03-01 18:31:57,2026-05-20 18:50:11,2,True,routine
P000502,5,3,0,0,2026-01-23 20:09:54,2026-05-10 20:12:56,3,True,new
P000503,5,3,1,0,2026-01-21 09:29:46,2026-05-19 16:30:53,4,False,routine
P000504,2,2,0,0,2026-01-20 02:23:21,2026-03-25 15:52:43,3,True,routine
P000505,4,3,0,0,2026-01-19 01:31:43,2026-05-19 18:32:10,4,True,routine
P000506,10,7,6,0,2026-01-02 14:52:33,2026-05-01 23:36:05,1,True,routine
P000507,3,2,0,0,2026-01-16 13:26:40,2026-05-26 10:23:51,5,False,routine
P000508,4,1,2,0,2026-03-28 03:50:01,2026-04-27 06:58:31,3,False,routine
P000509,7,3,2,0,2026-01-09 08:13:23,2026-05-21 14:27:47,3,False,routine
P000510,3,1,1,0,2026-01-07 02:27:21,2026-05-01 15:30:01,4,True,routine
P000511,4,3,2,0,2026-03-11 14:30:27,2026-04-16 07:07:53,3,True,routine
P000512,2,0,1,0,2026-02-26 12:39:50,2026-03-08 00:12:54,4,True,routine
P000513,3,3,0,0,2026-02-03 18:49:48,2026-05-30 19:31:12,5,True,new
P000514,3,3,0,0,2026-01-06 17:27:44,2026-05-15 14:38:19,4,True,new
P000515,8,5,3,0,2026-01-03 03:19:23,2026-05-23 16:49:42,2,False,routine
P000516,4,1,1,0,2026-02-24 07:44:50,2026-04-27 20:13:35,5,True,routine
P000517,5,3,3,1,2026-01-06 05:33:48,2026-05-17 08:59:54,2,True,routine
P000518,3,3,0,0,2026-03-07 20:54:06,2026-05-29 20:29:46,3,True,routine
P000519,2,1,1,0,2026-01-30 01:49:28,2026-01-31 14:05:21,4,True,new
P000520,2,1,0,0,2026-02-01 22:34:05,2026-04-14 02:10:02,4,True,routine
P000521,3,3,1,0,2026-02-21 06:54:59,2026-04-25 12:39:01,2,True,high_support_need
P000522,5,3,3,0,2026-01-12 08:19:41,2026-03-31 21:28:19,2,True,routine
P000523,3,2,0,0,2026-02-04 11:05:13,2026-05-31 05:08:41,3,True,routine
P000524,6,5,0,0,2026-01-01 00:43:53,2026-05-26 21:33:43,3,True,new
P000525,3,1,1,0,2026-01-18 12:38:41,2026-03-27 03:39:21,4,True,routine
P000526,4,4,0,0,2026-01-13 19:06:44,2026-05-28 08:04:11,3,False,routine
P000527,5,3,1,0,2026-01-06 05:35:39,2026-05-30 01:16:02,4,True,high_support_need
P000528,3,2,1,0,2026-02-28 03:56:19,2026-03-24 23:25:30,5,True,routine
P000529,6,5,2,1,2026-01-07 18:04:00,2026-04-14 22:04:45,2,True,new
P000530,3,2,1,0,2026-01-31 04:40:52,2026-03-28 22:58:25,3,True,routine
P000531,1,0,0,0,2026-02-03 03:34:39,2026-02-03 03:34:39,4,True,high_support_need
P000532,3,1,1,0,2026-03-24 13:13:51,2026-05-14 16:14:32,4,True,routine
P000533,2,2,0,0,2026-01-04 09:25:12,2026-05-23 04:35:14,4,True,routine
P000534,5,4,2,0,2026-01-18 19:22:46,2026-03-29 18:28:21,3,False,high_support_need
P000535,5,1,3,0,2026-01-18 16:28:42,2026-04-23 23:22:59,4,True,routine
P000536,7,4,2,0,2026-01-06 14:44:18,2026-05-31 05:23:27,2,False,routine
P000537,6,4,3,0,2026-02-18 12:16:35,2026-05-25 19:09:42,2,True,routine
P000538,4,4,1,0,2026-02-17 19:05:37,2026-05-05 03:38:27,3,True,new
P000539,4,1,1,0,2026-01-22 14:11:45,2026-04-30 06:19:20,4,True,routine
P000540,5,2,2,0,2026-01-14 12:55:06,2026-04-13 17:09:01,3,True,high_support_need
P000541,2,2,0,0,2026-02-08 15:25:54,2026-05-21 16:23:01,4,True,routine
P000542,4,3,0,0,2026-01-11 08:41:42,2026-05-19 22:12:03,3,True,high_support_need
P000543,7,5,5,0,2026-02-12 02:16:54,2026-05-10 23:56:39,2,False,routine
P000544,2,1,0,0,2026-02-22 11:34:03,2026-03-19 02:11:16,5,True,routine
P000545,6,4,2,0,2026-01-12 22:09:11,2026-05-20 21:04:19,5,True,routine
P000546,1,1,0,0,2026-01-10 00:30:43,2026-01-10 00:30:43,5,True,routine
P000547,4,1,1,0,2026-03-09 11:51:13,2026-05-23 19:02:38,4,True,routine
P000548,4,2,2,0,2026-02-05 12:04:46,2026-05-20 08:47:02,3,True,new
P000549,3,3,0,0,2026-02-15 14:44:05,2026-05-20 10:28:34,4,False,new
P000550,6,3,3,0,2026-02-02 10:46:22,2026-05-19 20:32:47,3,True,routine
P000551,6,5,2,0,2026-01-28 02:31:16,2026-04-24 10:59:25,3,False,high_support_need
P000552,3,0,1,0,2026-04-04 14:43:45,2026-05-27 21:34:19,4,True,routine
P000553,1,1,0,0,2026-05-15 21:18:59,2026-05-15 21:18:59,5,False,routine
P000554,9,7,5,0,2026-02-10 13:04:10,2026-05-17 21:19:35,2,False,high_support_need
P000555,4,3,1,1,2026-02-15 04:24:55,2026-05-08 18:31:52,4,True,routine
P000556,8,5,2,0,2026-01-07 04:14:42,2026-05-27 23:18:53,2,True,routine
P000558,11,9,8,1,2026-01-05 16:34:25,2026-05-27 18:34:48,2,False,new
P000559,4,4,0,0,2026-01-06 20:45:38,2026-05-13 11:53:06,3,True,new
P000560,5,4,0,0,2026-01-03 05:06:19,2026-05-25 06:24:38,3,True,routine
P000561,4,3,1,0,2026-02-25 15:08:24,2026-05-21 00:18:48,4,False,routine
P000562,4,3,1,0,2026-02-07 15:32:23,2026-04-26 04:18:16,5,True,routine
P000563,3,2,1,0,2026-03-21 11:52:34,2026-04-14 10:11:49,4,True,new
P000564,2,1,0,0,2026-01-11 10:13:10,2026-04-16 03:37:14,5,True,new
P000565,2,1,0,0,2026-01-06 14:36:57,2026-02-26 12:24:38,4,True,routine
P000566,4,2,1,0,2026-01-01 16:14:21,2026-02-27 07:38:36,3,True,routine
P000567,2,2,0,0,2026-01-28 22:30:46,2026-03-14 06:26:50,5,True,high_support_need
P000568,1,1,0,0,2026-01-03 13:49:41,2026-01-03 13:49:41,4,True,routine
P000569,4,4,2,1,2026-01-06 05:52:33,2026-02-20 22:32:02,3,False,routine
P000570,5,2,1,0,2026-01-07 01:12:16,2026-03-14 16:48:22,4,False,routine
P000571,2,1,0,0,2026-01-19 18:31:07,2026-05-29 07:49:03,4,True,routine
P000572,5,2,1,0,2026-01-23 18:25:52,2026-05-23 20:17:41,4,True,routine
P000573,6,4,1,2,2026-01-04 20:27:20,2026-05-18 18:55:46,2,False,routine
P000574,7,6,3,0,2026-01-01 19:54:33,2026-05-21 20:17:56,1,False,routine
P000575,7,4,3,0,2026-02-16 04:43:44,2026-05-31 23:21:59,1,False,new
P000576,5,3,0,0,2026-01-05 03:45:09,2026-05-23 12:26:55,3,False,routine
P000577,4,3,2,0,2026-01-12 18:44:41,2026-05-28 08:23:25,2,True,routine
P000578,2,1,0,0,2026-01-11 04:27:27,2026-03-22 19:01:14,5,True,routine
P000579,6,5,3,1,2026-01-16 14:35:59,2026-05-09 12:31:21,1,False,new
P000580,2,0,0,0,2026-02-06 16:27:42,2026-05-13 11:01:32,4,True,new
P000581,1,1,0,0,2026-03-24 12:19:51,2026-03-24 12:19:51,4,True,routine
P000582,3,1,1,0,2026-01-07 03:39:52,2026-02-12 01:29:21,4,True,routine
P000583,5,4,2,0,2026-01-08 12:34:16,2026-03-13 18:36:15,3,True,new
P000584,3,1,0,0,2026-02-04 07:43:32,2026-04-29 16:31:51,4,True,new
P000585,4,3,1,0,2026-02-08 07:12:33,2026-05-27 20:40:23,4,True,routine
P000586,5,3,0,0,2026-01-02 14:34:13,2026-05-15 00:27:00,3,True,routine
P000587,4,4,1,0,2026-01-10 03:46:28,2026-04-22 22:54:56,2,True,routine
P000588,2,1,0,0,2026-02-24 16:59:38,2026-05-24 13:20:35,5,True,routine
P000589,4,4,0,0,2026-01-04 16:58:15,2026-04-19 03:19:56,1,True,routine
P000590,5,5,1,0,2026-01-07 22:06:07,2026-05-19 08:27:17,2,True,routine
P000591,6,4,3,1,2026-01-18 23:26:31,2026-05-25 00:08:42,3,True,new
P000592,4,4,0,0,2026-01-22 15:13:04,2026-05-14 00:05:39,3,False,routine
P000593,8,5,4,1,2026-01-09 02:24:33,2026-05-05 09:05:33,1,False,new
P000594,3,2,0,1,2026-01-25 00:47:40,2026-05-12 08:46:18,5,False,routine
P000595,3,3,1,0,2026-03-08 07:31:20,2026-04-08 06:01:17,4,True,routine
P000596,6,3,2,0,2026-01-31 20:07:34,2026-05-25 05:09:45,3,False,routine
P000597,7,4,3,1,2026-01-06 03:25:14,2026-05-15 11:29:22,3,False,new
P000598,4,1,1,0,2026-02-16 21:04:25,2026-05-08 03:26:48,4,True,new
P000599,2,2,1,0,2026-02-06 07:40:06,2026-02-06 11:33:50,4,True,routine
P000600,6,4,2,1,2026-01-19 14:57:04,2026-05-27 05:42:23,2,True,new
P000601,2,1,0,0,2026-01-06 07:35:50,2026-02-13 22:17:50,5,True,routine
P000602,3,2,0,0,2026-02-15 12:01:21,2026-05-06 22:53:40,4,True,high_support_need
P000603,2,1,0,0,2026-02-10 18:13:03,2026-04-09 23:16:28,5,True,routine
P000604,5,3,1,0,2026-01-08 21:38:33,2026-05-05 23:15:15,3,True,routine
P000605,3,3,0,0,2026-01-03 17:34:39,2026-02-27 01:01:30,4,True,routine
P000606,5,4,2,0,2026-01-12 03:11:55,2026-05-05 05:21:51,3,True,routine
P000607,8,6,4,0,2026-01-09 15:04:19,2026-05-18 03:00:10,1,True,routine
P000608,3,1,1,0,2026-01-01 19:22:57,2026-05-07 00:21:06,4,True,new
P000609,4,4,2,0,2026-01-29 17:54:08,2026-05-30 05:29:52,2,False,new
P000610,4,3,1,0,2026-01-20 05:19:02,2026-04-24 19:53:18,4,True,routine
P000611,3,2,0,0,2026-01-04 11:53:19,2026-05-10 16:16:29,2,True,routine
P000612,4,3,0,0,2026-02-20 17:46:00,2026-05-24 10:26:09,4,True,routine
P000613,7,7,5,0,2026-03-09 00:41:31,2026-05-12 18:34:34,1,True,routine
P000614,2,2,1,0,2026-02-28 19:50:46,2026-03-04 15:46:34,4,True,routine
P000615,2,1,0,0,2026-01-21 15:39:06,2026-05-14 21:16:23,4,True,routine
P000616,6,4,2,1,2026-01-01 02:53:37,2026-05-18 21:01:30,3,True,routine
P000617,7,2,2,0,2026-01-05 00:48:53,2026-05-27 14:38:23,3,False,new
P000618,3,3,0,0,2026-01-07 05:41:18,2026-05-23 09:42:51,4,False,routine
P000619,4,3,1,0,2026-01-04 07:22:41,2026-03-19 01:44:30,4,True,routine
P000620,4,2,1,0,2026-01-27 12:21:35,2026-04-27 11:27:25,3,True,routine
P000621,6,5,2,0,2026-01-10 22:36:50,2026-05-09 22:12:40,3,True,high_support_need
P000622,1,1,0,0,2026-01-20 22:35:06,2026-01-20 22:35:06,4,True,high_support_need
P000623,4,2,2,0,2026-01-04 13:08:53,2026-05-05 12:55:45,3,True,routine
P000624,3,2,0,0,2026-01-26 02:33:44,2026-03-24 03:39:45,4,True,high_support_need
P000625,2,2,0,0,2026-01-05 23:58:37,2026-04-02 02:02:55,3,True,high_support_need
P000626,3,3,1,0,2026-02-24 03:33:59,2026-05-06 22:15:03,3,True,routine
P000627,6,4,3,0,2026-01-05 03:49:43,2026-05-06 19:07:50,2,True,routine
P000628,3,2,1,0,2026-03-15 03:34:58,2026-05-25 05:23:49,4,False,routine
P000629,2,2,0,0,2026-01-26 21:01:01,2026-03-17 00:40:14,4,True,routine
P000630,5,3,1,0,2026-01-05 07:17:51,2026-04-23 16:49:38,4,True,high_support_need
P000631,4,3,2,1,2026-02-02 01:18:10,2026-05-17 07:51:44,3,True,new
P000632,2,1,0,0,2026-01-04 11:27:41,2026-03-28 08:29:59,5,True,routine
P000633,2,1,1,0,2026-04-27 19:08:15,2026-05-04 17:22:58,4,True,routine
P000634,3,2,1,1,2026-03-15 01:45:45,2026-04-09 23:26:12,5,True,routine
P000635,3,1,1,0,2026-02-14 03:32:01,2026-05-17 21:37:07,4,False,routine
P000636,4,3,1,0,2026-01-25 01:17:21,2026-05-02 15:30:42,4,False,new
P000637,4,3,1,0,2026-02-13 05:04:16,2026-05-18 02:32:43,4,False,routine
P000638,4,4,1,0,2026-01-06 00:58:55,2026-05-23 14:37:26,4,True,new
P000639,3,3,1,0,2026-03-06 11:10:33,2026-05-11 01:02:09,3,True,new
P000640,4,3,2,0,2026-03-05 08:31:39,2026-04-20 17:09:21,2,False,routine
P000641,4,3,2,0,2026-02-21 18:40:58,2026-04-06 09:24:33,2,False,high_support_need
P000642,5,4,3,0,2026-02-07 04:39:32,2026-04-13 12:54:34,3,False,high_support_need
P000643,7,5,3,0,2026-01-03 11:59:07,2026-05-25 01:22:48,3,False,new
P000644,2,1,1,0,2026-01-12 08:10:26,2026-01-27 03:43:52,4,True,high_support_need
P000645,5,4,2,1,2026-03-05 07:46:19,2026-05-28 03:03:43,2,True,new
P000646,5,4,2,1,2026-01-18 01:37:13,2026-05-19 03:03:38,3,True,routine
P000647,8,6,5,0,2026-01-03 08:10:19,2026-05-17 15:33:53,1,False,routine
P000648,4,3,0,0,2026-02-14 01:29:26,2026-05-10 07:43:14,4,True,new
P000649,5,5,2,0,2026-02-21 04:56:11,2026-05-03 23:06:02,1,True,new
P000650,1,0,0,0,2026-01-02 12:56:29,2026-01-02 12:56:29,4,True,routine
P000651,2,2,0,0,2026-01-04 11:59:15,2026-03-06 13:28:13,4,True,routine
P000652,4,2,1,0,2026-01-16 20:30:35,2026-05-17 11:28:17,3,True,routine
P000653,2,1,0,0,2026-03-12 16:23:18,2026-05-08 03:48:06,3,True,routine
P000654,1,1,0,0,2026-01-16 20:33:45,2026-01-16 20:33:45,4,True,new
P000655,3,2,0,0,2026-04-02 10:49:38,2026-05-26 23:42:18,3,True,new
P000656,2,2,0,0,2026-01-25 17:14:23,2026-04-10 06:59:38,4,True,routine
P000657,7,6,2,0,2026-01-04 19:14:15,2026-05-25 12:10:17,1,True,routine
P000658,6,1,3,0,2026-01-13 11:28:25,2026-03-31 23:49:24,3,True,routine
P000659,4,1,2,0,2026-03-01 18:58:01,2026-05-18 14:35:43,4,True,routine
P000660,5,4,0,0,2026-01-23 18:02:36,2026-05-17 18:21:59,3,True,routine
P000661,3,2,1,0,2026-01-28 10:14:13,2026-05-03 16:28:45,3,True,routine
P000662,3,2,1,0,2026-01-31 22:30:06,2026-05-10 14:31:00,4,True,new
P000663,2,1,1,0,2026-05-01 19:00:36,2026-05-04 05:44:29,3,True,routine
P000664,4,3,1,0,2026-03-14 05:12:23,2026-05-15 03:35:02,2,True,routine
P000665,7,5,2,0,2026-01-02 02:10:44,2026-05-19 07:03:13,3,True,routine
P000667,6,6,3,0,2026-01-17 16:02:53,2026-05-31 11:00:17,2,False,high_support_need
P000668,3,3,0,0,2026-01-28 12:52:18,2026-05-21 10:47:34,3,False,new
P000669,5,3,1,0,2026-02-14 08:05:41,2026-05-14 18:34:32,4,True,routine
P000670,1,1,0,0,2026-04-16 02:28:44,2026-04-16 02:28:44,4,True,routine
P000671,6,5,1,0,2026-01-08 21:40:05,2026-05-28 08:03:30,3,True,routine
P000672,7,6,3,0,2026-01-18 12:15:35,2026-05-11 18:17:06,2,False,high_support_need
P000673,2,1,1,0,2026-01-23 11:12:28,2026-01-26 06:50:31,4,True,routine
P000674,2,2,0,0,2026-01-12 13:15:40,2026-03-04 17:25:50,4,True,routine
P000675,2,2,0,0,2026-02-18 06:13:15,2026-03-10 06:28:45,4,True,routine
P000676,7,3,4,0,2026-01-03 23:22:39,2026-04-27 15:47:52,2,False,routine
P000677,2,1,1,0,2026-04-14 02:59:24,2026-04-16 11:17:24,4,True,routine
P000678,6,4,1,0,2026-01-11 15:51:05,2026-05-20 22:40:14,3,True,routine
P000679,4,2,0,0,2026-02-11 12:57:20,2026-05-18 02:08:17,4,True,new
P000680,3,3,1,0,2026-02-15 09:56:01,2026-03-27 18:50:18,3,True,high_support_need
P000681,4,2,3,0,2026-03-04 04:35:35,2026-03-13 06:11:19,2,False,routine
P000682,5,2,1,0,2026-01-05 05:07:00,2026-05-28 19:13:17,3,True,routine
P000683,3,2,1,0,2026-02-08 11:28:37,2026-04-22 09:19:25,4,True,high_support_need
P000684,5,4,2,0,2026-02-08 10:47:30,2026-04-30 22:34:00,2,True,routine
P000685,2,1,0,0,2026-01-01 09:29:38,2026-04-09 05:55:41,3,True,routine
P000687,2,1,0,0,2026-04-29 23:43:02,2026-05-31 02:48:21,3,True,routine
P000688,5,5,2,0,2026-01-25 20:59:59,2026-04-24 19:14:26,3,True,routine
P000689,5,5,1,0,2026-01-12 02:30:40,2026-05-12 21:13:08,3,True,routine
P000690,4,3,2,0,2026-02-05 19:14:36,2026-05-15 00:41:21,3,True,routine
P000691,3,1,0,0,2026-03-07 14:00:20,2026-05-01 05:01:13,4,True,high_support_need
P000692,2,2,1,0,2026-02-11 02:46:54,2026-02-14 02:46:48,4,True,routine
P000693,4,3,0,1,2026-01-01 04:37:37,2026-04-27 07:44:21,4,True,routine
P000694,5,3,4,0,2026-02-24 23:37:51,2026-04-08 02:52:55,2,True,routine
P000695,4,2,1,0,2026-01-21 13:44:54,2026-05-19 07:51:12,5,False,new
P000696,5,3,2,0,2026-02-01 19:43:08,2026-05-11 09:33:00,3,True,new
P000697,3,3,1,0,2026-02-24 08:24:22,2026-03-28 04:22:03,3,True,routine
P000698,2,1,0,0,2026-02-08 23:52:35,2026-04-01 19:59:43,5,True,routine
P000699,6,5,2,0,2026-01-29 21:45:16,2026-04-20 19:40:40,2,False,routine
P000701,9,6,4,2,2026-01-06 01:09:10,2026-04-26 23:38:04,1,False,new
P000702,4,3,0,0,2026-01-25 16:00:26,2026-05-19 03:04:28,3,True,new
P000703,1,0,0,0,2026-05-02 19:41:39,2026-05-02 19:41:39,5,True,high_support_need
P000704,4,0,0,0,2026-01-06 15:33:57,2026-04-20 01:35:01,5,True,routine
P000705,2,1,1,0,2026-03-08 09:00:00,2026-03-22 01:11:59,5,True,routine
P000706,1,1,0,0,2026-03-07 16:38:46,2026-03-07 16:38:46,5,True,routine
P000707,4,2,1,0,2026-01-03 06:25:19,2026-05-16 03:35:28,5,True,high_support_need
P000708,5,2,2,0,2026-01-08 10:12:30,2026-05-08 08:04:34,3,False,routine
P000709,6,4,1,0,2026-01-02 11:58:01,2026-04-26 18:01:48,2,True,new
P000710,4,4,1,0,2026-01-18 17:26:08,2026-03-13 11:31:16,3,True,routine
P000711,6,4,4,0,2026-01-03 11:42:00,2026-04-12 13:43:58,3,False,high_support_need
P000712,4,1,1,0,2026-02-11 12:17:10,2026-05-14 10:29:24,4,True,routine
P000713,7,4,3,0,2026-01-15 12:21:57,2026-05-11 04:59:55,3,False,routine
P000714,6,3,2,1,2026-01-21 06:58:43,2026-05-17 23:25:46,2,False,routine
P000715,4,4,1,0,2026-01-11 12:11:22,2026-04-06 21:47:09,3,True,routine
P000716,3,2,0,0,2026-03-11 08:49:57,2026-05-20 01:53:53,4,True,routine
P000717,2,1,1,0,2026-01-06 23:36:15,2026-01-16 16:29:36,4,True,routine
P000718,3,3,1,0,2026-01-03 11:01:32,2026-03-04 15:46:42,3,True,routine
P000719,5,4,1,0,2026-01-20 01:03:12,2026-05-23 15:21:59,4,True,high_support_need
P000720,8,8,4,1,2026-01-27 05:14:00,2026-05-15 13:31:50,2,False,new
P000721,2,2,0,0,2026-01-30 04:30:11,2026-02-19 17:31:47,4,True,high_support_need
P000722,4,2,2,0,2026-01-25 12:26:17,2026-04-20 20:19:09,3,False,new
P000723,4,2,1,0,2026-01-01 06:37:45,2026-03-22 22:04:16,4,False,routine
P000724,7,5,3,0,2026-01-25 01:36:23,2026-05-26 13:15:41,3,False,routine
P000725,7,3,3,0,2026-01-08 11:17:20,2026-04-23 20:53:27,3,True,routine
P000726,5,4,1,0,2026-02-17 23:43:07,2026-05-25 05:32:24,3,True,routine
P000727,1,0,0,0,2026-03-08 23:50:45,2026-03-08 23:50:45,5,True,high_support_need
P000728,1,1,0,0,2026-01-14 20:36:47,2026-01-14 20:36:47,4,True,new
P000729,6,5,3,0,2026-01-30 16:26:27,2026-03-22 04:34:44,2,False,new
P000730,6,4,4,0,2026-02-02 03:46:59,2026-05-01 09:01:21,2,True,routine
P000731,1,0,0,0,2026-04-03 02:51:25,2026-04-03 02:51:25,5,True,new
P000732,3,2,1,0,2026-01-03 20:26:53,2026-02-16 07:26:00,4,False,high_support_need
P000733,5,4,1,0,2026-01-15 01:36:39,2026-05-01 17:46:52,4,False,routine
P000734,5,4,2,0,2026-01-01 21:32:16,2026-05-07 19:13:05,4,True,routine
P000735,7,3,4,0,2026-01-23 06:28:59,2026-05-11 04:22:25,2,True,routine
P000736,3,2,1,0,2026-03-21 10:41:42,2026-05-17 01:46:13,3,True,routine
P000737,2,1,0,1,2026-01-30 00:19:32,2026-05-18 18:02:25,4,True,routine
P000738,1,1,0,0,2026-05-19 05:43:43,2026-05-19 05:43:43,4,True,routine
P000739,4,2,1,0,2026-01-27 04:51:18,2026-05-22 21:44:05,3,False,new
P000740,5,2,1,0,2026-02-15 04:08:54,2026-05-30 12:03:08,4,True,routine
P000741,3,1,1,0,2026-02-16 16:44:57,2026-03-14 04:32:49,4,True,new
P000742,3,3,0,1,2026-01-10 09:52:41,2026-04-25 09:31:02,5,False,routine
P000743,10,8,7,0,2026-01-19 15:57:53,2026-04-13 22:49:38,1,True,new
P000744,3,2,0,0,2026-03-25 20:45:58,2026-05-17 12:23:11,3,True,routine
P000745,5,3,1,0,2026-02-06 09:47:24,2026-05-21 16:42:15,4,True,routine
P000746,1,0,0,0,2026-03-14 06:18:47,2026-03-14 06:18:47,5,True,routine
P000747,4,3,1,1,2026-02-02 13:27:34,2026-04-13 18:13:13,3,True,routine
P000748,2,1,0,0,2026-01-10 08:19:07,2026-02-21 23:37:27,4,True,new
P000749,5,2,3,0,2026-01-11 04:00:44,2026-04-13 23:27:45,3,False,routine
P000750,5,3,1,1,2026-01-08 18:51:39,2026-05-11 13:59:28,4,True,routine
P000751,1,1,0,0,2026-02-25 06:55:10,2026-02-25 06:55:10,4,True,new
P000752,3,2,0,0,2026-01-06 09:39:11,2026-03-14 22:54:48,3,True,routine
P000753,4,3,2,0,2026-01-17 05:04:00,2026-05-23 08:58:27,4,True,routine
P000754,3,3,1,0,2026-01-06 14:36:15,2026-05-22 06:54:55,4,True,routine
P000755,2,2,1,0,2026-04-11 04:04:11,2026-04-18 02:54:25,2,False,routine
P000756,3,1,1,0,2026-01-20 22:38:15,2026-02-23 13:09:08,5,True,routine
P000757,7,7,4,1,2026-02-04 17:05:59,2026-05-18 03:59:47,1,False,high_support_need
P000758,4,3,1,0,2026-01-09 21:15:57,2026-04-11 22:30:39,4,True,routine
P000759,3,3,0,0,2026-01-22 17:55:48,2026-05-03 01:35:39,4,True,routine
P000760,7,2,3,0,2026-02-12 18:11:32,2026-05-16 09:45:07,3,False,routine
P000761,1,1,0,0,2026-03-04 05:45:33,2026-03-04 05:45:33,5,True,routine
P000762,5,4,1,0,2026-01-14 00:18:47,2026-05-25 10:37:53,2,True,routine
P000763,1,1,0,0,2026-04-01 14:53:36,2026-04-01 14:53:36,4,True,routine
P000764,8,4,3,0,2026-01-08 12:46:54,2026-05-27 00:13:45,2,True,routine
P000765,2,1,1,0,2026-04-21 02:29:28,2026-04-28 05:26:05,4,True,routine
P000766,4,2,1,0,2026-01-23 06:49:10,2026-05-08 05:39:40,4,False,new
P000767,3,1,1,0,2026-02-03 12:14:34,2026-04-30 01:37:31,4,True,new
P000768,1,0,0,0,2026-01-17 18:16:00,2026-01-17 18:16:00,4,True,routine
P000769,3,3,0,1,2026-01-17 08:35:44,2026-04-06 01:31:35,4,True,routine
P000770,1,0,0,0,2026-02-05 22:23:50,2026-02-05 22:23:50,5,True,routine
P000771,3,1,0,0,2026-01-11 13:04:05,2026-04-25 02:55:04,5,True,routine
P000772,8,6,5,0,2026-01-02 18:51:20,2026-05-12 20:55:01,2,False,routine
P000773,4,1,1,0,2026-01-14 18:22:00,2026-05-08 22:36:04,4,True,high_support_need
P000774,5,2,2,0,2026-01-16 09:23:57,2026-04-19 19:13:49,4,False,new
P000776,4,4,1,0,2026-01-26 09:48:31,2026-05-02 14:19:37,3,False,routine
P000777,3,3,2,0,2026-04-02 00:25:10,2026-04-11 05:13:00,3,True,high_support_need
P000778,1,0,0,0,2026-02-21 02:37:58,2026-02-21 02:37:58,4,True,routine
P000779,5,5,2,0,2026-01-11 18:13:11,2026-05-10 22:57:20,2,True,new
P000780,8,4,3,0,2026-01-06 03:42:42,2026-05-27 07:23:54,1,True,routine
P000781,6,2,2,0,2026-01-12 18:40:39,2026-05-21 06:08:50,3,True,new
P000782,3,2,1,0,2026-02-05 08:47:51,2026-03-07 03:34:04,4,True,new
P000783,3,1,0,0,2026-01-22 23:17:01,2026-04-15 23:28:00,4,True,new
P000784,6,5,2,1,2026-01-04 06:59:39,2026-05-30 04:39:37,2,False,routine
P000785,6,4,2,0,2026-01-11 20:21:43,2026-04-20 04:56:44,3,False,routine
P000786,4,3,2,0,2026-01-15 15:00:29,2026-04-16 03:40:18,4,True,routine
P000787,2,2,0,0,2026-05-09 18:15:16,2026-05-30 00:56:15,4,True,new
P000788,5,3,2,0,2026-02-17 22:14:17,2026-05-21 19:41:05,3,False,new
P000789,4,2,0,0,2026-01-31 12:05:21,2026-05-18 13:54:25,3,True,new
P000790,4,3,2,0,2026-01-02 02:52:21,2026-03-22 21:14:27,3,False,high_support_need
P000791,2,1,0,0,2026-04-07 03:56:22,2026-05-28 02:54:45,5,True,routine
P000792,4,3,2,0,2026-01-02 14:30:49,2026-03-23 21:21:44,3,True,routine
P000793,2,1,0,0,2026-03-05 09:40:30,2026-03-24 05:17:18,3,False,routine
P000794,2,2,0,1,2026-03-31 09:33:09,2026-05-16 20:05:24,5,True,new
P000795,4,3,0,0,2026-01-20 04:43:55,2026-05-29 11:40:55,4,True,routine
P000796,6,3,0,1,2026-01-19 02:59:17,2026-05-28 18:21:09,4,True,new
P000797,6,5,2,1,2026-01-16 18:00:35,2026-05-31 00:52:12,2,True,routine
P000798,5,3,1,0,2026-01-11 06:16:03,2026-05-29 08:17:30,3,True,routine
P000800,3,3,0,0,2026-01-20 12:35:48,2026-05-21 19:45:37,3,False,new
P000801,9,7,3,0,2026-01-10 16:21:45,2026-05-26 03:04:12,1,False,routine
P000802,6,5,2,0,2026-01-26 07:27:53,2026-05-30 23:20:27,2,True,routine
P000803,7,5,3,0,2026-01-06 16:12:38,2026-05-30 18:48:57,2,False,new
P000804,4,3,2,0,2026-02-24 00:45:13,2026-05-15 05:40:08,4,False,routine
P000805,1,0,0,0,2026-03-04 13:01:34,2026-03-04 13:01:34,4,True,routine
P000806,3,3,0,0,2026-01-20 13:51:06,2026-05-10 08:29:46,3,True,new
P000807,1,1,0,1,2026-01-13 05:52:45,2026-01-13 05:52:45,5,True,new
P000808,2,1,0,0,2026-01-29 10:25:19,2026-05-19 10:34:53,4,True,high_support_need
P000809,5,4,2,0,2026-01-19 11:13:46,2026-04-25 13:03:10,3,True,new
P000810,4,3,0,0,2026-01-09 20:09:49,2026-05-25 03:28:09,3,True,high_support_need
P000811,5,3,1,0,2026-01-11 10:31:11,2026-04-27 13:50:15,4,False,routine
P000812,4,4,1,0,2026-01-06 17:16:17,2026-03-14 04:41:41,2,True,new
P000813,2,1,0,0,2026-03-12 19:47:14,2026-05-24 02:40:17,4,False,high_support_need
P000814,3,1,0,0,2026-01-04 11:35:46,2026-04-22 19:45:49,5,True,new
P000815,2,0,0,0,2026-01-21 03:19:54,2026-05-07 11:44:51,5,True,new
P000816,5,2,3,0,2026-03-19 12:19:49,2026-05-16 13:16:33,3,True,routine
P000817,8,6,3,0,2026-01-04 06:24:58,2026-04-22 06:33:39,2,True,high_support_need
P000818,5,3,2,0,2026-01-13 10:46:29,2026-05-09 20:39:14,2,True,new
P000819,5,5,0,0,2026-01-22 01:39:21,2026-05-26 21:56:14,3,True,routine
P000820,5,3,2,0,2026-02-18 20:08:47,2026-05-19 00:20:09,4,False,new
P000821,8,5,4,0,2026-01-16 03:26:12,2026-05-21 15:57:31,1,True,routine
P000822,2,0,0,0,2026-04-08 12:22:04,2026-05-31 13:01:35,4,True,high_support_need
P000823,3,2,1,0,2026-01-03 14:52:11,2026-04-05 11:29:39,3,True,routine
P000824,9,7,6,0,2026-02-03 07:30:41,2026-05-28 00:14:33,2,True,routine
P000825,5,5,1,0,2026-01-24 22:04:03,2026-05-07 10:38:16,3,True,routine
P000826,1,1,0,0,2026-02-19 00:35:13,2026-02-19 00:35:13,4,True,routine
P000827,3,1,0,0,2026-02-05 02:21:42,2026-05-02 20:10:45,4,True,routine
P000828,4,3,0,0,2026-01-06 16:50:11,2026-04-08 09:19:34,2,True,routine
P000829,5,4,1,0,2026-02-23 21:59:00,2026-05-27 08:26:07,2,False,routine
P000830,5,4,0,0,2026-02-20 14:54:02,2026-05-06 07:14:40,2,True,high_support_need
P000831,2,1,0,0,2026-05-01 05:03:44,2026-05-23 11:10:30,5,True,routine
P000832,3,2,1,0,2026-01-05 11:03:07,2026-05-25 04:01:59,4,True,routine
P000833,2,0,0,0,2026-02-09 01:05:18,2026-04-30 18:47:30,4,True,routine
P000834,5,4,1,0,2026-01-21 11:19:11,2026-05-13 13:41:03,3,True,new
P000835,7,5,5,0,2026-01-08 17:09:32,2026-04-11 02:25:38,2,False,routine
P000836,4,2,0,0,2026-01-13 17:05:52,2026-05-24 18:45:05,5,True,routine
P000837,5,2,1,0,2026-02-10 01:00:37,2026-05-03 16:16:58,3,True,routine
P000838,4,3,1,0,2026-01-14 00:07:30,2026-04-29 14:52:56,4,True,routine
P000839,10,7,6,0,2026-01-03 06:47:04,2026-05-25 18:13:51,2,False,routine
P000840,1,1,0,0,2026-02-28 06:20:16,2026-02-28 06:20:16,5,True,new
P000841,2,2,0,0,2026-01-16 21:21:13,2026-03-12 13:01:14,4,False,routine
P000842,5,5,2,1,2026-03-03 15:57:34,2026-05-18 18:59:22,2,True,high_support_need
P000843,7,6,3,0,2026-01-11 05:23:54,2026-05-02 05:42:24,2,False,routine
P000844,4,3,2,0,2026-03-27 14:53:21,2026-05-12 23:53:26,3,True,high_support_need
P000845,8,6,4,0,2026-01-08 07:19:38,2026-05-18 08:38:17,3,False,routine
P000846,2,2,0,0,2026-04-25 02:23:43,2026-05-16 16:22:47,4,True,routine
P000847,2,2,0,0,2026-01-08 23:04:52,2026-05-17 20:10:03,3,True,routine
P000848,4,2,1,0,2026-02-27 01:43:49,2026-05-14 02:45:39,4,True,routine
P000849,5,3,1,0,2026-01-25 22:33:57,2026-04-23 22:34:21,3,True,routine
P000850,2,0,0,0,2026-03-22 04:09:36,2026-05-16 19:22:58,5,True,new
P000851,3,3,0,0,2026-01-01 18:48:06,2026-05-11 03:14:46,4,True,high_support_need
P000852,5,5,2,0,2026-02-04 10:09:18,2026-05-11 11:41:46,2,True,new
P000853,4,1,1,0,2026-01-11 18:09:31,2026-05-16 14:28:12,4,True,new
P000855,3,2,0,0,2026-04-11 12:40:40,2026-05-29 18:30:43,4,True,new
P000856,9,7,5,0,2026-01-28 08:30:03,2026-05-24 14:25:15,1,False,routine
P000857,8,6,2,0,2026-01-05 23:09:40,2026-05-15 10:32:10,2,True,routine
P000858,2,2,1,0,2026-02-19 11:09:56,2026-03-05 13:53:29,4,False,high_support_need
P000859,6,4,2,0,2026-01-10 10:08:55,2026-05-24 09:29:47,3,False,routine
P000860,3,2,1,0,2026-04-25 05:51:43,2026-05-20 16:58:34,4,True,new
P000861,6,5,4,0,2026-02-15 20:23:57,2026-04-24 01:43:25,2,True,routine
P000862,5,3,2,0,2026-01-21 01:41:43,2026-05-21 12:51:48,3,False,routine
P000863,3,2,0,0,2026-01-08 19:20:47,2026-04-03 20:02:48,4,True,routine
P000864,4,3,0,0,2026-01-08 08:40:13,2026-04-01 02:52:36,3,True,new
P000865,5,3,3,0,2026-03-15 22:21:47,2026-04-28 20:46:00,3,True,new
P000866,7,5,2,0,2026-01-14 08:18:19,2026-05-30 17:53:48,3,False,routine
P000867,3,2,0,0,2026-02-25 04:49:32,2026-05-31 19:51:23,4,True,routine
P000868,6,5,1,0,2026-01-03 19:44:35,2026-04-24 06:47:24,3,False,routine
P000869,4,1,1,0,2026-02-23 20:15:06,2026-04-29 15:36:33,4,False,new
P000870,6,2,3,0,2026-01-25 01:20:49,2026-04-04 16:11:17,3,True,routine
P000871,8,4,5,1,2026-02-04 00:45:46,2026-05-21 08:52:18,2,False,routine
P000872,7,4,4,0,2026-01-31 20:00:02,2026-04-25 10:56:30,3,True,routine
P000873,4,3,1,0,2026-01-15 02:45:46,2026-05-26 08:54:23,3,True,routine
P000874,4,2,0,0,2026-01-14 21:15:24,2026-05-12 16:33:58,5,True,routine
P000875,3,2,1,0,2026-02-02 07:08:16,2026-05-31 17:20:54,4,True,routine
P000876,7,6,3,2,2026-02-18 11:24:39,2026-05-16 19:31:23,2,True,high_support_need
P000877,2,2,1,0,2026-02-01 23:09:54,2026-02-05 22:32:33,3,True,routine
P000878,6,4,2,0,2026-01-30 22:14:20,2026-04-29 19:32:54,3,False,routine
P000879,6,5,2,0,2026-01-09 20:53:28,2026-05-21 23:11:10,3,False,new
P000880,3,1,0,0,2026-02-01 23:22:19,2026-04-09 13:37:55,5,True,new
P000881,3,1,0,0,2026-02-10 03:09:04,2026-05-16 09:02:41,4,True,high_support_need
P000882,2,0,0,0,2026-02-03 18:07:29,2026-02-22 10:34:00,5,True,routine
P000884,2,2,0,0,2026-03-07 23:09:30,2026-05-04 16:01:38,3,True,high_support_need
P000885,4,0,1,0,2026-03-03 20:46:46,2026-05-17 15:59:04,5,True,high_support_need
P000886,7,2,3,0,2026-01-11 12:04:46,2026-04-24 01:44:51,3,True,routine
P000887,5,3,0,0,2026-02-03 16:49:22,2026-05-08 06:35:58,3,True,high_support_need
P000888,7,5,3,0,2026-02-12 03:04:52,2026-05-18 12:39:02,2,True,routine
P000889,3,1,0,0,2026-03-04 14:51:18,2026-05-05 14:06:58,5,True,new
P000890,6,5,3,0,2026-02-07 00:05:58,2026-05-20 21:49:50,3,False,new
P000891,5,3,1,0,2026-01-21 23:21:39,2026-05-29 14:01:57,4,False,new
P000892,4,2,1,0,2026-01-17 14:36:51,2026-05-24 09:29:12,4,False,routine
P000893,2,1,1,0,2026-04-22 01:02:01,2026-05-02 09:35:07,4,True,new
P000894,5,5,2,1,2026-01-17 16:15:24,2026-04-08 11:43:07,3,True,routine
P000895,3,2,0,0,2026-01-01 23:25:55,2026-03-23 23:33:28,3,True,routine
P000896,6,4,2,0,2026-01-01 15:21:31,2026-05-25 23:54:35,2,True,routine
P000897,3,2,0,0,2026-01-26 18:44:42,2026-04-24 11:59:19,4,True,routine
P000898,8,6,3,0,2026-01-01 00:00:35,2026-05-24 12:20:50,2,True,routine
P000899,4,2,1,0,2026-04-06 20:11:49,2026-05-30 14:06:24,4,True,new
P000900,7,6,4,0,2026-02-03 20:40:59,2026-04-14 11:55:46,1,False,routine
P000901,3,2,0,0,2026-01-19 05:01:08,2026-03-13 14:52:13,4,True,routine
P000903,4,1,0,0,2026-01-03 00:10:57,2026-05-30 09:34:39,4,True,new
P000904,7,6,3,0,2026-01-01 19:28:55,2026-05-28 03:46:00,2,True,routine
P000905,2,2,0,0,2026-04-16 19:19:11,2026-05-16 16:05:48,4,False,routine
P000906,5,5,2,1,2026-02-01 23:00:39,2026-04-14 09:10:04,4,False,new
P000907,2,1,0,0,2026-01-11 07:11:29,2026-05-26 10:54:17,5,True,routine
P000908,4,3,2,0,2026-02-23 00:47:36,2026-04-02 07:40:23,3,True,routine
P000909,2,2,0,0,2026-04-07 20:56:12,2026-05-01 23:57:13,4,True,new
P000910,5,3,2,0,2026-01-07 11:26:00,2026-05-23 23:40:22,3,False,routine
P000911,3,2,1,0,2026-02-27 09:26:12,2026-05-11 23:00:13,3,False,routine
P000912,7,6,4,1,2026-01-19 00:17:04,2026-05-01 02:39:18,2,False,new
P000913,4,2,1,0,2026-01-12 07:20:09,2026-05-08 04:17:46,3,False,routine
P000914,4,4,1,0,2026-01-08 19:34:48,2026-05-29 15:11:51,2,True,new
P000915,2,2,0,0,2026-02-11 06:52:43,2026-05-16 13:54:04,4,True,high_support_need
P000916,3,2,1,0,2026-01-03 09:50:35,2026-02-21 21:54:14,3,False,new
P000917,5,2,2,0,2026-03-12 08:52:30,2026-05-31 18:24:57,4,False,high_support_need
P000918,3,2,1,0,2026-03-13 13:27:43,2026-04-29 09:21:48,3,True,new
P000919,5,4,2,0,2026-01-02 06:56:41,2026-04-24 08:03:08,4,True,new
P000920,6,6,3,0,2026-01-15 00:27:25,2026-05-14 09:56:22,1,False,routine
P000921,3,2,0,0,2026-02-07 21:10:14,2026-04-27 02:07:29,5,False,routine
P000923,1,1,0,0,2026-02-27 12:16:27,2026-02-27 12:16:27,4,True,routine
P000924,5,3,0,0,2026-01-16 01:41:17,2026-05-18 15:54:23,3,True,routine
P000925,1,0,0,0,2026-05-28 08:16:17,2026-05-28 08:16:17,5,True,routine
P000926,3,2,1,1,2026-01-24 17:48:32,2026-04-10 00:19:19,4,True,routine
P000927,6,2,3,0,2026-01-11 23:05:15,2026-04-26 21:05:09,3,True,routine
P000928,4,3,0,0,2026-01-15 20:31:52,2026-05-04 06:11:35,3,True,routine
P000929,5,4,1,0,2026-02-10 14:51:04,2026-05-18 21:51:34,2,True,high_support_need
P000930,2,2,0,0,2026-01-08 12:03:03,2026-01-24 11:10:02,3,True,new
P000931,2,1,0,0,2026-03-05 14:06:16,2026-03-24 16:11:35,3,True,high_support_need
P000932,5,2,2,0,2026-01-15 22:09:32,2026-03-27 10:18:24,3,True,routine
P000933,2,1,0,0,2026-01-08 21:26:03,2026-05-16 14:53:45,5,True,new
P000934,3,2,1,0,2026-02-05 15:21:57,2026-05-12 18:34:21,4,False,new
P000935,3,2,0,0,2026-01-05 08:19:43,2026-03-06 10:02:25,3,True,routine
P000936,3,1,0,0,2026-02-15 09:58:26,2026-05-30 20:14:55,4,False,routine
P000937,4,3,1,0,2026-03-21 21:20:51,2026-05-19 15:00:23,3,True,high_support_need
P000938,2,0,0,0,2026-01-05 21:54:49,2026-03-25 11:31:00,4,True,new
P000939,6,5,3,0,2026-01-16 06:17:08,2026-03-25 07:59:04,2,False,new
P000940,5,2,2,0,2026-01-25 22:52:57,2026-05-02 20:10:26,3,True,new
P000941,3,2,0,0,2026-02-11 03:12:43,2026-05-20 04:20:15,4,True,routine
P000942,2,1,0,0,2026-03-26 20:11:01,2026-04-17 13:05:59,4,True,routine
P000943,7,5,3,0,2026-01-29 07:34:28,2026-05-04 18:15:22,2,False,routine
P000944,4,4,0,0,2026-01-04 09:53:53,2026-05-04 02:51:25,4,True,new
P000945,3,1,0,0,2026-02-01 10:53:11,2026-05-30 12:44:23,4,True,routine
P000946,4,3,1,0,2026-01-23 19:03:35,2026-05-17 03:20:54,4,False,new
P000947,4,3,2,0,2026-01-25 15:52:09,2026-04-04 07:59:49,3,True,routine
P000948,4,2,1,0,2026-02-12 12:49:27,2026-05-04 14:23:44,4,True,routine
P000949,6,6,4,0,2026-01-11 04:51:32,2026-04-21 12:20:24,1,False,routine
P000950,2,1,0,1,2026-04-11 21:17:43,2026-05-05 12:51:33,5,True,routine
P000951,2,2,0,1,2026-03-07 20:17:28,2026-04-21 10:03:09,3,True,routine
P000952,7,4,4,1,2026-02-25 18:13:22,2026-05-06 14:11:34,2,False,routine
P000953,4,4,2,0,2026-01-25 16:59:22,2026-03-12 06:15:45,2,False,new
P000954,8,5,4,0,2026-01-22 07:53:22,2026-05-13 04:43:42,3,False,new
P000955,1,1,0,1,2026-01-21 11:21:06,2026-01-21 11:21:06,4,True,new
P000956,4,4,0,1,2026-02-23 04:32:42,2026-05-24 16:17:53,4,True,new
P000957,5,2,1,1,2026-01-04 04:53:47,2026-04-04 16:53:31,4,False,routine
P000958,3,2,0,0,2026-01-13 14:49:59,2026-04-03 19:54:09,4,True,high_support_need
P000959,5,3,1,0,2026-01-19 00:17:40,2026-04-21 19:15:25,3,False,routine
P000960,6,4,3,0,2026-01-18 02:01:04,2026-04-03 17:24:33,3,False,routine
P000961,2,1,0,0,2026-01-16 03:32:04,2026-04-06 19:23:17,5,False,routine
P000962,4,2,0,1,2026-01-16 06:35:02,2026-05-01 16:54:33,5,True,new
P000963,4,2,1,0,2026-01-26 17:47:23,2026-04-16 08:36:17,3,True,new
P000964,6,1,2,0,2026-01-09 20:39:50,2026-05-06 14:19:55,4,False,high_support_need
P000965,3,2,1,0,2026-01-14 04:30:25,2026-05-22 06:41:01,3,False,new
P000966,2,1,0,0,2026-03-31 16:09:38,2026-04-29 11:40:53,4,True,routine
P000967,6,5,3,0,2026-01-15 14:17:59,2026-05-28 17:23:56,2,False,routine
P000968,3,2,0,0,2026-02-21 14:45:46,2026-05-27 16:10:10,4,True,routine
P000970,3,1,1,0,2026-01-16 15:13:40,2026-02-26 16:34:18,5,False,routine
P000971,2,1,0,0,2026-01-11 16:06:31,2026-05-16 22:11:25,4,True,routine
P000972,5,1,2,0,2026-01-08 20:51:29,2026-05-19 13:15:01,4,False,routine
P000973,5,3,1,0,2026-01-23 10:01:50,2026-05-11 05:43:48,3,True,routine
P000974,4,2,0,0,2026-03-02 12:17:36,2026-05-19 18:25:24,4,True,routine
P000975,3,2,0,1,2026-01-03 02:28:35,2026-05-12 13:04:52,4,True,routine
P000976,2,1,0,0,2026-03-11 07:44:53,2026-04-24 08:55:43,4,True,routine
P000977,6,4,2,0,2026-01-14 07:50:16,2026-05-22 11:06:50,1,False,new
P000978,4,1,2,0,2026-02-17 10:20:16,2026-04-16 15:02:25,4,False,routine
P000979,4,2,0,0,2026-02-01 08:54:00,2026-05-06 23:26:11,4,True,new
P000980,3,3,1,0,2026-01-02 15:00:31,2026-05-13 22:35:05,3,True,new
P000981,5,2,3,0,2026-01-29 11:34:57,2026-04-24 20:15:56,3,False,new
P000982,1,1,0,0,2026-03-16 13:30:28,2026-03-16 13:30:28,4,True,high_support_need
P000983,4,4,1,0,2026-01-13 04:12:49,2026-05-31 04:04:43,3,True,routine
P000984,3,2,0,0,2026-03-11 10:33:37,2026-05-20 03:55:20,4,False,routine
P000985,2,2,0,0,2026-03-26 01:45:30,2026-04-10 04:06:59,4,False,routine
P000986,2,0,0,0,2026-02-16 19:13:43,2026-04-20 17:21:11,5,True,new
P000987,4,2,1,1,2026-01-25 05:24:15,2026-05-17 05:08:36,4,True,routine
P000988,5,5,2,0,2026-03-16 20:44:03,2026-05-08 17:10:29,2,True,high_support_need
P000989,5,4,3,0,2026-03-01 23:23:15,2026-04-22 14:19:28,3,False,routine
P000990,3,2,0,0,2026-01-10 04:13:04,2026-05-12 21:20:45,3,True,routine
P000991,2,1,0,0,2026-02-06 09:38:08,2026-05-15 21:38:55,4,True,routine
P000992,5,2,1,0,2026-01-23 23:48:20,2026-04-26 17:55:35,2,True,high_support_need
P000993,6,5,2,0,2026-01-25 16:02:38,2026-05-03 14:54:45,1,True,routine
P000994,10,9,6,1,2026-01-18 08:27:00,2026-05-18 16:45:45,2,True,high_support_need
P000995,4,3,0,0,2026-01-16 14:40:42,2026-05-18 00:39:22,3,False,routine
P000996,3,3,1,0,2026-01-23 07:05:34,2026-04-23 02:18:00,5,True,routine
P000997,3,3,0,0,2026-02-02 07:19:31,2026-05-17 21:59:30,4,False,routine
P000998,3,0,0,0,2026-01-01 10:42:07,2026-03-28 16:21:19,4,True,high_support_need
P000999,6,1,2,0,2026-02-16 12:37:51,2026-05-16 12:45:09,4,True,new
P001000,2,2,0,0,2026-02-24 18:53:23,2026-04-18 01:42:38,4,True,new
P001001,6,3,3,1,2026-01-14 20:30:10,2026-05-30 11:11:20,2,False,new
P001002,2,2,1,0,2026-02-26 10:43:35,2026-03-11 16:16:14,4,True,routine
P001003,2,2,0,0,2026-02-07 07:44:09,2026-04-27 07:38:14,5,False,new
P001005,3,2,1,0,2026-01-14 23:05:26,2026-05-12 07:21:08,3,True,new
P001006,4,2,1,0,2026-01-25 09:27:02,2026-04-03 13:07:20,3,True,routine
P001007,6,5,3,0,2026-02-06 15:19:08,2026-04-13 16:56:02,3,False,high_support_need
P001008,2,2,0,0,2026-03-19 17:43:26,2026-04-08 08:16:11,4,False,new
P001009,2,1,0,0,2026-01-02 21:21:07,2026-04-17 22:53:49,4,True,new
P001010,7,5,3,0,2026-01-15 02:30:53,2026-04-19 15:39:46,3,False,new
P001011,5,5,2,1,2026-01-16 03:37:24,2026-05-24 15:59:37,2,True,routine
P001014,9,6,5,0,2026-01-06 02:48:32,2026-05-04 23:23:21,1,False,routine
P001015,1,1,0,0,2026-04-25 07:51:40,2026-04-25 07:51:40,5,True,new
P001016,8,4,3,1,2026-01-04 15:54:41,2026-05-28 18:55:25,1,True,high_support_need
P001017,1,1,0,0,2026-02-04 06:25:32,2026-02-04 06:25:32,4,True,routine
P001018,3,1,0,0,2026-01-16 04:37:40,2026-04-29 22:07:10,5,True,routine
P001019,6,3,3,0,2026-02-07 21:30:58,2026-04-24 11:07:52,3,True,routine
P001020,9,8,6,1,2026-01-14 08:49:27,2026-05-14 17:24:51,1,False,routine
P001021,6,6,3,0,2026-01-10 09:46:34,2026-05-25 12:48:33,2,False,new
P001022,4,4,1,0,2026-01-05 22:52:39,2026-05-08 19:46:17,3,True,new
P001023,6,5,3,1,2026-02-20 10:06:27,2026-05-22 10:17:41,2,False,routine
P001024,2,1,0,0,2026-02-19 23:34:57,2026-04-20 16:43:37,4,True,new
P001025,3,3,0,0,2026-01-22 21:50:31,2026-05-25 04:38:38,3,True,new
P001026,7,3,2,0,2026-01-07 22:01:46,2026-04-09 03:57:04,2,True,high_support_need
P001027,4,3,2,0,2026-01-14 08:38:39,2026-02-10 04:14:58,4,True,new
P001028,5,4,1,0,2026-01-09 12:40:27,2026-05-28 09:13:20,3,True,routine
P001029,3,2,1,0,2026-01-08 07:24:50,2026-03-21 05:07:30,4,True,routine
P001030,3,2,1,0,2026-03-01 23:40:52,2026-05-06 20:38:57,3,True,new
P001031,7,4,3,0,2026-01-19 03:39:58,2026-05-16 09:25:21,3,False,new
P001032,8,6,3,0,2026-01-09 18:23:00,2026-05-01 11:30:37,1,True,new
P001033,5,4,2,1,2026-02-19 10:36:20,2026-05-01 22:14:17,2,True,routine
P001034,7,5,3,0,2026-01-03 07:23:02,2026-05-03 14:40:05,3,True,high_support_need
P001035,5,4,1,1,2026-01-27 00:31:37,2026-05-20 05:42:57,4,True,routine
P001036,7,4,4,0,2026-01-17 11:15:50,2026-05-15 04:09:22,2,True,routine
P001037,3,1,1,0,2026-01-20 23:03:05,2026-05-30 04:35:02,4,True,new
P001038,5,3,2,0,2026-01-23 13:02:15,2026-04-22 09:08:40,3,True,routine
P001039,2,1,0,0,2026-01-15 07:06:05,2026-01-30 18:50:59,4,True,new
P001040,5,2,0,0,2026-01-18 02:43:11,2026-05-30 01:18:39,5,True,routine
P001041,5,4,1,0,2026-01-19 08:35:52,2026-05-23 18:37:41,3,True,new
P001042,4,2,1,0,2026-02-02 23:24:22,2026-03-31 22:05:41,4,True,new
P001043,4,1,1,0,2026-01-26 03:35:44,2026-04-24 05:20:40,4,True,new
P001044,6,5,3,0,2026-02-26 09:45:10,2026-05-22 23:12:43,3,False,routine
P001045,1,1,0,0,2026-02-02 19:03:59,2026-02-02 19:03:59,4,True,routine
P001046,7,5,5,0,2026-01-21 12:38:28,2026-05-15 13:05:33,2,True,routine
P001047,4,2,1,0,2026-01-21 19:22:48,2026-05-02 22:09:29,4,False,new
P001048,9,8,6,1,2026-01-14 18:07:08,2026-04-14 14:07:25,3,False,new
P001049,3,3,0,0,2026-01-11 00:45:38,2026-04-28 14:40:53,4,True,routine
P001050,5,4,2,0,2026-02-07 20:29:34,2026-05-30 15:01:44,2,False,routine
P001051,3,3,1,0,2026-01-26 13:45:09,2026-02-25 02:06:55,3,False,high_support_need
P001052,5,4,1,0,2026-01-16 02:03:02,2026-04-19 16:46:00,3,False,routine
P001053,4,3,1,0,2026-01-04 00:23:52,2026-04-13 21:02:43,3,True,routine
P001054,8,5,4,0,2026-01-11 13:02:22,2026-04-18 19:13:07,2,False,routine
P001055,2,2,0,1,2026-03-04 22:53:00,2026-04-17 06:14:06,4,True,routine
P001056,8,7,4,0,2026-01-10 06:25:36,2026-05-31 17:31:15,1,False,routine
P001057,4,2,1,0,2026-01-31 12:18:45,2026-05-21 04:24:22,4,True,routine
P001058,6,4,2,1,2026-01-08 19:49:54,2026-05-26 16:58:13,3,False,routine
P001059,4,4,2,0,2026-01-28 13:36:14,2026-04-07 03:46:01,3,True,routine
P001060,5,4,1,0,2026-01-12 03:15:39,2026-04-19 18:31:53,3,True,routine
P001061,2,0,0,0,2026-03-08 02:20:44,2026-04-21 22:59:44,5,True,routine
P001062,7,6,4,0,2026-01-20 04:19:43,2026-05-30 07:54:23,3,True,routine
P001063,3,2,1,0,2026-03-02 20:13:54,2026-05-10 02:13:20,3,True,high_support_need
P001064,5,3,1,0,2026-02-28 06:54:13,2026-05-29 18:51:26,2,False,routine
P001065,5,2,2,0,2026-01-02 12:12:10,2026-04-24 05:56:07,4,True,routine
P001066,4,2,1,0,2026-01-02 22:39:41,2026-04-18 00:14:34,3,True,routine
P001067,5,3,3,0,2026-02-18 22:28:32,2026-03-31 10:00:48,3,False,routine
P001068,3,1,1,0,2026-02-13 03:31:28,2026-04-19 17:50:15,3,True,routine
P001069,2,2,1,0,2026-04-28 22:20:16,2026-05-06 09:10:20,2,True,routine
P001070,7,6,3,0,2026-02-17 17:57:29,2026-05-24 11:49:29,2,False,routine
P001071,4,3,1,0,2026-01-14 07:09:51,2026-05-27 18:09:32,2,True,new
P001072,4,1,1,0,2026-02-09 18:41:53,2026-04-20 07:09:15,5,True,routine
P001073,3,1,0,0,2026-01-29 00:37:04,2026-05-23 20:51:48,4,True,routine
P001074,5,4,3,0,2026-02-08 01:55:33,2026-05-26 18:19:44,2,True,routine
P001075,3,3,0,1,2026-01-12 20:58:29,2026-05-02 17:59:49,3,True,new
P001076,5,3,2,1,2026-01-03 01:09:24,2026-05-15 23:44:47,4,True,routine
P001077,6,6,4,0,2026-01-22 07:46:33,2026-05-03 15:55:53,2,True,routine
P001078,3,2,1,0,2026-02-17 16:56:32,2026-05-12 09:23:46,4,True,high_support_need
P001079,2,1,0,0,2026-04-07 10:39:29,2026-05-06 01:27:29,3,True,routine
P001081,2,1,1,0,2026-05-02 13:04:22,2026-05-15 13:42:54,5,True,routine
P001082,4,2,1,0,2026-01-05 12:35:54,2026-04-24 22:29:13,3,False,routine
P001083,6,3,2,0,2026-01-19 13:28:37,2026-05-25 19:46:39,3,False,new
P001084,3,2,1,0,2026-03-29 05:41:24,2026-05-16 14:02:55,3,False,high_support_need
P001085,4,1,1,0,2026-02-05 20:13:03,2026-04-06 12:32:58,3,True,routine
P001086,4,3,1,0,2026-02-01 04:04:51,2026-04-27 08:36:25,4,True,routine
P001087,4,2,2,0,2026-02-17 07:51:15,2026-05-30 04:06:05,4,True,routine
P001088,5,2,0,0,2026-01-02 11:23:50,2026-05-11 01:51:22,4,True,routine
P001089,2,2,0,0,2026-03-27 16:47:58,2026-05-21 16:51:05,3,True,new
P001090,6,5,4,0,2026-03-05 16:31:31,2026-05-08 01:55:29,2,True,routine
P001091,4,2,2,0,2026-02-20 12:58:40,2026-05-30 20:14:07,4,True,routine
P001092,3,0,0,0,2026-01-17 05:51:40,2026-05-17 03:01:38,5,True,routine
P001093,3,1,1,0,2026-01-03 01:22:25,2026-04-22 01:58:04,3,True,high_support_need
P001094,2,1,0,0,2026-01-03 18:16:48,2026-05-17 00:05:29,4,True,new
P001095,3,1,0,0,2026-01-17 22:20:11,2026-04-21 11:30:47,4,False,routine
P001096,5,4,1,1,2026-01-18 16:07:45,2026-05-29 14:18:23,3,False,routine
P001097,5,3,1,1,2026-01-01 05:11:09,2026-05-09 01:32:35,4,True,new
P001098,8,7,4,0,2026-01-14 11:32:00,2026-05-23 09:13:38,1,False,routine
P001099,2,2,0,0,2026-01-11 22:42:19,2026-02-15 10:46:59,4,True,new
P001100,5,4,2,0,2026-01-13 11:22:14,2026-05-20 06:05:33,2,False,routine
P001101,5,4,0,0,2026-01-03 18:56:49,2026-05-30 07:08:41,3,True,routine
P001102,4,3,1,0,2026-02-01 22:26:48,2026-05-15 22:11:46,3,True,routine
P001103,6,4,3,0,2026-01-31 01:53:35,2026-05-15 15:07:26,3,True,routine
P001104,4,1,2,0,2026-03-05 10:22:02,2026-05-22 07:14:09,3,False,routine
P001105,3,3,1,0,2026-02-04 11:51:26,2026-04-24 15:49:04,4,False,routine
P001106,4,3,1,0,2026-01-15 05:22:28,2026-05-15 11:11:23,3,True,routine
P001107,4,3,1,0,2026-01-03 14:29:06,2026-05-11 07:49:25,4,False,new
P001108,4,4,1,0,2026-02-17 13:20:25,2026-05-25 05:19:26,3,True,routine
P001109,7,1,4,0,2026-01-09 20:24:01,2026-04-28 12:07:12,3,True,routine
P001110,3,2,0,0,2026-01-25 03:32:37,2026-04-27 21:51:41,4,True,routine
P001111,2,1,0,0,2026-02-22 03:13:40,2026-03-10 00:42:54,5,True,routine
P001112,3,2,0,0,2026-01-16 10:20:31,2026-04-10 13:12:46,3,True,routine
P001113,3,1,1,0,2026-03-16 18:01:33,2026-04-24 03:52:05,4,True,routine
P001115,5,2,3,0,2026-01-16 17:26:17,2026-05-26 00:23:24,4,True,new
P001116,3,3,0,0,2026-01-03 23:04:05,2026-03-17 15:40:35,3,True,routine
P001117,4,4,0,0,2026-02-02 06:14:29,2026-05-26 04:08:49,2,True,routine
P001118,3,2,0,0,2026-01-13 10:18:43,2026-04-23 08:18:34,4,True,new
P001119,4,3,1,0,2026-01-13 16:09:53,2026-03-18 07:37:05,3,True,new
P001120,3,2,1,0,2026-01-08 06:56:13,2026-04-04 18:33:00,4,True,new
P001121,3,1,1,0,2026-01-16 05:40:31,2026-05-04 14:39:46,4,True,routine
P001122,3,3,0,0,2026-03-13 07:01:13,2026-05-01 00:30:11,4,True,routine
P001123,1,1,0,0,2026-02-24 11:20:57,2026-02-24 11:20:57,4,True,routine
P001124,5,1,1,0,2026-01-16 19:25:36,2026-05-22 06:55:40,4,False,routine
P001125,2,2,0,0,2026-01-01 17:15:47,2026-05-31 23:15:53,4,True,routine
P001126,1,1,0,0,2026-03-06 19:16:54,2026-03-06 19:16:54,5,True,routine
P001127,6,5,4,0,2026-02-02 13:16:53,2026-05-15 03:37:27,1,False,routine
P001128,8,6,3,0,2026-01-02 05:58:25,2026-05-19 18:22:34,2,False,routine
P001129,5,4,2,1,2026-02-16 11:23:48,2026-05-28 19:01:49,2,True,routine
P001130,1,1,0,0,2026-04-12 00:06:55,2026-04-12 00:06:55,4,False,routine
P001131,6,4,3,0,2026-02-14 04:23:12,2026-05-30 21:41:06,2,True,routine
P001132,4,3,3,0,2026-04-07 19:51:52,2026-05-11 02:49:29,2,False,high_support_need
P001134,2,1,0,0,2026-01-18 18:05:30,2026-03-19 13:41:26,3,True,routine
P001135,6,3,2,1,2026-01-04 13:35:13,2026-05-23 05:19:22,3,True,routine
P001136,4,4,1,0,2026-01-04 05:34:34,2026-04-30 13:59:54,3,True,new
P001137,7,4,5,1,2026-02-01 18:20:39,2026-04-06 05:13:30,2,True,routine
P001138,2,2,0,0,2026-01-19 10:18:57,2026-04-21 20:45:32,5,True,routine
P001139,4,2,1,0,2026-03-09 01:41:22,2026-05-31 13:38:06,4,True,routine
P001140,2,1,0,0,2026-01-16 09:11:54,2026-03-20 03:48:05,4,True,high_support_need
P001141,3,2,1,0,2026-01-15 17:36:34,2026-02-22 05:37:00,3,False,routine
P001142,6,4,2,0,2026-02-01 11:12:32,2026-05-30 07:14:21,3,False,new
P001143,2,1,0,0,2026-02-22 18:45:16,2026-03-15 00:25:54,4,True,routine
P001144,1,1,0,0,2026-05-08 22:02:48,2026-05-08 22:02:48,5,True,routine
P001145,2,0,0,0,2026-03-20 15:48:42,2026-04-06 23:34:33,5,True,routine
P001146,5,4,3,1,2026-02-17 06:55:54,2026-05-24 09:24:49,2,False,routine
P001147,2,2,0,0,2026-03-11 16:11:07,2026-05-11 10:23:09,4,False,routine
P001148,8,3,5,0,2026-02-09 06:43:27,2026-05-15 18:42:26,3,False,routine
P001149,6,2,3,0,2026-02-01 07:19:37,2026-04-15 15:32:59,3,True,high_support_need
P001150,6,5,1,1,2026-01-19 17:17:32,2026-05-29 10:56:37,3,False,routine
P001151,8,7,3,1,2026-01-01 02:16:41,2026-04-22 20:31:04,1,False,routine
P001152,7,5,4,0,2026-01-07 18:05:40,2026-05-12 21:18:13,1,False,new
P001153,6,3,2,0,2026-02-16 13:15:55,2026-05-20 00:17:08,1,True,routine
P001154,5,4,1,0,2026-01-01 09:11:39,2026-05-13 17:54:18,3,False,routine
P001155,4,3,1,0,2026-04-08 13:41:46,2026-05-23 13:54:44,3,False,routine
P001156,6,5,1,1,2026-01-08 13:17:12,2026-05-14 10:51:03,3,True,routine
P001157,5,4,2,0,2026-02-06 23:48:40,2026-03-31 01:41:41,3,False,routine
P001158,4,4,1,0,2026-02-27 06:23:42,2026-05-23 15:40:46,2,False,new
P001159,1,0,0,0,2026-01-24 09:53:09,2026-01-24 09:53:09,4,True,routine
P001160,5,4,2,0,2026-02-18 06:20:37,2026-05-15 17:28:30,3,True,routine
P001161,4,2,2,0,2026-02-04 03:25:56,2026-05-13 09:04:27,4,False,high_support_need
P001162,6,3,3,0,2026-02-01 13:52:53,2026-05-18 15:55:26,4,False,routine
P001163,4,3,1,0,2026-02-24 05:15:49,2026-05-13 12:07:06,3,True,new
P001164,4,4,1,0,2026-03-30 08:50:09,2026-05-31 06:46:59,4,True,high_support_need
P001165,4,2,2,0,2026-01-14 18:20:55,2026-05-27 06:34:27,3,True,new
P001166,1,1,0,0,2026-02-09 23:05:18,2026-02-09 23:05:18,4,True,routine
P001167,5,2,2,0,2026-02-06 03:44:49,2026-04-28 15:14:22,4,True,new
P001168,4,2,1,0,2026-02-26 22:48:54,2026-05-01 15:54:09,4,False,routine
P001169,5,5,3,0,2026-02-27 12:23:16,2026-05-22 13:56:16,2,False,routine
P001170,3,3,1,1,2026-02-15 04:01:34,2026-04-25 22:29:19,3,False,routine
P001171,4,4,1,0,2026-03-06 17:54:33,2026-05-14 20:23:26,3,True,routine
P001172,4,2,0,0,2026-02-18 19:10:03,2026-05-25 15:50:01,3,True,high_support_need
P001173,3,2,1,0,2026-03-01 23:03:12,2026-04-26 23:02:51,3,True,new
P001174,2,1,0,0,2026-03-26 13:40:41,2026-05-13 16:30:39,4,True,high_support_need
P001175,3,1,0,0,2026-01-03 17:47:20,2026-04-16 17:42:49,4,True,routine
P001176,5,4,2,0,2026-02-13 14:28:20,2026-05-21 00:47:12,3,False,new
P001177,2,1,0,0,2026-01-14 17:13:31,2026-03-30 08:15:51,4,True,routine
P001178,1,1,0,0,2026-05-29 03:18:42,2026-05-29 03:18:42,4,True,routine
P001179,5,3,1,0,2026-01-18 01:44:26,2026-05-20 23:52:14,5,True,routine
P001180,4,3,0,0,2026-01-02 04:18:33,2026-05-20 09:43:41,4,True,high_support_need
P001181,3,2,1,0,2026-01-31 01:07:19,2026-03-21 18:30:03,4,False,routine
P001182,3,0,1,0,2026-01-07 08:19:39,2026-04-08 15:54:52,4,True,new
P001183,2,2,0,0,2026-01-10 08:19:19,2026-01-31 12:23:04,4,True,routine
P001184,5,2,1,0,2026-01-10 09:11:31,2026-05-31 00:32:48,4,True,new
P001185,5,4,1,0,2026-01-02 02:27:03,2026-03-31 22:16:36,3,True,routine
P001186,7,4,3,0,2026-01-06 22:17:42,2026-05-20 22:56:39,3,True,routine
P001187,6,5,3,0,2026-01-27 11:59:30,2026-05-31 00:32:49,3,True,new
P001188,3,1,0,0,2026-02-18 06:45:32,2026-05-02 04:15:45,5,True,routine
P001189,4,1,1,0,2026-01-08 04:03:48,2026-04-11 20:53:26,4,False,routine
P001190,2,1,0,0,2026-01-08 04:01:30,2026-04-17 04:49:31,5,True,new
P001191,4,3,0,0,2026-01-30 15:14:11,2026-05-24 03:49:25,4,True,routine
P001192,7,5,3,0,2026-01-14 12:40:44,2026-05-19 20:11:51,3,True,high_support_need
P001193,10,7,4,2,2026-02-07 16:30:52,2026-05-11 05:30:24,3,False,high_support_need
P001194,7,5,3,0,2026-01-31 01:32:40,2026-05-30 02:43:12,1,True,routine
P001195,1,1,0,0,2026-04-29 18:48:31,2026-04-29 18:48:31,4,True,routine
P001196,6,6,2,0,2026-03-02 14:46:19,2026-05-20 08:35:42,2,True,high_support_need
P001197,6,4,3,0,2026-02-21 13:06:28,2026-05-30 01:34:10,3,True,routine
P001198,2,1,0,0,2026-03-07 12:39:50,2026-05-16 16:29:40,3,True,routine
P001199,4,3,1,0,2026-03-09 03:40:57,2026-05-07 06:53:04,3,True,new
P001200,5,3,1,0,2026-01-13 09:13:52,2026-05-16 09:39:09,4,True,routine
P001201,4,2,1,1,2026-01-02 02:48:05,2026-05-30 03:16:21,3,True,routine
P001202,2,1,0,0,2026-03-08 06:04:54,2026-04-28 22:32:12,5,True,routine
P001203,7,6,3,0,2026-01-03 05:53:03,2026-05-20 03:13:08,2,True,routine
P001204,7,6,3,0,2026-01-21 16:10:49,2026-05-08 02:51:49,2,False,routine
P001205,7,6,4,1,2026-01-18 20:32:35,2026-05-08 13:59:45,1,False,routine
P001206,2,1,0,0,2026-04-03 11:04:55,2026-05-01 20:04:49,5,True,routine
P001207,1,1,0,0,2026-05-24 02:19:18,2026-05-24 02:19:18,5,True,routine
P001208,4,2,1,0,2026-02-22 14:40:51,2026-05-06 07:03:50,4,True,routine
P001209,4,2,1,0,2026-03-08 00:49:42,2026-05-30 01:47:11,4,True,routine
P001210,2,0,0,0,2026-03-13 12:16:59,2026-04-15 21:08:28,5,True,routine
P001211,5,1,1,0,2026-01-13 19:47:37,2026-05-25 07:32:01,4,True,high_support_need
P001212,2,2,0,1,2026-03-03 18:18:31,2026-05-29 05:01:50,4,True,routine
P001213,7,5,4,0,2026-01-10 21:29:22,2026-05-23 19:13:58,1,False,routine
P001214,8,3,6,0,2026-01-16 23:32:39,2026-05-31 07:32:57,2,False,routine
P001215,3,2,1,0,2026-01-12 23:23:01,2026-03-31 01:55:52,3,True,high_support_need
P001216,2,0,0,0,2026-01-10 00:05:36,2026-03-02 02:10:07,4,True,routine
P001217,2,2,0,0,2026-01-09 13:53:33,2026-05-10 08:54:18,5,True,high_support_need
P001218,4,4,1,0,2026-01-09 23:47:44,2026-05-26 04:58:39,3,True,new
P001219,4,2,1,0,2026-01-11 11:41:40,2026-03-14 16:35:19,3,True,new
P001220,4,4,1,1,2026-01-09 18:57:57,2026-04-23 14:25:16,3,True,new
P001221,3,2,1,0,2026-02-06 06:53:02,2026-03-20 05:33:40,4,True,high_support_need
P001222,5,4,2,1,2026-03-27 04:17:15,2026-05-10 09:12:54,3,False,high_support_need
P001223,2,2,0,0,2026-02-18 05:19:14,2026-03-06 18:59:44,4,True,new
P001224,5,4,2,0,2026-01-12 14:57:41,2026-03-13 00:11:43,3,False,routine
P001225,6,4,2,0,2026-01-10 11:21:31,2026-05-23 17:24:08,2,False,new
P001226,5,4,2,0,2026-01-30 13:02:54,2026-05-30 09:50:59,3,False,routine
P001227,2,0,0,0,2026-03-04 13:20:11,2026-05-10 18:48:56,4,True,routine
P001228,6,3,1,0,2026-01-02 19:53:51,2026-05-16 03:16:56,4,True,new
P001229,6,4,3,0,2026-01-07 07:41:24,2026-05-01 17:10:28,2,True,routine
P001230,3,2,1,0,2026-02-16 04:06:29,2026-05-08 23:46:10,4,True,routine
P001231,2,2,0,0,2026-01-29 02:36:28,2026-05-18 22:26:00,4,True,new
P001232,1,1,0,0,2026-05-12 04:16:33,2026-05-12 04:16:33,5,True,routine
P001233,7,6,3,1,2026-01-19 04:08:06,2026-05-30 12:57:50,2,False,routine
P001234,4,2,2,0,2026-03-05 23:29:43,2026-04-12 01:38:10,3,True,new
P001235,3,2,1,0,2026-02-24 00:20:18,2026-05-05 10:23:38,4,True,routine
P001236,3,2,0,0,2026-01-05 01:05:08,2026-05-18 06:27:54,5,True,routine
P001237,5,2,0,0,2026-01-20 22:23:47,2026-05-25 07:02:32,3,True,routine
P001238,3,2,0,0,2026-01-14 04:33:22,2026-04-19 01:41:02,4,True,routine
P001239,2,2,1,1,2026-04-26 09:31:47,2026-05-09 05:40:36,4,True,new
P001240,4,3,1,0,2026-01-05 05:55:27,2026-05-13 16:52:48,4,True,routine
P001241,5,4,2,0,2026-01-21 00:53:24,2026-05-06 22:53:29,2,True,routine
P001242,2,1,0,0,2026-02-18 12:33:04,2026-05-06 00:40:49,4,True,routine
P001243,5,2,0,1,2026-01-04 11:07:03,2026-05-29 07:50:24,3,True,routine
P001244,6,6,3,1,2026-02-04 16:16:45,2026-05-15 13:15:06,2,False,routine
P001245,4,3,1,0,2026-01-02 10:13:51,2026-04-26 17:37:58,3,True,routine
P001246,6,1,3,0,2026-01-28 02:16:28,2026-05-27 04:55:14,4,True,routine
P001247,8,3,4,0,2026-02-01 17:55:08,2026-05-05 12:43:56,2,True,new
P001249,4,4,0,0,2026-02-18 21:16:09,2026-05-29 16:15:25,3,False,high_support_need
P001250,2,1,1,0,2026-05-15 11:33:45,2026-05-16 13:44:22,4,True,routine
P001251,2,2,0,0,2026-03-25 19:10:23,2026-04-21 14:52:16,4,False,high_support_need
P001252,3,2,0,0,2026-02-04 23:51:46,2026-03-31 06:00:33,4,True,routine
P001253,2,0,1,0,2026-02-25 12:13:11,2026-03-06 07:05:38,5,True,routine
P001254,2,1,0,0,2026-02-13 00:39:22,2026-05-04 17:48:27,4,True,new
P001255,6,3,3,0,2026-03-21 11:35:57,2026-05-25 03:48:28,3,True,new
P001256,4,3,1,0,2026-02-04 12:00:43,2026-05-29 17:34:27,2,True,routine
P001257,5,5,2,0,2026-01-02 02:19:44,2026-05-23 01:59:15,2,True,new
P001258,5,2,1,0,2026-01-10 03:23:18,2026-05-28 13:48:52,2,False,routine
P001259,3,3,0,0,2026-01-01 08:55:33,2026-04-18 07:12:43,4,True,routine
P001260,3,2,0,0,2026-03-09 14:55:59,2026-05-19 22:05:08,5,False,routine
P001261,4,3,1,1,2026-02-03 15:39:44,2026-04-17 23:38:38,3,True,routine
P001262,4,4,1,0,2026-02-19 23:46:18,2026-05-27 09:47:36,2,True,routine
P001263,4,2,1,0,2026-01-24 17:33:28,2026-05-30 01:48:33,3,True,high_support_need
P001264,1,1,0,0,2026-03-08 20:12:49,2026-03-08 20:12:49,4,True,routine
P001265,4,3,2,0,2026-02-22 12:03:39,2026-05-20 08:03:16,3,True,routine
P001266,5,4,2,1,2026-01-29 20:28:38,2026-03-28 03:35:16,2,False,routine
P001267,3,2,0,0,2026-02-16 07:50:18,2026-05-23 15:42:27,3,False,routine
P001268,6,4,3,0,2026-01-29 17:06:44,2026-05-09 11:07:16,2,True,high_support_need
P001269,7,3,4,0,2026-01-16 12:19:02,2026-04-13 00:40:47,3,False,high_support_need
P001270,4,2,2,0,2026-01-08 09:12:32,2026-02-22 07:14:36,3,False,routine
P001271,5,5,2,2,2026-01-21 11:02:41,2026-05-19 11:40:53,2,True,high_support_need
P001272,6,3,1,0,2026-01-09 14:11:21,2026-05-26 22:18:39,4,True,new
P001273,1,1,0,0,2026-02-24 12:58:36,2026-02-24 12:58:36,3,True,routine
P001274,6,4,3,0,2026-01-13 09:15:35,2026-05-04 11:12:12,2,False,new
P001275,3,1,1,0,2026-01-17 08:07:14,2026-05-16 05:58:08,4,False,routine
P001276,8,5,3,2,2026-01-03 03:00:23,2026-05-31 07:47:06,1,True,routine
P001277,4,2,0,0,2026-02-12 14:03:16,2026-05-20 07:43:18,4,True,routine
P001278,3,3,1,0,2026-04-09 04:02:56,2026-05-09 02:23:52,4,False,routine
P001279,2,2,0,0,2026-02-09 13:58:26,2026-04-13 22:01:19,4,True,routine
P001280,3,1,0,0,2026-01-11 01:33:52,2026-05-21 09:52:15,4,True,routine
P001281,3,3,0,0,2026-02-16 19:53:16,2026-04-07 12:17:44,4,True,routine
P001282,3,2,0,0,2026-02-02 18:37:32,2026-05-27 12:16:41,4,False,routine
P001283,7,5,3,0,2026-01-29 03:10:28,2026-04-28 13:43:46,3,True,routine
P001284,4,3,0,1,2026-01-21 21:37:01,2026-05-11 11:03:39,4,True,routine
P001285,3,1,0,0,2026-01-28 13:52:45,2026-05-28 20:18:15,4,True,routine
P001286,4,4,0,0,2026-01-03 09:30:15,2026-04-28 11:23:36,4,False,routine
P001287,1,1,0,0,2026-02-19 10:18:47,2026-02-19 10:18:47,4,True,routine
P001288,4,4,3,0,2026-01-26 13:19:53,2026-02-21 03:28:35,3,False,routine
P001289,4,3,1,1,2026-01-12 02:03:50,2026-05-31 17:04:21,4,False,high_support_need
P001290,4,2,1,0,2026-02-06 04:58:06,2026-03-28 10:57:31,4,True,high_support_need
P001291,4,4,2,0,2026-02-10 23:49:29,2026-04-06 16:36:18,3,True,routine
P001292,5,1,2,0,2026-02-11 01:45:20,2026-05-10 14:57:22,4,False,routine
P001293,5,3,1,0,2026-01-02 12:54:29,2026-05-31 12:58:57,3,False,routine
P001294,5,2,2,0,2026-01-10 19:11:23,2026-05-23 20:45:30,2,True,routine
P001295,7,5,4,0,2026-01-02 16:49:54,2026-03-20 21:00:05,1,True,routine
P001296,3,2,1,0,2026-02-01 05:05:23,2026-04-04 18:45:33,4,True,routine
P001297,2,1,0,0,2026-02-07 13:21:27,2026-05-22 16:27:00,5,True,routine
P001298,6,5,1,0,2026-01-11 00:17:37,2026-04-27 19:17:46,2,False,new
P001299,6,1,3,0,2026-02-05 04:27:14,2026-05-21 05:35:07,4,True,routine
P001300,6,4,4,0,2026-02-08 01:19:23,2026-05-27 03:23:33,2,True,routine
P001301,5,4,1,0,2026-01-12 08:07:37,2026-05-27 02:32:09,3,True,routine
P001302,1,1,0,0,2026-05-13 04:49:26,2026-05-13 04:49:26,4,True,routine
P001303,3,3,0,0,2026-03-26 11:09:44,2026-05-09 18:24:00,4,True,new
P001304,6,5,2,0,2026-01-31 01:08:37,2026-05-26 15:42:39,2,False,high_support_need
P001306,5,3,3,0,2026-01-10 12:33:37,2026-04-23 10:28:23,3,True,routine
P001307,5,3,1,0,2026-01-15 11:33:37,2026-03-30 10:46:33,4,False,new
P001308,5,3,2,1,2026-02-15 01:09:22,2026-05-20 07:54:58,3,True,routine
P001309,3,2,0,0,2026-01-26 17:15:46,2026-05-15 06:05:44,4,True,routine
P001310,7,5,4,0,2026-01-11 02:16:09,2026-05-09 23:45:23,2,False,routine
P001311,3,3,1,0,2026-01-22 06:02:34,2026-03-18 19:23:29,3,True,routine
P001312,2,1,1,0,2026-01-26 00:16:41,2026-01-31 20:10:41,4,True,high_support_need
P001313,2,1,0,0,2026-04-24 07:46:37,2026-05-22 13:34:21,5,True,routine
P001314,4,2,1,0,2026-02-01 15:31:33,2026-05-28 00:41:41,4,True,routine
P001315,2,0,0,0,2026-02-11 03:58:35,2026-04-29 18:32:38,4,True,high_support_need
P001316,2,2,0,0,2026-01-03 08:15:35,2026-05-02 07:22:28,3,True,routine
P001317,5,2,2,0,2026-01-19 01:28:14,2026-04-07 14:08:38,4,True,routine
P001318,4,4,1,0,2026-01-06 01:57:24,2026-04-21 15:04:26,3,True,high_support_need
P001319,2,2,0,0,2026-01-17 06:56:19,2026-05-07 21:26:53,4,True,new
P001320,4,2,1,0,2026-03-10 02:43:27,2026-05-25 11:20:46,4,True,routine
P001321,2,1,1,0,2026-05-12 12:46:32,2026-05-22 18:18:27,3,True,routine
P001322,4,3,0,0,2026-01-18 11:48:29,2026-05-31 12:37:36,3,True,high_support_need
P001323,3,3,0,0,2026-02-10 19:46:31,2026-04-04 17:10:45,3,True,routine
P001324,2,2,0,0,2026-01-26 14:15:13,2026-02-22 21:58:34,3,False,high_support_need
P001325,4,1,0,0,2026-01-29 10:55:37,2026-05-12 01:02:49,5,True,routine
P001326,4,4,1,0,2026-01-05 05:54:59,2026-05-06 16:35:17,3,True,new
P001327,2,1,1,0,2026-02-20 22:43:26,2026-02-21 17:14:26,4,True,routine
P001328,2,1,0,0,2026-01-05 08:40:24,2026-05-09 11:54:26,4,True,routine
P001329,4,4,1,0,2026-01-27 23:26:09,2026-05-30 00:37:38,4,False,routine
P001330,3,3,1,0,2026-01-07 10:51:01,2026-02-06 05:33:20,3,True,routine
P001331,6,1,3,0,2026-01-22 07:49:48,2026-05-18 20:01:09,3,False,routine
P001332,3,2,1,0,2026-03-25 15:02:17,2026-04-27 10:41:37,3,False,routine
P001333,5,2,1,0,2026-01-14 12:33:44,2026-04-22 21:47:22,4,True,routine
P001334,5,2,0,0,2026-01-10 13:06:35,2026-05-19 01:35:28,4,True,routine
P001335,3,2,2,0,2026-01-21 09:22:13,2026-01-27 03:22:31,3,False,routine
P001336,5,3,2,0,2026-01-02 09:09:21,2026-04-23 04:18:52,3,False,routine
P001337,2,2,0,1,2026-03-08 18:06:31,2026-04-15 13:40:47,5,True,routine
P001338,1,0,0,0,2026-03-21 09:17:20,2026-03-21 09:17:20,5,True,routine
P001339,2,2,0,0,2026-02-09 16:40:59,2026-04-02 09:04:30,4,True,routine
P001340,8,5,4,0,2026-01-12 10:15:45,2026-04-30 10:18:56,2,False,routine
P001341,1,1,0,0,2026-05-09 16:02:57,2026-05-09 16:02:57,4,True,routine
P001342,4,1,2,0,2026-01-08 18:34:44,2026-03-01 16:41:36,4,True,high_support_need
P001343,4,2,0,0,2026-02-02 14:36:24,2026-04-27 19:51:39,5,True,routine
P001344,4,3,0,1,2026-01-08 02:29:07,2026-05-30 06:02:10,3,False,routine
P001345,3,2,1,0,2026-03-12 14:01:38,2026-05-28 06:37:17,3,True,routine
P001346,4,4,1,0,2026-02-11 00:02:24,2026-04-09 12:49:59,3,True,high_support_need
P001347,2,0,1,0,2026-05-02 01:02:38,2026-05-14 15:07:31,5,True,routine
P001348,3,3,1,0,2026-03-30 21:11:11,2026-05-04 15:35:23,3,True,high_support_need
P001349,7,4,4,0,2026-01-01 07:28:33,2026-04-20 00:43:47,1,False,high_support_need
P001350,5,4,2,0,2026-02-13 04:06:13,2026-05-09 22:34:19,2,False,routine
P001351,5,2,1,0,2026-01-10 18:22:32,2026-05-12 01:04:40,4,True,routine
P001352,5,2,3,0,2026-01-31 07:21:22,2026-03-04 23:08:51,3,False,new
P001353,1,1,0,0,2026-03-03 14:04:08,2026-03-03 14:04:08,5,False,routine
P001354,3,1,0,0,2026-02-06 18:05:27,2026-05-31 11:23:46,4,True,high_support_need
P001355,4,3,1,0,2026-01-21 13:19:48,2026-04-06 15:22:59,2,True,routine
P001356,4,2,0,0,2026-01-06 03:40:41,2026-04-12 03:01:21,4,True,routine
P001357,3,2,0,1,2026-03-15 17:15:05,2026-05-17 23:46:24,3,True,high_support_need
P001358,3,2,0,0,2026-01-06 10:33:40,2026-05-31 08:54:54,4,True,routine
P001359,6,4,2,0,2026-01-12 21:01:45,2026-05-25 11:08:38,3,True,routine
P001360,6,5,3,0,2026-02-25 07:09:48,2026-05-26 00:26:47,2,False,routine
P001361,6,4,1,0,2026-01-13 10:20:58,2026-05-28 10:11:07,2,True,routine
P001362,7,4,3,0,2026-01-21 20:17:23,2026-05-21 06:01:35,2,True,routine
P001363,4,4,1,0,2026-01-07 07:39:15,2026-04-15 23:21:43,2,True,routine
P001364,2,2,0,0,2026-01-04 00:20:07,2026-01-29 12:45:20,4,True,routine
P001365,6,5,3,0,2026-02-03 01:41:06,2026-05-25 20:06:44,2,True,new
P001366,4,3,1,0,2026-03-05 21:48:04,2026-04-21 15:33:57,3,True,routine
P001367,5,4,1,0,2026-02-17 02:12:29,2026-05-04 01:14:41,3,True,routine
P001368,5,4,2,0,2026-03-11 21:11:12,2026-05-31 07:43:27,2,True,new
P001369,4,3,0,1,2026-01-06 05:35:05,2026-05-16 12:28:48,4,True,new
P001370,2,1,0,0,2026-03-09 10:02:57,2026-05-05 14:41:53,4,True,routine
P001372,6,6,3,1,2026-02-20 10:37:31,2026-05-09 10:41:11,1,True,routine
P001373,4,2,1,0,2026-01-31 07:05:39,2026-05-14 21:15:28,3,True,new
P001374,2,2,0,0,2026-03-07 10:09:25,2026-04-06 00:22:53,4,True,routine
P001375,4,4,1,0,2026-01-14 03:02:07,2026-04-06 11:44:51,3,True,routine
P001376,5,4,2,1,2026-04-07 22:29:34,2026-05-30 12:21:55,1,False,routine
P001377,4,2,1,0,2026-02-01 18:28:14,2026-05-27 09:30:34,3,True,routine
P001379,2,0,0,0,2026-02-02 22:18:12,2026-02-24 05:47:11,4,True,high_support_need
P001380,3,1,0,0,2026-01-21 07:07:08,2026-04-27 03:26:56,3,True,routine
P001381,3,2,0,0,2026-01-14 20:34:33,2026-04-28 14:40:29,4,True,new
P001382,5,5,1,0,2026-01-27 10:29:37,2026-05-19 00:29:55,3,True,routine
P001383,2,2,0,0,2026-04-19 10:21:22,2026-05-14 19:53:57,4,True,new
P001384,7,2,2,0,2026-01-06 09:53:34,2026-05-03 07:06:37,3,True,high_support_need
P001385,3,3,0,0,2026-01-02 04:14:33,2026-05-10 08:07:58,4,True,new
P001386,4,1,2,1,2026-01-25 01:25:30,2026-03-30 20:43:59,2,True,new
P001387,4,2,1,0,2026-01-07 15:51:30,2026-03-23 11:27:05,4,True,routine
P001388,3,2,0,0,2026-02-20 12:11:31,2026-05-18 13:20:28,5,True,routine
P001389,2,2,0,0,2026-02-02 01:54:27,2026-02-22 17:20:29,4,True,routine
P001390,4,2,0,0,2026-02-01 04:25:07,2026-05-07 08:39:55,4,True,routine
P001391,5,4,1,0,2026-01-03 05:46:43,2026-04-29 00:55:01,3,True,high_support_need
P001392,4,4,2,0,2026-01-17 11:05:30,2026-04-20 05:39:56,3,True,high_support_need
P001393,4,3,1,1,2026-04-11 16:47:27,2026-05-25 19:05:58,2,True,new
P001394,3,3,0,0,2026-02-22 06:17:01,2026-04-27 00:25:22,3,True,routine
P001395,5,4,2,0,2026-01-01 13:59:58,2026-04-06 11:54:26,3,True,new
P001396,3,1,0,0,2026-03-26 15:50:11,2026-05-14 10:49:03,5,True,new
P001397,2,2,0,0,2026-03-25 18:53:23,2026-05-29 21:18:34,3,True,routine
P001398,4,3,1,0,2026-01-22 11:58:58,2026-04-01 09:36:13,2,True,routine
P001399,4,4,0,1,2026-01-12 06:43:59,2026-05-01 10:04:12,2,True,new
P001400,3,3,0,0,2026-01-13 01:30:53,2026-03-08 11:22:16,4,True,routine
P001401,4,4,1,1,2026-01-26 09:43:06,2026-04-20 13:02:47,3,True,routine
P001402,1,1,0,0,2026-01-01 02:20:52,2026-01-01 02:20:52,4,True,routine
P001403,6,3,3,0,2026-01-04 00:37:28,2026-05-11 20:04:55,2,False,routine
P001404,7,6,3,0,2026-01-20 13:55:36,2026-05-24 17:17:08,1,False,new
P001405,2,1,0,0,2026-04-19 16:27:41,2026-05-16 05:15:02,5,True,routine
P001406,3,2,0,0,2026-02-03 05:28:49,2026-03-24 02:14:35,4,True,routine
P001407,2,2,0,0,2026-02-02 20:04:01,2026-03-07 00:55:33,4,True,routine
P001408,5,4,1,0,2026-01-05 03:47:31,2026-05-10 01:08:06,3,True,routine
P001409,1,1,0,0,2026-01-14 13:45:27,2026-01-14 13:45:27,5,True,routine
P001410,7,6,4,1,2026-01-05 19:09:14,2026-04-23 09:45:56,2,True,routine
P001411,7,4,2,0,2026-01-25 03:33:32,2026-05-24 14:05:59,3,False,new
P001412,7,3,3,0,2026-01-26 13:38:23,2026-05-08 10:31:45,3,False,routine
P001413,2,1,0,0,2026-04-15 02:42:42,2026-05-12 07:29:32,5,False,high_support_need
P001414,6,3,3,0,2026-02-27 19:58:33,2026-05-17 02:21:58,2,True,routine
P001415,2,1,0,0,2026-03-25 15:49:02,2026-05-06 20:12:41,5,True,high_support_need
P001416,5,2,0,0,2026-01-18 06:14:36,2026-05-31 18:03:08,4,True,routine
P001417,4,4,1,0,2026-02-06 03:49:46,2026-05-14 17:33:45,3,True,new
P001418,3,1,1,0,2026-01-11 02:49:33,2026-02-27 20:06:48,4,True,routine
P001419,3,2,1,0,2026-01-16 20:21:22,2026-05-28 17:56:39,3,True,routine
P001420,4,3,2,1,2026-01-11 13:06:30,2026-05-03 09:05:41,3,False,routine
P001421,4,2,1,0,2026-02-01 16:10:39,2026-05-09 06:35:39,3,True,routine
P001422,4,2,2,0,2026-01-14 08:53:34,2026-03-22 06:58:26,4,True,routine
P001423,4,3,0,0,2026-01-26 07:39:09,2026-05-08 13:38:27,5,True,routine
P001424,7,3,4,0,2026-01-04 19:22:18,2026-05-05 06:41:15,3,False,routine
P001425,6,3,4,1,2026-02-15 23:07:39,2026-05-17 20:34:23,3,False,routine
P001426,5,3,3,0,2026-01-01 03:11:16,2026-03-01 18:22:16,3,True,routine
P001427,2,1,0,0,2026-02-07 01:19:50,2026-02-23 20:35:17,4,True,routine
P001428,7,4,3,0,2026-01-22 14:54:30,2026-05-09 19:04:18,3,False,new
P001429,4,3,0,0,2026-01-22 02:58:42,2026-05-23 08:57:45,3,True,routine
P001430,6,5,3,1,2026-01-19 13:20:20,2026-04-25 19:52:31,2,False,new
P001431,5,3,1,0,2026-01-01 07:24:09,2026-04-29 23:38:42,5,True,high_support_need
P001432,3,1,1,0,2026-02-19 12:13:54,2026-05-01 18:12:44,4,True,high_support_need
P001433,4,3,2,0,2026-02-07 02:35:41,2026-05-07 11:58:33,3,False,high_support_need
P001434,8,7,5,0,2026-01-29 08:30:17,2026-05-25 20:55:29,2,False,routine
P001435,4,3,0,0,2026-01-08 10:57:58,2026-05-30 08:23:19,3,True,new
P001436,2,2,0,0,2026-01-24 08:14:54,2026-02-10 18:20:44,3,True,high_support_need
P001437,2,2,0,0,2026-03-14 05:20:50,2026-05-01 01:30:46,4,True,routine
P001438,3,2,0,0,2026-01-12 05:42:04,2026-03-20 22:12:55,4,True,routine
P001439,4,3,1,1,2026-02-16 08:16:32,2026-05-01 12:05:10,3,False,routine
P001440,3,0,1,0,2026-02-05 04:47:31,2026-03-29 12:39:38,4,True,new
P001441,7,6,3,0,2026-01-07 03:31:06,2026-04-20 23:40:43,2,True,routine
P001442,4,3,1,0,2026-01-13 03:01:34,2026-03-25 17:29:14,3,True,high_support_need
P001443,5,4,0,0,2026-01-17 17:57:01,2026-05-31 08:56:17,3,True,high_support_need
P001444,1,0,0,0,2026-04-11 05:45:01,2026-04-11 05:45:01,4,True,new
P001445,4,1,0,0,2026-02-16 21:43:41,2026-05-15 06:44:55,4,True,high_support_need
P001446,6,5,1,0,2026-01-02 06:56:12,2026-05-04 16:34:47,2,True,new
P001447,4,4,1,2,2026-02-14 13:28:17,2026-04-10 22:23:05,4,True,routine
P001448,4,2,2,0,2026-04-04 12:35:13,2026-04-28 11:32:26,4,True,routine
P001449,6,5,2,0,2026-01-23 16:58:08,2026-05-18 12:47:22,2,False,high_support_need
P001450,4,2,0,0,2026-02-11 13:44:48,2026-05-23 01:37:18,4,False,new
P001451,2,1,0,0,2026-04-12 05:51:48,2026-05-01 00:18:11,4,True,routine
P001452,7,5,3,0,2026-01-25 15:18:35,2026-05-28 19:35:02,2,True,routine
P001453,6,4,3,0,2026-01-27 22:57:58,2026-05-19 19:57:34,3,True,routine
P001454,5,5,0,0,2026-01-10 04:35:59,2026-05-17 05:17:32,3,False,new
P001455,5,4,3,0,2026-03-01 02:06:21,2026-05-26 17:18:24,1,True,high_support_need
P001456,3,1,1,0,2026-02-13 17:43:14,2026-04-03 06:53:41,5,True,new
P001457,3,2,2,0,2026-05-09 01:13:34,2026-05-25 00:40:04,4,True,routine
P001458,5,5,0,0,2026-02-03 22:41:22,2026-05-28 02:22:35,2,True,new
P001459,5,4,1,0,2026-01-04 11:55:48,2026-05-18 02:58:52,3,False,new
P001460,2,2,1,0,2026-02-02 16:58:39,2026-02-11 09:25:53,3,True,routine
P001461,3,3,1,0,2026-04-21 03:58:31,2026-05-22 02:39:15,3,False,routine
P001462,3,3,1,0,2026-04-06 17:03:57,2026-05-31 00:17:49,3,True,high_support_need
P001463,4,3,0,0,2026-02-14 09:13:26,2026-05-30 10:25:11,3,True,routine
P001464,1,1,0,0,2026-04-03 14:13:27,2026-04-03 14:13:27,5,True,routine
P001466,5,4,1,1,2026-01-11 01:58:55,2026-04-24 17:24:22,3,True,new
P001467,4,4,1,0,2026-01-14 14:32:32,2026-05-28 08:38:13,3,True,new
P001468,5,4,2,1,2026-01-01 13:37:01,2026-03-15 07:37:41,3,False,routine
P001469,2,1,0,0,2026-03-07 04:30:36,2026-05-17 23:09:53,5,True,routine
P001470,5,2,3,0,2026-01-29 08:45:14,2026-03-28 12:51:37,4,False,new
P001471,4,4,2,2,2026-04-16 05:33:04,2026-05-16 11:56:29,3,False,new
P001472,3,3,1,0,2026-01-02 08:51:05,2026-01-20 03:22:44,3,False,routine
P001473,5,4,1,0,2026-01-19 01:07:01,2026-05-25 11:01:54,2,False,routine
P001474,4,0,1,0,2026-03-03 18:13:14,2026-04-30 02:57:00,4,True,routine
P001475,8,7,5,0,2026-03-06 09:14:44,2026-05-26 10:37:50,2,False,routine
P001476,2,2,0,0,2026-04-08 01:37:48,2026-05-21 18:51:16,5,True,routine
P001477,5,3,2,0,2026-01-04 12:11:09,2026-05-20 04:04:27,3,True,high_support_need
P001478,5,3,2,0,2026-01-19 14:48:03,2026-05-28 07:38:15,2,False,new
P001479,7,3,4,0,2026-02-01 14:55:02,2026-05-18 06:16:18,2,False,new
P001480,3,3,1,0,2026-01-14 14:18:20,2026-03-12 09:54:10,3,False,routine
P001481,4,4,0,0,2026-01-12 19:42:12,2026-05-02 16:44:53,3,True,routine
P001482,5,4,3,1,2026-01-02 08:38:39,2026-05-21 05:46:44,2,False,new
P001483,4,3,1,0,2026-01-17 21:51:15,2026-05-11 10:13:42,3,True,high_support_need
P001484,7,5,2,0,2026-01-01 00:40:39,2026-05-31 14:25:20,2,False,routine
P001485,3,3,0,0,2026-02-14 22:00:26,2026-04-16 21:38:57,3,True,routine
P001486,2,2,0,0,2026-03-28 18:03:01,2026-04-28 04:21:26,5,True,routine
P001487,3,2,0,1,2026-03-11 15:20:22,2026-05-11 17:03:13,4,True,routine
P001489,5,3,2,0,2026-01-21 10:02:03,2026-05-31 23:37:32,3,False,routine
P001490,5,1,1,0,2026-01-05 06:59:47,2026-05-14 15:36:06,4,True,new
P001492,6,5,2,0,2026-01-08 05:12:34,2026-05-03 14:14:37,2,True,routine
P001493,3,3,0,1,2026-02-01 08:43:37,2026-05-09 04:48:15,4,True,routine
P001494,6,4,3,0,2026-02-19 18:24:05,2026-05-22 20:48:44,3,True,routine
P001495,6,4,2,1,2026-02-03 03:48:58,2026-05-10 15:08:19,3,True,new
P001496,5,4,1,0,2026-01-21 13:22:07,2026-05-16 08:28:22,3,True,new
P001497,3,2,1,1,2026-01-03 17:30:24,2026-03-23 19:49:51,3,True,routine
P001498,2,0,0,0,2026-03-15 13:25:14,2026-04-12 18:24:54,5,True,routine
P001499,6,4,3,0,2026-01-15 07:01:25,2026-03-04 00:50:37,2,False,routine
P001500,4,2,1,0,2026-01-10 16:22:33,2026-04-18 17:56:53,3,False,routine
P001501,7,5,2,0,2026-01-05 07:36:39,2026-05-12 17:38:59,2,True,high_support_need
P001502,6,5,4,0,2026-02-09 09:01:12,2026-04-14 09:43:46,2,True,routine
P001503,2,1,0,0,2026-04-19 09:39:37,2026-05-20 00:29:42,4,True,high_support_need
P001504,5,4,1,0,2026-01-31 19:46:20,2026-05-14 00:40:14,4,True,high_support_need
P001505,2,1,0,0,2026-02-06 21:32:19,2026-05-22 23:20:52,4,True,new
P001506,3,1,1,0,2026-02-05 06:03:25,2026-05-28 01:34:34,5,True,routine
P001507,5,3,1,0,2026-01-25 00:18:13,2026-05-25 09:38:00,3,True,routine
P001508,4,1,1,0,2026-01-06 21:40:35,2026-04-14 14:04:41,4,True,routine
P001509,5,4,3,0,2026-01-09 05:31:36,2026-05-31 02:29:16,3,False,new
P001510,6,5,2,0,2026-01-15 07:19:27,2026-05-31 05:28:57,1,True,routine
P001512,4,2,1,0,2026-01-10 09:09:57,2026-04-05 05:18:47,3,True,routine
P001513,3,1,0,1,2026-01-08 11:09:22,2026-05-12 14:48:11,4,True,routine
P001514,4,1,0,0,2026-02-08 01:31:48,2026-05-07 20:41:41,4,True,routine
P001515,3,1,0,0,2026-02-17 08:39:15,2026-05-29 16:47:32,4,False,routine
P001516,5,3,3,0,2026-03-09 07:12:30,2026-05-01 06:54:40,2,True,routine
P001517,7,5,3,1,2026-01-16 09:34:39,2026-05-31 11:29:23,2,True,high_support_need
P001518,3,1,1,1,2026-04-30 03:35:14,2026-05-25 23:19:09,4,True,routine
P001519,5,3,2,0,2026-01-02 11:08:46,2026-05-27 16:57:10,3,True,routine
P001521,3,3,0,0,2026-01-24 18:27:43,2026-05-31 17:20:34,3,True,routine
P001522,3,1,0,0,2026-01-30 05:26:46,2026-05-19 16:31:50,4,False,routine
P001523,6,4,3,2,2026-01-18 05:22:02,2026-05-30 11:04:26,2,False,routine
P001524,5,2,1,0,2026-02-13 04:21:53,2026-05-18 11:16:52,4,True,routine
P001525,2,2,0,0,2026-01-07 04:13:31,2026-04-20 11:55:24,4,True,routine
P001526,4,3,2,0,2026-03-07 01:50:26,2026-05-29 23:13:32,2,True,routine
P001527,4,3,0,0,2026-02-13 10:36:18,2026-05-09 13:53:24,5,True,routine
P001528,4,3,2,0,2026-01-17 20:36:12,2026-05-22 09:20:51,2,True,routine
P001529,5,4,2,0,2026-01-20 09:26:08,2026-05-26 22:21:42,3,False,routine
P001530,1,1,0,0,2026-02-16 21:49:40,2026-02-16 21:49:40,4,True,routine
P001531,6,5,3,0,2026-01-06 19:45:33,2026-05-26 12:33:53,2,False,routine
P001532,3,2,1,0,2026-01-22 23:50:26,2026-05-23 13:32:37,4,False,routine
P001533,7,4,2,0,2026-02-04 02:47:05,2026-05-26 08:37:24,3,False,routine
P001534,4,4,2,1,2026-01-09 07:25:33,2026-05-11 06:27:07,3,True,routine
P001535,3,3,1,0,2026-02-26 04:07:44,2026-05-29 07:09:39,3,True,new
P001536,4,2,0,0,2026-01-30 20:10:02,2026-05-06 15:54:36,3,True,new
P001537,3,1,2,0,2026-04-10 13:17:34,2026-04-22 02:13:31,4,True,routine
P001538,4,2,2,0,2026-01-29 13:18:16,2026-05-21 02:09:04,3,True,routine
P001539,7,6,4,0,2026-01-08 09:06:20,2026-05-28 18:34:20,1,False,new
P001540,5,2,1,0,2026-01-14 09:04:26,2026-05-30 12:22:48,4,True,routine
P001541,3,3,0,0,2026-01-02 23:10:22,2026-05-24 23:42:18,3,True,routine
P001542,4,2,0,0,2026-01-24 23:34:21,2026-05-23 11:58:10,4,True,new
P001543,7,6,3,0,2026-01-05 23:30:59,2026-05-21 00:03:37,2,True,new
P001544,3,2,1,0,2026-02-22 15:14:13,2026-04-12 19:32:05,4,True,new
P001545,5,3,2,1,2026-01-22 00:13:15,2026-04-29 09:52:34,2,True,routine
P001546,5,2,2,0,2026-02-13 17:12:24,2026-05-23 14:59:14,3,True,routine
P001547,5,4,1,0,2026-01-28 14:58:44,2026-04-07 01:41:07,3,True,routine
P001548,3,3,0,0,2026-02-23 20:37:30,2026-04-09 11:59:11,3,True,high_support_need
P001549,8,6,5,0,2026-02-02 01:28:55,2026-05-09 23:22:43,1,False,high_support_need
P001550,2,1,0,0,2026-01-13 12:35:52,2026-04-16 00:19:29,5,True,new
P001551,4,3,1,0,2026-01-16 15:56:19,2026-04-27 06:46:50,3,False,new
P001552,3,2,0,0,2026-03-05 13:15:24,2026-04-10 07:54:33,4,True,high_support_need
P001553,4,4,2,2,2026-02-09 12:21:48,2026-04-12 09:51:07,3,True,routine
P001554,3,2,0,0,2026-01-30 13:32:02,2026-03-26 18:47:04,4,True,routine
P001555,2,1,1,0,2026-03-12 23:02:59,2026-03-16 14:59:08,3,True,routine
P001556,3,2,1,0,2026-03-19 19:55:04,2026-05-04 18:50:30,5,True,new
P001558,9,8,5,0,2026-02-15 17:12:09,2026-05-20 06:01:09,2,False,routine
P001559,6,4,3,0,2026-01-04 07:55:27,2026-04-01 13:15:19,2,False,routine
P001560,2,2,0,0,2026-03-11 02:07:48,2026-04-25 10:04:59,3,True,routine
P001561,3,3,0,0,2026-01-10 23:16:14,2026-03-24 10:09:20,4,True,routine
P001562,3,2,0,0,2026-01-09 02:32:08,2026-05-05 00:22:07,4,True,routine
P001564,7,4,3,0,2026-01-16 06:14:10,2026-05-30 13:22:53,2,True,routine
P001565,2,0,0,0,2026-01-02 06:33:39,2026-03-28 04:30:49,4,True,routine
P001566,8,4,3,1,2026-01-13 01:56:26,2026-05-18 12:52:05,2,False,routine
P001567,8,4,4,0,2026-01-01 07:51:25,2026-05-01 04:34:15,3,False,new
P001568,5,2,3,1,2026-03-22 09:20:20,2026-05-26 07:20:48,3,True,routine
P001569,5,3,2,0,2026-02-13 09:40:27,2026-04-07 12:47:51,3,True,routine
P001570,4,4,2,0,2026-02-01 04:06:42,2026-04-03 00:51:23,3,False,high_support_need
P001571,3,3,1,0,2026-01-23 01:18:06,2026-02-22 14:55:02,3,True,routine
P001572,8,5,5,0,2026-01-01 21:15:47,2026-05-01 05:27:18,2,False,new
P001573,3,1,0,0,2026-01-19 15:43:01,2026-04-10 12:05:40,4,True,new
P001574,7,4,3,0,2026-01-13 22:10:38,2026-04-28 23:28:36,2,False,routine
P001575,6,5,2,0,2026-01-13 03:31:37,2026-04-14 00:53:44,3,True,routine
P001576,3,3,0,0,2026-01-09 01:12:58,2026-05-20 10:34:35,4,True,routine
P001577,6,4,1,1,2026-01-24 20:14:04,2026-05-28 11:01:42,3,False,routine
P001578,4,1,0,0,2026-02-10 02:40:01,2026-05-05 01:44:23,4,False,routine
P001579,6,4,2,1,2026-01-02 16:29:59,2026-05-03 07:55:51,3,False,routine
P001580,3,2,0,0,2026-01-05 21:23:11,2026-04-23 13:08:34,4,True,routine
P001581,4,2,2,0,2026-01-20 02:28:28,2026-04-01 19:53:51,3,False,routine
P001582,6,5,1,1,2026-01-07 11:46:50,2026-05-12 21:50:10,3,False,high_support_need
P001583,4,2,2,0,2026-02-19 21:45:23,2026-03-23 14:03:24,4,True,high_support_need
P001584,2,1,0,0,2026-01-16 02:05:15,2026-04-15 13:37:39,4,True,new
P001585,4,4,1,0,2026-02-05 10:02:38,2026-05-04 14:32:10,3,True,routine
P001586,5,2,2,0,2026-01-05 17:54:27,2026-05-24 03:48:17,3,False,routine
P001587,4,3,0,0,2026-02-05 11:19:22,2026-05-01 17:21:13,3,True,routine
P001588,4,4,0,0,2026-01-05 23:59:31,2026-05-15 16:07:16,3,True,routine
P001589,1,1,0,0,2026-03-06 12:11:55,2026-03-06 12:11:55,4,True,new
P001590,2,2,0,0,2026-02-28 17:46:07,2026-05-14 22:05:03,4,True,high_support_need
P001591,5,3,1,0,2026-01-07 16:23:36,2026-04-07 15:50:22,4,False,routine
P001592,8,6,4,0,2026-02-05 18:16:02,2026-05-27 06:07:30,1,False,high_support_need
P001593,5,5,1,0,2026-01-09 19:41:54,2026-04-12 06:07:59,3,False,new
P001594,2,1,0,1,2026-02-08 16:33:27,2026-04-15 11:57:25,4,True,high_support_need
P001595,5,2,1,0,2026-01-17 16:43:21,2026-05-04 12:39:32,3,True,routine
P001596,3,0,0,0,2026-01-24 17:05:48,2026-04-26 08:28:52,5,True,new
P001597,4,1,1,0,2026-01-02 03:52:52,2026-05-27 23:32:53,3,True,routine
P001598,8,6,5,0,2026-01-01 15:26:10,2026-03-29 10:23:49,1,False,new
P001599,5,2,1,0,2026-01-31 18:24:59,2026-05-26 23:17:20,4,False,routine
P001600,2,2,1,1,2026-01-28 00:05:09,2026-02-10 18:04:06,2,True,routine
P001601,2,2,0,0,2026-03-18 08:12:50,2026-04-21 11:16:41,4,False,routine
P001602,2,2,0,0,2026-02-06 02:28:52,2026-03-29 06:27:43,3,True,routine
P001603,2,1,0,0,2026-01-03 01:25:18,2026-03-26 01:06:16,4,True,new
P001604,8,5,3,0,2026-01-17 21:20:37,2026-05-28 07:10:30,2,False,high_support_need
P001605,1,1,0,0,2026-02-14 14:34:25,2026-02-14 14:34:25,4,True,routine
P001606,4,3,1,0,2026-01-23 08:42:42,2026-04-27 15:22:16,3,True,high_support_need
P001607,5,3,2,0,2026-01-04 12:02:26,2026-05-06 06:33:45,4,True,routine
P001608,8,5,7,0,2026-01-28 06:49:52,2026-02-26 19:20:24,2,False,routine
P001609,4,4,0,0,2026-02-09 12:22:54,2026-05-28 04:07:56,3,False,routine
P001610,9,9,5,0,2026-01-08 01:28:37,2026-05-30 08:50:17,2,True,new
P001611,2,2,0,1,2026-03-04 03:40:11,2026-04-24 11:32:31,4,False,routine
P001612,1,1,0,0,2026-01-04 18:09:41,2026-01-04 18:09:41,5,True,routine
P001613,4,3,2,0,2026-01-14 13:14:51,2026-03-14 05:18:12,4,True,routine
P001614,10,7,6,0,2026-01-08 07:08:06,2026-05-25 12:38:00,2,False,high_support_need
P001615,3,1,1,0,2026-04-08 08:36:53,2026-05-13 07:00:46,3,False,routine
P001616,4,2,0,0,2026-01-23 19:30:59,2026-05-24 06:17:38,4,True,high_support_need
P001617,2,1,0,0,2026-01-06 04:26:04,2026-03-10 11:21:58,4,True,new
P001618,5,4,2,0,2026-02-07 18:19:20,2026-05-20 14:51:29,3,False,routine
P001619,4,2,1,0,2026-01-11 15:18:53,2026-05-21 21:41:26,3,False,new
P001620,5,5,1,0,2026-01-19 04:16:42,2026-05-22 09:56:01,2,True,routine
P001621,4,2,2,0,2026-02-23 13:48:40,2026-05-24 08:21:02,3,False,routine
P001622,9,6,4,1,2026-01-10 10:45:14,2026-04-17 02:06:48,2,False,new
P001623,3,1,0,0,2026-01-19 05:08:02,2026-05-28 18:07:45,4,False,routine
P001624,2,1,0,0,2026-01-11 15:33:03,2026-04-23 18:47:16,4,True,routine
P001625,6,4,2,0,2026-01-25 19:59:23,2026-05-02 15:26:54,3,True,new
P001626,2,0,0,0,2026-03-03 09:09:03,2026-03-18 22:37:41,5,True,high_support_need
P001627,3,2,1,0,2026-01-23 00:46:09,2026-04-06 01:03:35,4,False,routine
P001628,8,7,4,1,2026-01-20 11:44:31,2026-04-30 14:35:52,1,True,new
P001629,5,3,0,0,2026-01-21 14:15:31,2026-05-04 19:35:46,4,True,routine
P001630,6,2,2,0,2026-01-04 14:39:55,2026-04-27 01:22:17,2,False,routine
P001631,6,6,1,1,2026-01-03 10:10:40,2026-04-23 12:32:29,2,False,routine
P001632,2,2,0,0,2026-02-23 09:57:51,2026-04-04 05:13:59,4,False,new
P001633,5,4,3,0,2026-02-03 20:11:01,2026-03-18 14:31:10,2,True,routine
P001634,4,1,0,0,2026-01-05 14:03:59,2026-05-16 16:10:02,5,True,routine
P001635,5,3,1,0,2026-01-17 18:34:35,2026-05-17 12:53:36,3,False,high_support_need
P001636,4,2,1,1,2026-02-01 17:33:55,2026-04-27 04:19:29,3,False,routine
P001637,2,1,1,0,2026-05-06 09:49:29,2026-05-12 08:36:14,5,True,routine
P001638,2,1,0,0,2026-01-11 23:04:53,2026-01-29 03:49:36,3,True,new
P001639,1,1,0,0,2026-02-04 00:06:14,2026-02-04 00:06:14,4,True,new
P001640,6,1,1,0,2026-01-18 03:52:37,2026-04-19 22:18:47,4,False,high_support_need
P001641,5,4,3,1,2026-02-04 04:15:53,2026-04-16 03:00:56,4,False,routine
P001642,6,4,3,0,2026-01-21 20:21:53,2026-05-30 11:16:58,2,False,routine
P001643,5,5,3,0,2026-04-03 14:07:48,2026-05-03 05:42:31,2,False,new
P001644,4,2,1,0,2026-01-10 00:01:24,2026-05-13 02:54:52,4,False,new
P001645,2,2,0,0,2026-04-08 12:50:09,2026-05-08 16:51:31,3,True,new
P001646,4,1,1,0,2026-02-01 04:27:31,2026-05-29 01:35:49,4,False,routine
P001647,4,2,1,0,2026-01-16 21:47:00,2026-05-18 05:28:11,3,False,routine
P001648,4,3,1,0,2026-01-02 16:06:50,2026-04-16 10:39:51,2,True,routine
P001649,3,1,0,0,2026-01-01 14:17:35,2026-05-23 00:21:43,4,True,routine
P001650,3,3,2,0,2026-03-29 08:26:52,2026-04-26 00:28:46,3,True,routine
P001651,3,2,0,0,2026-01-22 22:00:21,2026-05-10 01:40:37,5,True,new
P001652,3,0,0,0,2026-01-13 01:28:18,2026-05-01 22:07:48,4,True,new
P001653,4,3,1,0,2026-01-03 12:23:56,2026-04-28 23:55:12,2,True,routine
P001654,7,3,1,0,2026-01-02 15:34:17,2026-05-23 00:31:46,3,True,routine
P001656,5,5,2,0,2026-02-26 12:06:12,2026-05-30 09:33:40,2,True,new
P001657,1,1,0,0,2026-04-01 08:00:41,2026-04-01 08:00:41,4,True,high_support_need
P001658,2,1,0,0,2026-01-06 09:52:34,2026-01-26 03:30:24,4,True,new
P001659,1,0,0,0,2026-05-06 21:34:01,2026-05-06 21:34:01,4,True,new
P001660,2,2,0,0,2026-03-06 22:07:07,2026-03-24 10:34:45,3,True,new
P001661,4,4,2,0,2026-01-29 22:51:23,2026-04-13 22:08:08,3,False,routine
P001662,4,2,2,1,2026-02-18 02:30:36,2026-05-25 17:44:09,3,True,routine
P001664,6,5,2,0,2026-01-17 03:24:57,2026-04-15 10:29:50,2,True,routine
P001665,4,4,0,0,2026-01-11 14:08:59,2026-05-22 19:20:51,3,False,routine
P001666,2,2,1,0,2026-04-19 14:26:37,2026-04-23 17:39:42,4,True,routine
P001667,1,1,0,0,2026-03-20 19:36:57,2026-03-20 19:36:57,5,True,high_support_need
P001668,2,2,0,0,2026-01-26 08:47:18,2026-04-01 00:24:54,5,True,new
P001669,4,3,1,0,2026-03-09 06:20:00,2026-04-13 19:25:39,4,True,high_support_need
P001670,4,3,0,0,2026-01-17 23:06:42,2026-05-27 16:02:14,4,True,routine
P001671,1,0,0,0,2026-02-22 08:19:45,2026-02-22 08:19:45,5,True,routine
P001672,2,2,0,0,2026-03-10 05:56:31,2026-04-05 17:34:59,4,True,new
P001673,4,1,1,1,2026-01-08 07:55:14,2026-05-28 05:08:25,4,True,high_support_need
P001674,2,2,0,0,2026-03-08 09:50:41,2026-05-08 11:43:39,4,True,routine
P001675,2,2,0,0,2026-01-02 06:19:52,2026-05-24 23:57:39,3,True,new
P001676,7,4,4,0,2026-01-01 05:53:35,2026-03-25 14:06:48,3,False,routine
P001677,5,3,1,0,2026-01-13 18:02:48,2026-05-16 06:26:53,2,False,routine
P001678,6,4,0,0,2026-02-12 03:47:11,2026-05-23 05:39:05,4,True,routine
P001679,4,3,1,0,2026-02-27 10:53:32,2026-04-20 18:00:54,3,True,new
P001680,1,1,0,0,2026-04-13 14:24:33,2026-04-13 14:24:33,3,True,routine
P001681,3,2,0,0,2026-01-08 09:11:12,2026-02-20 23:10:37,3,True,routine
P001682,4,3,1,0,2026-01-02 07:44:26,2026-02-20 18:40:34,3,False,new
P001683,1,1,0,0,2026-01-15 03:59:57,2026-01-15 03:59:57,4,True,routine
P001684,5,4,2,0,2026-02-04 16:33:44,2026-05-10 01:21:29,3,True,routine
P001685,2,1,0,0,2026-01-14 11:25:00,2026-02-18 19:39:19,3,True,new
P001686,4,3,2,0,2026-02-06 01:43:26,2026-05-19 23:45:36,3,True,routine
P001687,1,1,0,0,2026-04-03 23:13:38,2026-04-03 23:13:38,5,False,high_support_need
P001688,2,2,0,0,2026-01-16 16:11:03,2026-04-27 11:24:10,4,True,new
P001689,5,5,3,0,2026-03-09 07:03:46,2026-05-07 18:43:04,2,False,routine
P001690,2,2,0,0,2026-03-11 23:38:12,2026-05-09 15:21:03,4,True,routine
P001691,3,2,1,0,2026-04-30 00:06:38,2026-05-30 14:21:18,3,False,new
P001692,2,2,0,0,2026-03-19 01:20:12,2026-05-24 15:55:50,3,True,routine
P001693,2,2,0,0,2026-02-01 01:35:19,2026-03-29 11:19:10,4,True,routine
P001694,1,0,0,0,2026-03-22 01:37:10,2026-03-22 01:37:10,5,True,routine
P001695,2,2,0,0,2026-01-02 15:41:39,2026-04-14 09:16:53,4,True,high_support_need
P001696,5,3,3,1,2026-02-07 14:03:53,2026-05-14 15:12:51,3,False,new
P001697,2,2,0,0,2026-02-06 21:46:05,2026-03-10 20:08:31,4,True,new
P001698,2,2,1,0,2026-01-12 08:27:56,2026-01-24 08:01:56,3,True,high_support_need
P001699,3,1,0,0,2026-01-13 06:14:10,2026-02-24 17:19:55,4,True,routine
P001700,7,6,3,0,2026-01-18 09:24:00,2026-05-01 22:56:15,1,False,new
P001701,2,0,0,0,2026-02-09 16:10:04,2026-04-16 20:00:51,5,True,new
P001703,2,1,0,0,2026-04-25 00:42:12,2026-05-19 04:41:47,4,True,routine
P001704,6,3,1,0,2026-01-05 19:12:05,2026-05-22 12:32:49,3,True,new
P001705,4,1,2,0,2026-03-14 09:00:03,2026-05-02 15:59:04,3,False,routine
P001706,4,4,0,1,2026-01-03 20:24:32,2026-05-10 01:40:43,3,True,routine
P001707,2,2,0,0,2026-02-05 04:04:19,2026-05-15 00:48:43,4,True,routine
P001708,5,3,3,0,2026-02-12 03:56:49,2026-04-09 17:39:04,3,True,routine
P001709,1,1,0,0,2026-03-22 05:12:41,2026-03-22 05:12:41,4,True,new
P001710,5,4,2,0,2026-01-27 07:51:48,2026-05-11 17:39:03,2,True,routine
P001711,1,1,0,0,2026-01-04 13:52:51,2026-01-04 13:52:51,5,True,new
P001712,6,4,2,0,2026-02-13 10:18:31,2026-05-20 00:20:31,3,True,routine
P001713,1,1,0,0,2026-01-21 20:36:59,2026-01-21 20:36:59,4,True,high_support_need
P001715,4,3,0,0,2026-03-11 12:22:09,2026-05-26 05:46:02,3,True,routine
P001716,4,1,1,0,2026-01-31 01:07:06,2026-05-12 16:04:57,5,True,high_support_need
P001717,4,1,1,0,2026-01-10 06:53:32,2026-05-06 08:13:58,4,True,routine
P001718,3,3,1,0,2026-01-28 16:00:14,2026-05-13 18:59:14,3,True,new
P001719,4,3,1,0,2026-01-10 04:02:21,2026-04-02 05:36:19,3,True,routine
P001720,3,2,0,0,2026-01-23 20:58:20,2026-05-27 16:28:01,4,True,high_support_need
P001721,4,2,2,0,2026-01-31 02:44:03,2026-03-03 07:48:10,2,False,routine
P001722,4,3,1,0,2026-01-09 08:59:09,2026-05-24 21:58:38,3,False,routine
P001723,5,4,2,1,2026-01-20 13:05:19,2026-04-20 18:06:12,2,True,new
P001724,4,3,1,1,2026-02-14 21:27:06,2026-05-22 02:07:30,3,True,new
P001725,4,3,1,0,2026-02-21 01:34:56,2026-05-24 14:04:30,4,True,routine
P001726,3,2,0,0,2026-03-01 11:06:02,2026-05-23 14:26:36,4,True,routine
P001727,9,3,3,0,2026-01-05 08:30:06,2026-05-23 09:36:10,2,True,routine
P001728,10,7,5,0,2026-01-01 12:45:29,2026-05-13 04:04:09,2,False,high_support_need
P001729,7,5,2,1,2026-01-05 23:20:31,2026-05-29 06:52:10,3,True,high_support_need
P001730,2,1,0,0,2026-01-03 07:54:11,2026-04-24 07:41:51,4,True,new
P001731,4,3,1,0,2026-01-11 23:20:31,2026-04-26 15:35:56,3,True,routine
P001732,4,4,1,0,2026-01-02 20:44:28,2026-05-28 13:53:54,3,False,routine
P001733,6,4,3,0,2026-01-15 15:49:12,2026-05-21 08:47:47,3,False,routine
P001734,3,1,1,0,2026-03-26 09:36:50,2026-04-25 02:41:59,4,True,routine
P001735,5,2,2,0,2026-02-19 13:33:18,2026-05-31 22:12:08,3,False,new
P001736,5,3,2,1,2026-01-20 18:00:14,2026-05-06 10:42:33,3,True,routine
P001737,2,1,1,0,2026-03-20 05:44:36,2026-03-25 01:21:03,4,True,routine
P001738,3,2,0,0,2026-01-10 14:43:53,2026-03-30 17:22:23,4,True,routine
P001739,2,2,0,0,2026-01-18 06:59:58,2026-05-21 10:22:04,4,True,high_support_need
P001740,2,1,0,0,2026-03-28 13:56:17,2026-05-26 23:35:30,4,True,new
P001741,3,3,1,0,2026-01-25 09:17:45,2026-04-10 06:20:23,4,True,routine
P001743,4,2,2,0,2026-01-25 22:22:59,2026-04-08 07:30:47,3,True,routine
P001744,6,4,3,0,2026-01-31 16:55:57,2026-04-27 00:44:20,3,True,new
P001745,7,5,4,0,2026-02-10 17:40:11,2026-05-18 06:46:32,1,False,routine
P001746,3,3,1,0,2026-01-07 22:54:12,2026-02-08 18:52:34,4,False,routine
P001747,4,2,1,0,2026-01-06 10:06:44,2026-03-27 01:37:10,3,True,routine
P001748,4,1,2,0,2026-01-20 12:20:02,2026-04-23 15:15:45,4,True,routine
P001749,3,3,0,0,2026-01-11 16:33:36,2026-05-04 01:15:37,4,False,routine
P001750,6,3,2,0,2026-01-04 06:48:07,2026-05-29 15:13:49,4,True,routine
P001751,6,6,2,0,2026-02-16 06:00:52,2026-05-16 04:46:42,2,True,routine
P001752,4,2,1,0,2026-02-01 04:58:03,2026-05-28 10:46:19,4,True,routine
P001754,2,2,0,0,2026-05-03 07:47:16,2026-05-21 06:09:04,4,True,high_support_need
P001755,3,0,0,0,2026-03-15 22:11:43,2026-05-16 11:24:19,5,True,routine
P001756,3,3,1,0,2026-01-30 23:09:18,2026-04-20 18:30:58,4,True,high_support_need
P001757,2,2,0,0,2026-01-23 01:09:48,2026-05-03 05:58:57,4,True,routine
P001758,6,4,2,0,2026-01-04 23:12:15,2026-05-03 08:38:38,3,True,routine
P001759,1,1,0,0,2026-04-05 02:31:43,2026-04-05 02:31:43,4,False,routine
P001760,1,1,0,0,2026-02-27 16:30:03,2026-02-27 16:30:03,5,True,routine
P001761,5,5,3,1,2026-03-28 14:41:55,2026-05-02 04:21:12,2,False,routine
P001762,5,4,1,1,2026-01-25 00:06:27,2026-05-03 16:53:15,2,True,routine
P001763,5,2,2,0,2026-02-01 11:15:29,2026-05-22 18:46:42,3,True,routine
P001764,6,2,2,0,2026-01-12 23:47:35,2026-05-28 21:55:48,4,False,new
P001765,6,5,1,0,2026-01-03 19:11:29,2026-05-27 08:12:30,3,True,routine
P001766,6,4,2,0,2026-02-10 00:08:07,2026-05-16 17:03:24,3,True,new
P001767,6,6,3,2,2026-01-30 16:43:17,2026-04-25 08:46:29,2,False,routine
P001768,2,1,0,0,2026-04-21 07:45:04,2026-05-26 13:30:10,3,True,routine
P001769,5,5,2,0,2026-01-02 10:41:36,2026-05-25 10:07:26,3,True,routine
P001770,4,3,0,0,2026-01-04 07:11:07,2026-05-04 02:19:51,3,True,routine
P001771,7,5,2,0,2026-01-24 14:02:21,2026-05-29 17:42:46,2,True,routine
P001772,4,3,0,0,2026-01-29 07:08:15,2026-05-25 15:59:45,5,True,routine
P001773,7,6,5,0,2026-02-21 14:27:14,2026-04-08 16:53:10,2,False,routine
P001774,3,3,0,0,2026-01-11 05:40:24,2026-05-12 15:11:25,3,False,routine
P001775,8,4,5,2,2026-01-15 14:57:56,2026-05-02 10:46:39,1,False,high_support_need
P001776,4,1,1,0,2026-02-22 04:42:31,2026-04-17 19:54:26,3,True,new
P001777,5,4,1,0,2026-01-27 10:22:21,2026-04-23 00:20:40,3,True,routine
P001778,3,0,0,0,2026-01-09 20:10:55,2026-05-05 05:39:56,5,True,new
P001779,5,5,1,1,2026-01-06 05:37:54,2026-05-29 15:43:48,2,True,routine
P001780,5,1,3,0,2026-02-10 20:18:58,2026-03-12 18:10:36,3,True,high_support_need
P001781,6,4,2,0,2026-01-01 15:21:04,2026-04-27 09:08:50,3,True,new
P001782,4,3,1,0,2026-02-13 10:16:15,2026-05-20 07:35:58,4,True,routine
P001783,8,4,4,0,2026-01-01 03:32:59,2026-04-29 08:24:33,2,True,routine
P001784,4,1,0,0,2026-01-05 09:41:46,2026-05-21 03:18:09,5,True,routine
P001785,2,1,1,0,2026-05-18 16:29:47,2026-05-22 14:25:01,4,True,routine
P001786,2,2,0,0,2026-01-13 19:00:03,2026-03-05 16:46:22,3,True,routine
P001787,5,4,1,0,2026-01-03 18:10:12,2026-05-23 06:15:32,3,False,high_support_need
P001788,10,4,5,1,2026-01-04 20:37:13,2026-05-23 09:32:25,3,False,high_support_need
P001789,5,4,2,0,2026-01-08 22:22:28,2026-03-30 11:41:59,3,True,routine
P001790,4,0,0,0,2026-01-11 20:48:07,2026-04-18 19:18:02,4,True,routine
P001791,8,6,6,0,2026-01-13 14:19:46,2026-04-14 05:10:59,2,True,new
P001792,3,3,2,0,2026-02-27 23:36:13,2026-03-14 05:54:12,4,True,routine
P001793,4,3,2,0,2026-03-01 14:12:45,2026-04-03 21:42:05,3,True,new
P001794,5,3,2,0,2026-01-27 18:19:30,2026-05-14 10:58:47,3,False,routine
P001795,2,0,0,0,2026-01-20 09:31:11,2026-05-07 02:11:24,5,True,routine
P001796,7,6,3,0,2026-01-12 16:50:51,2026-05-19 04:31:43,2,False,routine
P001797,2,2,1,0,2026-02-12 23:12:00,2026-02-20 15:29:40,5,True,routine
P001798,5,4,2,0,2026-01-31 14:40:24,2026-04-01 02:45:25,3,True,routine
P001799,4,3,1,1,2026-01-06 19:51:39,2026-05-16 07:47:35,3,True,routine
P001800,10,4,8,0,2026-01-12 00:26:20,2026-04-14 11:47:02,1,False,new
P001801,2,2,0,0,2026-04-05 16:29:26,2026-05-08 11:50:57,3,False,high_support_need
P001802,5,5,2,1,2026-01-04 12:59:24,2026-04-21 03:55:58,2,True,new
P001803,6,5,2,0,2026-01-07 21:48:00,2026-05-23 13:46:48,2,False,routine
P001804,6,6,2,1,2026-01-24 03:52:00,2026-04-29 08:28:19,1,False,new
P001805,1,1,0,0,2026-05-27 15:06:58,2026-05-27 15:06:58,3,True,new
P001806,3,1,1,0,2026-01-02 05:23:42,2026-03-28 12:56:27,4,True,new
P001807,5,3,1,0,2026-01-11 19:34:27,2026-05-14 18:10:39,4,True,routine
P001808,6,2,2,0,2026-01-11 02:03:14,2026-05-18 13:50:10,4,False,new
P001809,4,4,2,0,2026-01-29 00:53:20,2026-03-18 00:50:54,3,True,new
P001810,5,4,2,0,2026-01-19 00:33:39,2026-05-20 15:37:06,3,True,new
P001811,4,2,1,0,2026-01-18 10:59:36,2026-05-17 13:59:15,4,True,routine
P001812,3,1,1,1,2026-04-10 06:24:47,2026-05-18 08:03:08,3,False,routine
P001814,5,4,1,0,2026-02-13 01:11:36,2026-05-12 19:18:24,3,True,routine
P001815,4,3,2,0,2026-04-11 22:52:03,2026-05-10 13:45:46,3,False,routine
P001816,3,1,1,0,2026-03-21 10:05:22,2026-05-10 15:35:00,5,True,new
P001817,2,1,0,0,2026-03-12 05:37:14,2026-05-02 10:09:05,4,True,routine
P001818,4,3,0,0,2026-01-16 03:05:34,2026-05-24 17:08:29,4,False,routine
P001819,6,5,3,0,2026-01-20 17:25:13,2026-05-10 09:25:25,2,False,routine
P001820,4,3,1,1,2026-02-22 20:04:29,2026-05-18 10:26:28,4,True,routine
P001821,6,4,1,0,2026-01-03 08:36:41,2026-05-07 10:38:01,2,False,new
P001822,4,3,0,0,2026-02-07 03:41:51,2026-04-26 17:13:36,3,True,new
P001823,6,5,2,0,2026-01-08 17:14:45,2026-05-02 07:26:02,2,True,new
P001824,12,6,8,0,2026-01-05 03:18:22,2026-05-08 06:52:59,2,True,routine
P001825,7,7,3,1,2026-01-30 08:48:45,2026-05-02 20:16:24,2,False,new
P001826,3,1,0,0,2026-03-25 19:54:37,2026-05-17 15:43:40,4,True,high_support_need
P001827,4,1,2,0,2026-03-04 05:10:32,2026-04-28 00:34:33,4,True,routine
P001828,2,2,0,0,2026-01-14 05:35:19,2026-04-02 22:23:34,4,True,high_support_need
P001829,4,3,2,0,2026-01-04 02:33:00,2026-05-28 21:46:29,3,False,high_support_need
P001830,6,4,2,0,2026-01-30 12:09:08,2026-04-04 07:36:43,3,True,routine
P001832,5,4,1,0,2026-01-08 21:26:21,2026-05-10 18:35:43,3,False,high_support_need
P001833,1,0,0,0,2026-02-11 06:49:17,2026-02-11 06:49:17,5,True,high_support_need
P001834,4,2,1,0,2026-01-07 07:52:46,2026-05-26 01:21:28,3,True,routine
P001835,2,1,0,0,2026-03-29 01:48:40,2026-05-08 03:33:16,4,True,routine
P001836,3,2,1,0,2026-02-12 13:13:48,2026-03-25 05:02:20,4,True,routine
P001837,4,2,1,0,2026-01-10 01:27:01,2026-03-19 01:45:04,4,True,routine
P001838,5,3,1,1,2026-01-30 02:32:22,2026-04-28 18:49:49,3,True,new
P001839,4,1,1,0,2026-01-25 17:10:43,2026-04-02 15:10:58,4,False,high_support_need
P001840,4,3,1,2,2026-01-03 19:52:40,2026-04-18 18:24:19,3,True,routine
P001841,6,3,3,0,2026-01-09 18:52:38,2026-05-30 10:47:49,3,True,high_support_need
P001842,6,6,1,0,2026-01-09 09:47:47,2026-05-21 03:54:39,2,True,routine
P001844,5,2,0,0,2026-01-11 00:27:19,2026-05-29 01:49:10,4,True,new
P001845,5,3,4,0,2026-03-22 20:31:36,2026-04-09 00:16:14,2,True,routine
P001846,2,1,0,0,2026-01-30 06:51:47,2026-02-27 00:08:48,4,True,new
P001847,2,1,1,0,2026-04-06 05:02:08,2026-04-13 17:04:37,4,True,new
P001848,2,0,0,0,2026-02-01 23:16:51,2026-05-27 19:50:38,5,True,routine
P001849,6,2,2,0,2026-01-19 07:44:57,2026-05-04 12:26:30,3,True,routine
P001850,5,5,2,0,2026-01-18 08:27:54,2026-05-31 02:30:29,2,True,high_support_need
P001851,2,0,1,0,2026-02-23 16:15:16,2026-02-24 05:02:36,4,False,routine
P001852,5,4,2,0,2026-01-24 00:50:34,2026-05-02 17:40:05,3,True,high_support_need
P001853,1,0,0,0,2026-02-03 00:42:25,2026-02-03 00:42:25,5,True,routine
P001854,3,2,2,0,2026-04-09 02:13:16,2026-04-24 13:54:14,3,True,routine
P001855,5,3,2,0,2026-03-03 02:51:09,2026-05-01 12:58:49,3,False,routine
P001856,2,2,0,1,2026-02-10 14:25:52,2026-03-10 05:40:58,3,True,routine
P001857,5,1,1,0,2026-01-13 20:36:40,2026-05-31 08:40:42,3,False,new
P001858,3,0,2,0,2026-04-01 10:17:15,2026-04-23 14:41:36,4,True,routine
P001859,7,4,3,0,2026-01-16 04:06:08,2026-05-26 19:21:29,2,True,high_support_need
P001860,2,2,0,0,2026-02-24 21:00:33,2026-03-16 12:26:24,4,True,routine
P001861,4,3,0,0,2026-01-06 20:35:10,2026-05-06 13:04:56,4,True,routine
P001862,2,2,0,0,2026-02-05 17:36:36,2026-05-27 23:20:55,3,True,routine
P001863,6,3,2,0,2026-01-28 16:37:58,2026-05-15 01:35:03,2,True,high_support_need
P001864,2,2,0,0,2026-01-17 05:36:41,2026-03-20 06:15:56,3,True,high_support_need
P001865,5,2,1,0,2026-01-16 11:29:27,2026-05-03 05:42:23,4,True,new
P001866,3,2,0,0,2026-02-12 22:43:09,2026-05-25 22:38:10,4,True,routine
P001867,3,2,1,0,2026-02-28 11:53:59,2026-05-02 22:31:35,4,True,new
P001868,1,1,0,0,2026-04-26 10:50:35,2026-04-26 10:50:35,5,True,routine
P001869,3,2,0,0,2026-01-28 15:11:00,2026-04-11 05:48:44,3,True,new
P001870,4,3,1,0,2026-02-24 15:47:03,2026-05-09 18:50:32,3,True,high_support_need
P001871,2,2,1,0,2026-04-02 17:49:48,2026-04-13 07:28:39,4,True,new
P001872,3,2,0,0,2026-01-07 18:14:49,2026-04-23 14:56:29,5,False,routine
P001873,1,1,0,0,2026-03-16 06:26:26,2026-03-16 06:26:26,4,True,routine
P001874,2,2,0,0,2026-03-01 06:56:58,2026-05-24 12:59:30,4,True,routine
P001875,6,4,3,0,2026-01-14 07:34:17,2026-05-04 15:19:15,3,False,routine
P001876,6,4,1,1,2026-01-17 19:15:55,2026-05-15 12:36:03,3,True,high_support_need
P001877,1,1,0,0,2026-04-23 17:03:37,2026-04-23 17:03:37,3,True,routine
P001878,6,5,2,0,2026-01-01 02:28:59,2026-04-29 10:57:39,2,False,routine
P001879,9,6,4,0,2026-01-09 07:51:34,2026-04-23 02:36:03,2,True,new
P001880,3,3,0,0,2026-01-05 20:00:49,2026-05-23 11:07:15,3,True,routine
P001881,4,1,0,0,2026-01-13 19:33:00,2026-05-09 21:06:17,5,True,routine
P001882,3,2,0,0,2026-01-06 20:35:12,2026-05-29 22:53:36,5,True,new
P001883,6,4,3,0,2026-01-17 21:02:30,2026-04-05 08:16:44,3,True,new
P001884,1,1,0,0,2026-01-08 13:34:01,2026-01-08 13:34:01,5,True,routine
P001885,3,3,1,0,2026-03-09 18:25:51,2026-04-18 02:41:34,3,True,routine
P001886,4,2,1,0,2026-02-11 00:56:23,2026-05-13 11:32:21,3,True,routine
P001887,5,3,2,0,2026-01-15 16:51:07,2026-05-18 22:29:26,3,True,new
P001888,3,3,1,0,2026-04-05 15:55:08,2026-04-30 16:28:43,3,True,routine
P001889,1,1,0,0,2026-04-03 09:27:17,2026-04-03 09:27:17,4,True,routine
P001890,4,2,3,0,2026-01-22 11:42:38,2026-02-16 11:36:22,3,True,routine
P001891,5,3,2,0,2026-03-08 10:08:06,2026-05-22 06:18:15,2,True,new
P001892,2,2,0,0,2026-01-05 12:15:27,2026-04-25 10:47:38,4,True,routine
P001893,8,4,5,0,2026-02-01 13:11:45,2026-05-27 10:00:44,2,False,high_support_need
P001894,4,4,2,0,2026-02-17 05:08:22,2026-04-21 11:54:37,3,True,new
P001895,3,1,1,0,2026-02-02 07:33:17,2026-03-11 08:27:57,5,True,routine
P001896,5,3,0,0,2026-01-09 18:06:16,2026-05-03 22:25:37,3,True,routine
P001897,3,2,1,0,2026-01-10 20:57:37,2026-04-12 03:39:42,4,True,routine
P001898,5,2,2,0,2026-01-12 08:30:11,2026-05-02 06:55:09,3,True,new
P001899,5,4,3,0,2026-01-27 08:21:23,2026-05-04 22:58:00,1,False,routine
P001900,3,2,0,0,2026-01-12 18:25:43,2026-04-27 13:01:30,4,False,new
P001901,6,2,3,0,2026-02-08 15:55:05,2026-05-19 19:42:31,4,True,routine
P001902,3,2,0,0,2026-03-17 22:09:12,2026-05-31 22:58:33,3,True,new
P001903,5,2,0,0,2026-01-31 01:08:17,2026-05-28 01:46:47,4,True,new
P001904,2,2,0,0,2026-05-03 01:41:27,2026-05-20 12:11:04,3,True,high_support_need
P001905,4,3,1,0,2026-01-06 04:21:49,2026-03-28 13:42:08,3,False,routine
P001906,6,3,1,0,2026-01-29 13:19:30,2026-05-24 14:30:35,4,False,routine
P001907,3,0,0,0,2026-01-09 08:01:57,2026-03-18 20:23:50,4,True,routine
P001908,4,3,0,0,2026-01-02 01:47:55,2026-05-04 16:35:43,3,False,new
P001909,4,2,0,0,2026-01-03 22:13:05,2026-05-03 21:37:13,3,True,routine
P001910,2,2,0,0,2026-01-15 05:57:18,2026-03-12 16:06:02,3,True,routine
P001911,2,0,0,0,2026-02-21 13:34:53,2026-04-05 12:37:20,5,True,new
P001912,1,1,0,0,2026-02-26 23:47:44,2026-02-26 23:47:44,5,True,routine
P001913,5,5,0,0,2026-01-31 06:34:26,2026-05-21 13:31:14,3,False,routine
P001914,4,3,2,0,2026-04-06 01:22:20,2026-05-13 04:27:02,3,True,new
P001915,7,5,2,1,2026-01-08 21:09:25,2026-04-15 09:12:34,1,False,high_support_need
P001916,6,4,1,0,2026-01-01 10:22:56,2026-05-23 12:49:42,3,True,new
P001917,7,4,3,0,2026-01-19 10:39:47,2026-05-30 21:24:28,3,True,new
P001918,4,4,2,0,2026-02-06 03:46:23,2026-04-23 16:07:25,3,True,routine
P001919,5,3,0,0,2026-01-13 19:21:06,2026-04-30 15:36:49,3,True,routine
P001920,7,3,4,0,2026-02-13 16:00:39,2026-05-21 07:38:09,3,True,routine
P001921,4,4,1,0,2026-02-07 19:09:30,2026-05-13 03:45:45,3,True,routine
P001922,2,1,1,0,2026-01-11 04:18:44,2026-01-21 05:06:02,4,True,routine
P001923,4,4,1,0,2026-01-29 09:07:08,2026-04-13 09:44:02,3,False,routine
P001924,5,3,3,0,2026-01-29 13:45:41,2026-03-11 19:27:51,3,True,new
P001925,4,3,0,0,2026-01-19 20:18:12,2026-05-20 11:06:06,3,True,routine
P001926,3,2,1,1,2026-01-29 09:30:32,2026-04-09 15:30:05,3,True,routine
P001927,4,2,0,0,2026-01-07 13:11:56,2026-05-02 23:38:47,4,True,new
P001928,5,4,3,0,2026-01-02 12:22:47,2026-04-25 14:01:27,2,True,new
P001929,3,2,0,0,2026-02-17 15:14:28,2026-03-24 18:09:48,4,True,new
P001930,3,3,0,0,2026-01-25 01:38:38,2026-04-18 01:15:32,4,True,routine
P001931,3,3,1,0,2026-02-04 08:50:48,2026-04-07 00:40:47,3,True,new
P001932,5,5,3,0,2026-01-16 11:01:53,2026-05-29 14:55:35,2,False,routine
P001933,6,5,2,0,2026-02-21 20:56:01,2026-05-25 10:40:34,2,True,new
P001934,3,2,0,0,2026-03-15 20:18:40,2026-05-28 14:44:14,4,True,new
P001935,3,2,1,0,2026-01-29 13:55:41,2026-05-29 10:04:14,3,True,routine
P001936,4,4,1,1,2026-01-20 07:39:24,2026-04-22 17:05:24,2,True,routine
P001937,8,7,2,0,2026-01-08 07:21:03,2026-05-19 18:22:32,2,True,high_support_need
P001938,3,1,0,0,2026-01-31 19:44:50,2026-05-27 18:25:43,5,True,routine
P001939,5,3,2,0,2026-03-14 23:21:41,2026-04-27 05:16:26,2,True,routine
P001940,5,3,3,0,2026-03-28 12:40:10,2026-05-04 12:21:59,3,False,routine
P001941,6,6,3,0,2026-01-01 03:41:04,2026-05-09 01:16:12,2,False,high_support_need
P001942,1,1,0,0,2026-04-11 22:38:37,2026-04-11 22:38:37,5,True,routine
P001943,8,4,6,0,2026-01-23 19:03:09,2026-05-09 02:59:41,2,False,new
P001944,5,3,2,0,2026-02-20 09:02:09,2026-05-21 10:44:29,2,False,routine
P001945,3,2,0,0,2026-02-24 12:18:06,2026-04-28 02:22:28,4,True,routine
P001946,1,0,0,0,2026-02-01 20:22:26,2026-02-01 20:22:26,3,True,routine
P001947,6,6,3,0,2026-01-03 23:32:41,2026-04-25 09:01:56,2,False,routine
P001948,5,2,2,0,2026-01-25 02:06:36,2026-05-03 15:06:29,4,True,routine
P001949,4,3,1,0,2026-03-09 13:43:31,2026-05-28 01:34:08,2,True,new
P001950,5,2,2,1,2026-01-04 05:54:14,2026-04-08 19:30:55,3,True,routine
P001951,1,0,0,0,2026-01-04 20:19:27,2026-01-04 20:19:27,5,True,new
P001952,6,5,2,0,2026-01-07 07:35:19,2026-05-21 01:26:23,2,True,routine
P001953,1,0,0,0,2026-03-09 22:50:23,2026-03-09 22:50:23,4,True,routine
P001954,6,3,2,0,2026-03-02 21:06:20,2026-05-29 00:26:00,3,False,routine
P001955,6,3,2,0,2026-01-03 00:49:48,2026-05-31 23:22:41,3,True,routine
P001956,4,4,2,0,2026-01-27 05:28:38,2026-03-12 04:49:01,3,True,high_support_need
P001957,2,1,1,1,2026-01-31 12:14:12,2026-02-06 22:34:28,4,True,new
P001958,1,1,0,0,2026-04-24 20:05:46,2026-04-24 20:05:46,4,True,new
P001959,4,2,0,0,2026-01-19 16:27:05,2026-04-22 17:15:41,4,True,routine
P001960,5,4,1,0,2026-02-04 00:45:01,2026-05-05 15:34:05,2,False,routine
P001961,3,2,2,0,2026-03-10 16:34:03,2026-03-22 10:41:33,4,False,new
P001962,8,6,3,0,2026-01-06 09:59:59,2026-05-25 16:51:35,2,True,routine
P001963,7,6,4,0,2026-03-01 20:17:22,2026-05-24 13:02:48,2,False,routine
P001964,2,2,0,0,2026-02-06 07:12:31,2026-05-23 08:25:45,4,True,routine
P001965,2,2,1,0,2026-01-13 23:07:18,2026-01-28 19:38:34,4,True,new
P001966,4,2,2,0,2026-03-28 06:46:03,2026-05-01 04:31:54,3,False,routine
P001967,6,5,2,0,2026-02-02 04:08:59,2026-05-31 06:55:03,2,True,routine
P001968,3,3,1,0,2026-04-13 01:30:09,2026-05-27 03:03:10,2,True,routine
P001969,7,5,2,1,2026-01-16 07:47:21,2026-05-14 10:39:25,2,True,new
P001970,2,1,0,0,2026-03-30 04:01:21,2026-05-14 15:22:45,4,True,routine
P001971,8,4,4,0,2026-01-21 19:47:01,2026-05-18 02:27:03,2,True,new
P001972,5,4,1,0,2026-01-09 01:14:19,2026-04-26 19:22:44,3,False,routine
P001973,2,0,0,0,2026-01-20 07:53:25,2026-03-06 18:31:55,4,True,routine
P001974,2,2,0,0,2026-02-06 14:42:05,2026-05-02 07:19:07,3,True,new
P001975,2,1,0,0,2026-04-04 08:33:46,2026-05-15 07:30:38,4,True,routine
P001976,1,1,0,0,2026-04-18 09:59:18,2026-04-18 09:59:18,5,True,routine
P001977,3,3,0,0,2026-01-01 16:02:37,2026-04-15 17:25:46,4,True,routine
P001978,4,3,1,0,2026-02-22 19:41:39,2026-04-30 12:36:49,3,True,routine
P001979,4,3,1,0,2026-01-24 09:35:02,2026-04-28 20:58:28,3,True,routine
P001980,7,4,3,0,2026-01-02 21:04:33,2026-04-28 12:07:46,3,True,routine
P001981,5,4,2,0,2026-01-28 16:49:37,2026-05-20 07:20:44,2,False,routine
P001982,2,2,0,0,2026-03-23 01:49:28,2026-04-14 19:38:50,4,True,new
P001983,1,1,0,0,2026-01-13 05:25:40,2026-01-13 05:25:40,5,True,routine
P001984,7,5,2,1,2026-01-09 14:48:09,2026-05-01 20:17:46,2,True,routine
P001985,6,4,3,0,2026-01-07 08:46:32,2026-04-18 16:21:07,2,True,routine
P001986,3,1,0,0,2026-01-31 04:49:52,2026-05-21 21:24:28,4,True,routine
P001987,2,1,0,1,2026-01-16 15:50:09,2026-04-09 06:47:03,5,False,new
P001988,3,2,0,0,2026-01-16 09:18:01,2026-05-29 23:48:28,4,True,routine
P001989,7,6,3,0,2026-01-02 14:26:36,2026-05-06 20:56:55,2,True,routine
P001990,4,3,1,1,2026-03-07 11:19:25,2026-05-15 19:00:00,3,False,routine
P001991,3,3,1,1,2026-03-28 15:39:31,2026-05-23 01:52:18,3,False,routine
P001992,2,2,0,0,2026-01-15 12:03:55,2026-04-11 05:40:04,4,True,routine
P001993,5,3,2,1,2026-02-12 04:49:50,2026-05-27 17:21:19,3,False,new
P001994,1,0,0,0,2026-03-24 17:33:03,2026-03-24 17:33:03,5,True,new
P001995,2,0,0,0,2026-03-03 08:06:22,2026-04-23 08:50:23,4,False,high_support_need
P001996,4,2,1,0,2026-02-23 12:40:31,2026-04-29 17:03:44,4,True,new
P001997,2,1,0,0,2026-01-31 14:11:09,2026-03-26 21:30:27,5,True,routine
P001998,1,1,0,0,2026-01-17 19:08:14,2026-01-17 19:08:14,4,True,routine
P001999,5,3,0,0,2026-01-31 01:03:45,2026-05-30 09:37:41,3,False,routine
P002000,3,2,2,0,2026-03-01 23:35:41,2026-03-15 01:00:05,3,True,routine
P002001,4,3,1,0,2026-01-27 23:22:47,2026-04-18 20:35:40,4,True,routine
P002002,1,0,0,0,2026-05-16 12:58:01,2026-05-16 12:58:01,4,True,high_support_need
P002003,3,1,0,0,2026-01-29 20:59:44,2026-05-29 11:03:13,4,True,routine
P002004,2,1,0,0,2026-02-14 01:40:26,2026-03-31 21:36:54,4,True,routine
P002005,1,1,0,0,2026-03-17 18:50:10,2026-03-17 18:50:10,3,True,routine
P002006,7,7,2,2,2026-01-21 05:43:37,2026-05-16 20:19:51,2,False,routine
P002007,6,5,1,0,2026-01-28 20:41:28,2026-05-19 03:03:41,3,False,routine
P002008,3,2,1,0,2026-01-23 17:12:01,2026-04-17 15:34:03,4,True,routine
P002009,4,3,2,0,2026-02-09 18:22:33,2026-03-21 06:29:04,3,False,routine
P002010,4,3,1,0,2026-01-18 01:15:21,2026-05-23 18:51:21,4,True,routine
P002011,4,4,1,0,2026-02-10 11:10:21,2026-04-02 09:34:50,3,True,high_support_need
P002012,4,3,1,0,2026-01-26 11:54:26,2026-05-22 21:17:25,2,True,routine
P002013,6,4,1,0,2026-01-21 00:52:56,2026-05-09 23:51:24,3,False,routine
P002014,2,1,0,0,2026-02-10 08:10:54,2026-05-25 15:52:35,5,True,routine
P002015,5,3,2,0,2026-01-01 10:15:44,2026-04-23 07:59:55,3,True,high_support_need
P002016,3,2,0,0,2026-01-30 23:49:31,2026-05-21 02:17:26,4,True,routine
P002017,6,4,3,0,2026-01-11 14:19:00,2026-05-16 15:28:11,1,False,new
P002018,11,10,8,0,2026-01-17 05:35:38,2026-05-29 20:30:27,3,True,routine
P002019,5,5,2,0,2026-01-23 08:25:20,2026-05-28 15:30:13,2,False,new
P002021,5,4,1,0,2026-01-04 02:41:51,2026-04-09 12:27:15,3,False,new
P002022,4,2,1,0,2026-01-02 17:43:47,2026-05-17 21:38:25,4,True,new
P002023,3,3,1,0,2026-01-03 16:53:32,2026-03-02 20:32:04,4,False,new
P002024,4,1,1,0,2026-01-09 14:30:49,2026-05-07 14:31:54,4,True,routine
P002025,8,5,5,1,2026-02-07 09:56:54,2026-05-05 18:07:07,1,False,new
P002026,2,1,0,0,2026-03-03 22:22:06,2026-05-24 06:41:47,5,True,routine
P002027,3,1,1,0,2026-01-10 05:10:21,2026-05-01 06:06:16,3,True,routine
P002028,3,3,0,1,2026-02-16 08:12:08,2026-05-27 20:44:33,4,True,new
P002029,4,3,0,0,2026-01-04 10:24:45,2026-05-20 15:04:55,4,True,routine
P002030,1,1,0,0,2026-03-17 13:48:01,2026-03-17 13:48:01,4,True,routine
P002031,6,3,2,0,2026-01-24 12:52:47,2026-05-16 10:48:50,3,False,routine
P002032,3,2,0,0,2026-01-19 17:08:52,2026-03-08 21:09:28,3,True,new
P002033,5,4,1,0,2026-01-31 11:01:13,2026-05-26 05:38:01,3,False,routine
P002034,3,2,1,0,2026-01-17 16:36:39,2026-02-23 01:49:31,4,False,routine
P002035,5,3,1,0,2026-01-24 16:03:23,2026-04-17 18:46:30,3,True,new
P002036,2,1,0,0,2026-01-12 13:01:12,2026-04-21 07:22:44,5,True,routine
P002037,7,4,3,0,2026-01-03 07:38:32,2026-05-12 19:53:32,2,False,routine
P002038,2,1,0,0,2026-01-26 09:35:06,2026-05-10 17:08:23,5,True,new
P002039,1,0,0,0,2026-05-11 10:49:49,2026-05-11 10:49:49,3,True,new
P002040,4,2,1,0,2026-01-04 06:18:39,2026-04-06 02:23:10,4,True,new
P002041,9,3,6,0,2026-01-06 05:33:03,2026-05-21 18:42:27,3,False,routine
P002042,5,1,2,0,2026-01-05 15:55:58,2026-04-30 02:28:49,5,True,routine
P002043,4,4,3,1,2026-04-28 00:23:43,2026-05-17 01:23:23,3,True,routine
P002044,3,1,0,0,2026-01-02 20:31:05,2026-05-03 01:33:11,5,True,new
P002045,5,2,1,1,2026-02-03 00:47:18,2026-05-23 21:50:16,4,True,routine
P002046,6,4,4,0,2026-01-25 21:06:07,2026-05-30 21:15:16,2,False,new
P002048,5,4,2,0,2026-02-08 13:26:35,2026-04-18 18:25:42,3,True,routine
P002049,4,2,1,0,2026-01-02 23:50:21,2026-05-21 15:54:43,4,True,routine
P002050,3,2,1,0,2026-01-05 02:46:28,2026-05-15 04:45:05,3,True,routine
P002051,5,4,1,0,2026-03-13 23:40:58,2026-05-23 21:57:40,2,True,routine
P002052,2,2,0,0,2026-01-06 11:11:27,2026-04-14 18:49:52,4,True,high_support_need
P002053,1,0,0,0,2026-04-07 22:02:10,2026-04-07 22:02:10,4,True,routine
P002054,2,1,0,0,2026-03-10 08:31:06,2026-05-12 04:31:14,4,True,routine
P002055,3,1,1,0,2026-03-11 13:57:39,2026-05-27 02:13:03,4,True,new
P002056,3,1,1,0,2026-01-24 12:57:00,2026-03-14 17:59:39,3,True,new
P002057,3,1,0,0,2026-02-02 00:21:01,2026-05-13 23:48:33,5,True,new
P002058,7,4,6,0,2026-02-16 09:53:06,2026-04-23 15:53:01,2,False,routine
P002059,2,2,1,0,2026-03-17 16:45:42,2026-03-26 09:36:05,4,True,high_support_need
P002060,2,1,0,0,2026-02-25 07:56:55,2026-04-21 09:17:29,4,True,high_support_need
P002061,3,1,0,0,2026-01-08 18:37:32,2026-03-19 10:12:07,5,True,routine
P002062,2,1,0,0,2026-02-05 14:06:45,2026-02-25 02:21:39,3,True,routine
P002063,3,1,0,0,2026-01-20 15:55:22,2026-03-09 13:08:58,4,True,high_support_need
P002064,2,2,0,0,2026-01-15 05:21:10,2026-02-24 10:57:59,5,True,routine
P002065,4,3,1,0,2026-03-03 19:48:05,2026-05-30 16:17:35,4,True,routine
P002066,4,3,2,0,2026-04-12 16:33:58,2026-05-15 23:22:26,3,False,routine
P002067,5,4,3,0,2026-03-31 05:45:26,2026-05-24 14:43:03,3,False,routine
P002068,7,4,3,1,2026-01-26 11:23:10,2026-05-19 10:15:50,2,False,high_support_need
P002069,4,3,1,0,2026-01-30 06:17:43,2026-05-29 09:45:28,4,False,routine
P002070,2,0,0,0,2026-04-01 07:36:34,2026-05-12 06:53:13,4,True,routine
P002071,3,1,2,0,2026-03-18 19:14:44,2026-04-07 21:11:08,5,True,new
P002072,5,5,2,0,2026-01-09 15:03:46,2026-05-20 12:47:42,2,False,routine
P002073,3,2,1,0,2026-02-23 10:15:47,2026-04-28 19:24:18,4,True,routine
P002074,6,3,3,0,2026-02-17 22:20:35,2026-05-26 22:32:54,3,False,new
P002075,2,1,1,0,2026-01-16 13:35:35,2026-01-23 10:02:14,4,False,new
P002076,1,1,0,0,2026-03-06 00:51:08,2026-03-06 00:51:08,3,True,routine
P002077,6,4,4,0,2026-01-11 13:01:31,2026-02-24 02:08:00,2,False,routine
P002078,3,3,1,0,2026-02-08 01:06:45,2026-03-15 04:39:22,3,True,routine
P002079,2,2,0,0,2026-02-06 09:20:45,2026-03-28 17:52:14,3,False,new
P002080,2,1,1,0,2026-04-13 19:03:23,2026-04-28 15:41:56,4,True,routine
P002081,2,2,0,0,2026-01-04 15:46:57,2026-01-30 07:56:46,5,True,routine
P002082,5,2,2,0,2026-01-26 00:20:19,2026-05-21 20:37:05,4,True,routine
P002083,8,6,4,0,2026-02-04 22:17:19,2026-05-06 18:10:17,1,True,routine
P002084,3,1,1,0,2026-02-20 12:56:06,2026-05-25 10:29:58,4,True,routine
P002085,3,3,0,0,2026-01-20 01:33:38,2026-05-12 23:38:59,3,True,routine
P002086,3,3,0,0,2026-02-23 03:49:19,2026-04-13 00:21:14,3,True,new
P002087,5,3,1,0,2026-02-17 09:10:00,2026-05-30 01:12:44,4,False,routine
P002088,2,0,0,0,2026-01-05 11:02:44,2026-05-23 06:06:37,5,True,high_support_need
P002089,7,2,2,0,2026-02-01 15:04:41,2026-05-19 21:50:13,4,True,routine
P002090,1,1,0,0,2026-05-10 11:20:33,2026-05-10 11:20:33,4,True,routine
P002091,5,3,2,0,2026-02-05 01:23:55,2026-05-03 18:32:15,2,False,routine
P002092,6,6,2,1,2026-02-24 11:31:47,2026-05-20 23:27:42,2,False,routine
P002093,5,2,1,0,2026-01-22 22:32:36,2026-05-16 02:44:49,4,True,routine
P002094,6,3,1,0,2026-01-20 21:50:54,2026-05-23 12:47:58,3,False,routine
P002095,3,2,1,0,2026-01-07 12:48:45,2026-03-26 08:27:03,3,True,routine
P002096,7,3,4,0,2026-02-22 14:45:10,2026-04-27 15:49:47,2,False,routine
P002097,6,4,3,0,2026-02-06 06:59:24,2026-05-22 20:13:57,2,True,routine
P002098,9,6,4,0,2026-01-05 00:48:58,2026-05-10 07:46:40,2,False,high_support_need
P002099,5,4,2,0,2026-01-12 20:43:26,2026-03-28 02:49:45,3,False,routine
P002100,4,2,1,0,2026-01-20 07:57:23,2026-05-23 02:10:11,4,True,routine
P002101,4,2,1,0,2026-01-12 17:36:52,2026-05-14 20:30:13,3,False,high_support_need
P002102,2,2,0,0,2026-02-01 00:03:04,2026-03-23 23:04:20,4,False,routine
P002103,8,3,2,0,2026-01-10 02:19:01,2026-05-23 15:13:08,2,True,routine
P002104,4,1,1,0,2026-01-13 23:54:26,2026-04-06 08:03:40,5,True,new
P002105,5,5,2,0,2026-01-13 06:17:16,2026-05-22 00:37:16,2,True,routine
P002107,2,2,0,1,2026-01-09 15:09:21,2026-05-11 01:58:46,4,True,routine
P002108,9,7,4,0,2026-01-21 23:46:28,2026-05-26 04:28:28,1,True,new
P002109,6,3,2,0,2026-01-11 23:37:17,2026-04-21 01:07:18,3,True,routine
P002110,8,7,5,1,2026-01-07 00:03:04,2026-05-26 21:34:22,2,False,new
P002111,4,3,1,0,2026-01-22 06:45:57,2026-05-16 02:29:12,3,True,routine
P002112,3,1,1,0,2026-03-02 14:40:34,2026-04-11 22:49:45,4,True,routine
P002113,6,5,2,0,2026-02-18 21:34:40,2026-05-29 20:35:02,2,False,routine
P002114,4,4,1,0,2026-01-08 08:28:08,2026-05-13 18:15:20,3,False,routine
P002115,2,1,0,0,2026-04-09 23:36:00,2026-05-21 07:39:31,5,True,new
P002116,2,2,0,0,2026-04-23 22:00:48,2026-05-28 12:16:12,4,True,routine
P002117,7,7,3,1,2026-01-11 02:06:01,2026-05-29 12:11:38,2,False,routine
P002118,6,3,2,0,2026-01-12 04:36:36,2026-05-18 19:30:33,2,False,routine
P002119,7,4,4,0,2026-01-28 04:32:06,2026-05-31 07:10:58,3,True,routine
P002120,3,2,0,1,2026-02-11 17:18:02,2026-04-02 06:09:11,4,True,routine
P002121,4,2,2,0,2026-03-03 04:29:41,2026-03-24 14:59:05,3,True,routine
P002122,4,3,2,1,2026-01-09 08:39:32,2026-04-12 08:33:17,3,True,routine
P002123,2,1,0,0,2026-04-01 09:52:16,2026-04-19 17:15:29,3,True,new
P002124,3,1,2,0,2026-01-23 16:48:52,2026-02-18 07:15:10,5,True,high_support_need
P002125,1,1,0,0,2026-05-04 23:30:29,2026-05-04 23:30:29,4,True,routine
P002126,1,1,0,0,2026-03-27 20:21:04,2026-03-27 20:21:04,4,True,routine
P002127,6,4,2,0,2026-01-06 20:11:59,2026-05-16 19:51:21,3,True,new
P002128,6,4,2,0,2026-01-09 08:45:32,2026-05-31 05:21:15,3,True,routine
P002129,4,2,1,0,2026-01-24 11:41:07,2026-05-09 23:05:27,3,True,routine
P002131,8,4,4,0,2026-01-01 06:07:50,2026-05-22 14:11:50,1,False,high_support_need
P002132,4,3,2,0,2026-01-26 03:55:45,2026-03-04 05:29:42,3,True,new
P002133,7,6,4,0,2026-01-14 00:32:57,2026-05-09 22:44:18,3,False,routine
P002134,5,2,2,0,2026-01-03 06:47:16,2026-05-04 12:04:46,4,True,high_support_need
P002135,4,1,2,0,2026-03-03 07:08:28,2026-04-25 22:44:13,4,True,new
P002136,2,2,0,0,2026-01-14 19:03:18,2026-03-12 19:34:10,3,True,new
P002137,5,4,2,0,2026-01-04 23:50:53,2026-05-12 20:39:27,3,False,routine
P002138,5,3,1,0,2026-02-06 17:21:24,2026-05-25 18:06:28,3,True,routine
P002139,7,5,4,0,2026-01-12 17:18:09,2026-04-06 06:29:16,1,False,routine
P002140,3,1,2,0,2026-03-02 23:50:05,2026-03-26 22:59:20,4,True,routine
P002141,3,2,0,0,2026-01-17 15:57:09,2026-05-19 20:23:17,4,True,high_support_need
P002142,6,4,2,1,2026-01-05 18:31:11,2026-05-18 05:05:58,3,True,new
P002143,4,2,0,0,2026-01-08 18:21:14,2026-05-29 23:35:16,4,True,routine
P002144,2,2,0,0,2026-02-18 15:30:45,2026-04-19 00:31:43,4,False,high_support_need
P002145,5,3,1,0,2026-01-10 19:23:59,2026-05-19 21:53:20,3,True,new
P002146,1,0,0,0,2026-05-30 02:15:42,2026-05-30 02:15:42,5,True,routine
P002147,1,0,0,0,2026-01-29 11:04:59,2026-01-29 11:04:59,5,True,routine
P002148,2,0,1,0,2026-03-04 13:07:28,2026-03-08 08:30:27,5,True,routine
P002149,3,0,0,0,2026-01-15 12:02:37,2026-03-12 09:34:27,4,True,routine
P002150,2,1,0,0,2026-01-18 23:15:54,2026-05-09 12:45:53,4,True,new
P002151,8,2,2,1,2026-01-02 06:20:49,2026-05-11 22:51:45,4,True,routine
P002152,3,2,0,0,2026-01-01 00:21:19,2026-04-10 15:04:13,4,True,routine
P002153,6,4,4,2,2026-01-02 11:03:07,2026-05-28 07:24:45,3,False,new
P002154,2,2,0,0,2026-02-02 06:44:31,2026-03-10 08:24:35,4,True,new
P002155,5,4,1,0,2026-01-11 13:58:49,2026-05-22 17:08:30,3,True,routine
P002156,2,2,0,0,2026-05-04 19:39:26,2026-05-20 17:10:54,4,True,routine
P002157,4,3,0,0,2026-01-13 10:11:08,2026-05-03 08:01:02,3,True,routine
P002158,5,5,2,0,2026-01-09 23:47:56,2026-05-14 05:27:08,2,False,routine
P002159,5,1,2,0,2026-01-21 18:24:05,2026-05-14 05:03:18,4,True,routine
P002160,4,2,1,0,2026-01-20 16:36:10,2026-05-06 13:54:55,4,True,new
P002161,5,4,1,0,2026-01-09 21:30:44,2026-05-29 10:26:36,3,True,routine
P002162,2,1,0,0,2026-02-06 13:39:19,2026-04-01 05:51:46,4,True,routine
P002163,7,4,3,0,2026-01-05 21:54:51,2026-05-17 16:52:33,2,False,routine
P002164,8,6,5,0,2026-01-20 22:21:01,2026-05-04 21:57:40,1,True,routine
P002165,2,2,0,0,2026-03-11 22:46:06,2026-04-08 19:25:31,4,True,routine
P002166,4,1,0,0,2026-01-06 12:46:37,2026-05-19 06:23:02,3,True,new
P002167,2,2,0,0,2026-02-19 22:39:27,2026-05-12 16:37:44,4,True,routine
P002168,3,3,0,0,2026-02-19 08:42:04,2026-05-29 17:58:31,3,True,high_support_need
P002170,8,4,2,0,2026-01-04 19:49:05,2026-05-17 13:55:36,3,True,routine
P002171,6,4,2,0,2026-01-01 20:01:42,2026-05-27 18:15:26,1,True,routine
P002172,5,2,2,0,2026-01-25 01:26:59,2026-05-11 22:33:44,4,False,new
P002173,4,3,1,0,2026-02-13 02:57:19,2026-04-22 05:11:47,4,True,routine
P002174,4,3,0,0,2026-01-13 22:57:31,2026-05-23 11:17:37,3,True,routine
P002175,4,3,0,0,2026-01-17 22:18:36,2026-05-20 10:35:57,4,False,routine
P002176,5,2,2,0,2026-02-21 21:34:13,2026-05-21 15:55:25,3,False,routine
P002177,3,0,2,0,2026-02-04 19:08:34,2026-02-21 00:41:26,4,True,new
P002178,6,3,3,0,2026-01-18 22:11:03,2026-05-19 17:37:22,3,False,routine
P002179,5,3,1,0,2026-01-10 13:40:18,2026-05-12 07:14:46,3,True,routine
P002180,4,0,1,0,2026-01-04 14:12:55,2026-04-10 20:59:41,4,True,new
P002181,14,7,10,0,2026-01-20 02:29:37,2026-05-31 17:33:55,2,False,routine
P002182,2,1,0,0,2026-02-04 19:33:31,2026-02-22 22:06:57,5,True,high_support_need
P002183,7,4,3,0,2026-01-09 22:34:14,2026-05-27 00:09:34,2,False,routine
P002184,3,3,0,0,2026-02-02 11:16:35,2026-05-23 05:31:20,2,True,routine
P002185,2,1,0,0,2026-03-25 20:20:52,2026-05-30 19:26:28,3,False,high_support_need
P002186,6,5,3,1,2026-02-13 13:57:02,2026-05-07 20:51:00,2,True,high_support_need
P002187,9,4,3,0,2026-01-04 11:17:00,2026-05-19 11:49:10,3,True,routine
P002188,2,2,1,0,2026-01-24 19:55:15,2026-02-03 12:11:16,4,False,routine
P002189,1,0,0,0,2026-03-05 03:48:05,2026-03-05 03:48:05,5,True,high_support_need
P002190,7,4,3,0,2026-01-28 09:16:31,2026-05-16 18:29:13,2,True,routine
P002191,3,2,0,1,2026-01-04 23:22:57,2026-05-16 00:55:01,5,True,routine
P002192,7,4,4,0,2026-01-04 22:42:54,2026-03-12 17:31:41,2,True,routine
P002193,3,3,1,0,2026-01-22 16:02:58,2026-04-28 23:28:12,3,False,routine
P002194,3,3,0,1,2026-01-20 09:23:09,2026-03-08 15:38:35,4,True,routine
P002195,2,2,1,2,2026-02-25 21:31:55,2026-03-03 10:20:04,3,True,new
P002196,2,2,0,0,2026-01-22 08:44:38,2026-04-04 15:06:06,3,True,new
P002197,5,3,1,0,2026-02-04 06:25:04,2026-05-17 07:14:07,4,True,routine
P002198,7,6,3,1,2026-01-18 09:16:54,2026-05-28 00:35:08,3,False,new
P002199,6,4,1,0,2026-01-12 18:52:55,2026-05-24 02:32:37,2,True,routine
P002200,4,3,1,0,2026-01-24 21:37:24,2026-05-24 03:55:37,3,True,new
P002201,6,3,2,0,2026-03-02 21:41:29,2026-05-13 21:04:45,3,False,routine
P002202,1,0,0,0,2026-01-30 11:37:58,2026-01-30 11:37:58,5,True,routine
P002203,2,2,1,0,2026-03-28 14:30:54,2026-04-11 11:39:11,4,True,high_support_need
P002204,5,5,0,0,2026-02-18 19:33:57,2026-05-30 05:50:21,2,True,routine
P002205,4,4,1,0,2026-03-15 18:44:53,2026-05-22 03:57:20,3,False,new
P002206,4,4,3,0,2026-04-09 01:03:05,2026-05-07 08:14:15,3,False,new
P002207,4,2,1,0,2026-02-07 11:12:19,2026-05-06 20:11:44,3,False,high_support_need
P002208,1,1,0,0,2026-01-26 02:14:07,2026-01-26 02:14:07,5,True,routine
P002209,8,6,3,0,2026-02-04 20:43:33,2026-05-19 00:01:28,1,True,new
P002210,6,3,1,0,2026-01-25 08:28:45,2026-05-31 17:41:31,4,True,routine
P002211,5,2,1,0,2026-01-15 23:54:56,2026-05-16 23:35:23,4,False,routine
P002212,4,4,1,1,2026-02-23 21:34:42,2026-05-21 03:43:16,3,True,new
P002213,1,0,0,0,2026-03-15 06:46:26,2026-03-15 06:46:26,5,True,routine
P002214,4,2,1,0,2026-02-09 05:49:24,2026-05-23 13:41:33,4,True,high_support_need
P002215,3,2,0,0,2026-01-18 00:50:34,2026-04-08 19:43:16,4,True,routine
P002216,6,4,1,0,2026-01-07 18:53:28,2026-05-08 13:59:13,2,False,routine
P002217,9,7,7,1,2026-02-06 17:46:00,2026-05-16 02:00:17,2,False,routine
P002218,2,1,1,0,2026-05-01 02:37:03,2026-05-11 09:11:43,3,True,new
P002219,3,2,1,0,2026-02-06 14:33:01,2026-03-25 07:27:56,3,True,high_support_need
P002220,3,2,0,0,2026-01-07 09:15:41,2026-05-12 22:41:49,4,True,routine
P002221,2,2,0,0,2026-01-06 00:34:18,2026-01-23 03:14:05,4,True,routine
P002222,4,2,0,0,2026-01-07 12:45:59,2026-05-05 21:09:10,3,True,routine
P002223,5,5,2,0,2026-02-27 17:21:35,2026-04-26 11:30:33,2,False,routine
P002224,6,3,3,0,2026-03-02 18:37:14,2026-05-19 04:25:43,2,True,routine
P002225,3,2,1,0,2026-01-07 23:02:14,2026-04-30 17:06:01,4,True,routine
P002226,7,5,4,0,2026-01-03 00:13:21,2026-04-17 07:54:23,2,False,high_support_need
P002227,5,4,1,0,2026-01-18 15:05:10,2026-05-18 08:30:43,2,True,new
P002228,2,0,0,0,2026-04-09 07:55:09,2026-04-30 14:58:25,4,True,high_support_need
P002229,4,3,0,0,2026-01-19 14:33:12,2026-05-30 15:08:57,3,False,routine
P002230,7,4,4,0,2026-01-15 09:12:41,2026-04-04 16:14:52,3,True,routine
P002231,2,2,0,0,2026-03-15 19:53:00,2026-05-19 14:56:44,4,True,new
P002232,9,6,5,0,2026-01-03 02:04:51,2026-05-14 08:37:36,2,True,routine
P002234,1,1,0,0,2026-05-27 07:09:47,2026-05-27 07:09:47,3,True,routine
P002235,4,4,2,1,2026-01-08 07:18:44,2026-04-21 13:21:41,3,True,routine
P002236,6,2,1,1,2026-01-07 15:16:00,2026-05-10 08:27:25,3,True,routine
P002237,8,6,3,1,2026-01-02 01:46:03,2026-05-06 13:48:56,2,False,new
P002238,3,2,1,0,2026-03-26 14:19:29,2026-05-14 07:26:59,4,False,routine
P002239,4,1,1,0,2026-01-10 06:05:34,2026-04-02 01:14:37,4,True,routine
P002240,2,1,0,0,2026-02-18 15:10:15,2026-04-19 12:04:20,4,True,high_support_need
P002241,5,3,1,0,2026-01-07 00:19:37,2026-05-17 08:35:16,3,True,routine
P002242,3,2,0,1,2026-02-27 19:56:40,2026-04-25 04:04:47,5,True,new
P002243,3,2,1,0,2026-04-06 15:21:10,2026-05-18 01:52:58,4,True,routine
P002244,7,2,3,0,2026-03-11 11:24:00,2026-05-28 00:26:48,4,False,high_support_need
P002245,5,3,2,1,2026-03-19 01:39:10,2026-05-08 23:31:58,3,True,routine
P002246,4,3,1,0,2026-01-24 13:16:43,2026-04-27 17:51:28,3,False,new
P002247,6,4,3,0,2026-01-02 05:41:07,2026-05-04 23:36:11,2,False,routine
P002248,2,2,0,0,2026-03-05 07:36:37,2026-05-16 14:52:04,3,True,high_support_need
P002249,1,1,0,0,2026-04-22 00:30:23,2026-04-22 00:30:23,4,True,routine
P002250,7,4,4,0,2026-01-27 21:32:55,2026-04-30 14:41:57,3,True,high_support_need
P002251,8,5,6,0,2026-01-04 16:56:30,2026-04-20 04:35:54,1,False,routine
P002252,5,4,1,0,2026-01-09 20:43:59,2026-05-27 15:05:40,3,True,routine
P002253,6,2,1,0,2026-01-02 14:53:28,2026-05-01 01:28:06,4,True,high_support_need
P002254,2,1,1,1,2026-03-09 03:28:23,2026-03-22 05:32:32,4,False,routine
P002255,3,2,0,0,2026-01-24 13:06:03,2026-05-14 21:01:30,4,True,routine
P002256,3,2,0,0,2026-02-04 21:01:02,2026-05-07 03:40:14,3,True,new
P002257,6,3,4,1,2026-02-05 19:26:42,2026-04-05 00:39:00,3,False,high_support_need
P002258,2,1,0,0,2026-01-26 09:45:44,2026-04-29 01:09:21,4,True,new
P002259,1,1,0,0,2026-02-04 12:14:22,2026-02-04 12:14:22,4,False,routine
P002260,3,2,0,0,2026-01-29 15:20:53,2026-04-16 03:02:02,4,True,routine
P002261,4,1,1,0,2026-02-13 22:45:41,2026-05-02 01:09:26,4,True,new
P002262,2,1,0,0,2026-04-20 07:06:04,2026-05-24 17:02:18,4,True,new
P002263,1,1,0,0,2026-01-31 10:27:21,2026-01-31 10:27:21,3,True,routine
P002264,2,1,0,0,2026-04-06 12:48:10,2026-05-10 21:20:13,4,False,routine
P002265,7,4,3,0,2026-01-04 04:42:00,2026-05-27 05:50:55,2,True,routine
P002266,1,1,0,0,2026-02-04 08:11:26,2026-02-04 08:11:26,5,True,routine
P002267,3,2,0,0,2026-01-29 23:03:00,2026-05-08 05:24:04,3,True,routine
P002268,4,4,1,0,2026-01-07 18:59:45,2026-04-14 20:22:29,3,True,new
P002269,2,0,1,0,2026-02-18 07:23:55,2026-03-01 22:17:51,4,False,routine
P002270,3,3,2,1,2026-03-25 22:37:28,2026-04-18 05:22:10,3,True,routine
P002271,5,2,0,0,2026-01-07 00:46:57,2026-05-05 10:42:21,5,True,routine
P002272,3,1,1,0,2026-03-26 17:52:27,2026-05-15 22:12:53,4,True,new
P002273,3,3,2,1,2026-03-16 04:29:06,2026-04-04 10:20:29,3,False,high_support_need
P002274,5,3,1,0,2026-01-28 03:49:49,2026-04-16 18:06:58,4,False,routine
P002275,5,3,1,0,2026-01-09 23:46:55,2026-05-21 04:25:50,3,True,routine
P002276,3,1,2,0,2026-03-06 01:17:56,2026-03-12 13:20:25,4,True,high_support_need
P002277,4,3,0,0,2026-01-21 08:47:50,2026-04-29 15:23:18,4,True,new
P002278,4,3,1,0,2026-01-10 23:19:25,2026-04-23 13:43:24,3,True,routine
P002279,6,3,2,0,2026-02-12 17:47:13,2026-05-08 13:55:40,2,True,routine
P002281,7,6,3,0,2026-01-21 18:51:28,2026-05-26 02:42:32,3,True,routine
P002282,5,4,2,0,2026-02-12 19:45:23,2026-05-21 07:14:39,3,False,routine
P002283,2,1,0,0,2026-03-03 20:40:20,2026-05-08 17:41:31,4,True,routine
P002284,2,1,0,1,2026-01-01 02:21:49,2026-05-05 06:50:57,5,True,routine
P002285,7,1,3,0,2026-01-16 05:09:23,2026-04-30 11:54:55,5,True,routine
P002286,1,1,0,0,2026-05-28 20:07:53,2026-05-28 20:07:53,4,True,routine
P002287,2,2,0,0,2026-02-20 09:54:07,2026-04-07 09:52:33,3,True,routine
P002288,6,4,1,0,2026-02-11 10:00:27,2026-05-20 23:55:51,2,True,routine
P002289,2,1,0,0,2026-03-25 13:28:32,2026-05-29 02:41:53,4,True,routine
P002290,8,4,4,0,2026-01-15 19:18:44,2026-05-28 18:03:58,2,True,routine
P002291,3,2,2,0,2026-02-09 17:52:16,2026-02-16 18:02:58,3,True,routine
P002292,4,3,0,0,2026-01-20 23:50:26,2026-05-29 15:55:10,5,True,routine
P002293,4,4,1,0,2026-02-01 05:28:55,2026-05-06 04:29:01,3,True,new
P002294,4,3,0,0,2026-01-01 09:59:04,2026-05-31 19:43:15,3,True,routine
P002295,1,0,0,0,2026-05-13 09:53:52,2026-05-13 09:53:52,5,True,routine
P002296,2,2,0,0,2026-02-26 14:04:58,2026-04-12 09:23:20,4,True,routine
P002297,4,3,2,0,2026-01-11 18:45:54,2026-05-09 00:11:04,3,True,routine
P002298,3,2,1,0,2026-01-16 14:35:08,2026-03-16 19:38:35,3,True,new
P002299,7,2,2,0,2026-01-15 12:26:00,2026-05-26 23:40:05,3,False,routine
P002300,5,5,3,0,2026-03-05 20:32:43,2026-05-20 09:33:36,2,True,routine
P002301,3,2,0,0,2026-03-06 15:50:12,2026-05-02 19:22:43,4,False,high_support_need
P002302,3,2,0,0,2026-01-01 23:38:05,2026-03-05 19:31:22,4,True,routine
P002303,4,2,2,0,2026-02-27 19:28:55,2026-05-31 12:19:13,3,True,routine
P002304,1,1,0,0,2026-03-25 19:00:51,2026-03-25 19:00:51,4,True,routine
P002305,1,0,0,0,2026-05-11 17:08:30,2026-05-11 17:08:30,5,True,routine
P002306,5,3,1,0,2026-01-21 00:36:15,2026-05-19 04:01:15,4,True,routine
P002307,4,3,2,0,2026-01-01 17:15:12,2026-05-10 06:09:29,3,True,new
P002308,7,6,1,0,2026-01-07 23:14:10,2026-05-26 03:47:56,2,True,new
P002309,3,2,1,0,2026-01-20 08:57:50,2026-05-01 15:21:28,4,True,high_support_need
P002310,5,5,2,0,2026-02-18 14:06:28,2026-05-27 12:45:27,2,True,new
P002311,1,1,0,0,2026-03-16 18:30:58,2026-03-16 18:30:58,4,True,routine
P002312,3,3,1,2,2026-01-20 06:16:20,2026-03-21 11:14:56,3,True,high_support_need
P002313,9,5,5,0,2026-01-05 14:45:49,2026-05-27 13:12:50,2,False,new
P002314,3,2,0,0,2026-01-01 22:18:42,2026-05-30 15:27:53,4,False,routine
P002315,2,2,0,0,2026-04-29 12:11:15,2026-05-29 07:00:19,3,True,new
P002316,6,5,3,0,2026-01-25 06:40:26,2026-04-17 13:20:50,3,True,high_support_need
P002317,1,0,0,0,2026-05-18 14:28:29,2026-05-18 14:28:29,5,False,routine
P002318,5,5,1,1,2026-02-24 22:24:08,2026-05-31 11:48:38,2,False,new
P002319,8,6,5,0,2026-02-18 05:12:38,2026-05-13 05:55:26,2,False,high_support_need
P002320,4,4,0,0,2026-02-07 14:17:16,2026-05-16 09:34:35,3,True,high_support_need
P002321,4,3,1,0,2026-01-13 14:10:20,2026-03-14 07:38:12,3,False,routine
P002322,3,3,0,0,2026-01-13 15:41:31,2026-02-23 15:32:42,3,True,routine
P002323,5,4,1,0,2026-01-15 21:33:03,2026-05-15 08:24:55,3,True,routine
P002324,3,1,1,0,2026-01-19 23:26:05,2026-05-01 13:36:41,3,True,routine
P002325,3,2,1,0,2026-02-26 07:10:54,2026-04-25 15:11:05,4,True,high_support_need
P002326,4,4,2,1,2026-01-17 16:22:52,2026-04-25 20:07:51,3,False,new
P002327,5,4,1,1,2026-01-02 02:00:19,2026-05-17 13:53:07,2,False,new
P002328,7,4,3,0,2026-01-01 06:45:46,2026-05-02 14:28:49,3,True,routine
P002329,8,4,4,0,2026-01-05 23:18:50,2026-04-20 06:40:57,2,False,routine
P002330,4,2,2,0,2026-01-27 05:30:53,2026-04-09 17:21:54,4,False,routine
P002331,4,3,2,0,2026-02-03 10:11:59,2026-04-11 19:37:11,4,False,new
P002332,4,2,2,0,2026-04-04 22:14:09,2026-05-09 06:41:01,3,True,new
P002333,3,3,1,0,2026-01-28 04:01:32,2026-03-16 15:09:57,4,True,new
P002334,3,2,1,0,2026-01-26 21:39:48,2026-03-21 15:16:47,3,True,routine
P002335,5,4,2,0,2026-01-04 21:42:44,2026-05-16 01:09:50,3,False,new
P002336,3,1,1,0,2026-01-03 08:12:52,2026-02-18 13:29:40,5,True,routine
P002337,6,3,3,0,2026-02-16 05:55:03,2026-05-27 22:55:13,3,False,routine
P002338,3,2,0,1,2026-01-11 22:26:05,2026-02-25 14:33:55,4,True,routine
P002339,7,5,2,0,2026-01-02 14:14:02,2026-05-07 11:31:28,2,True,new
P002340,4,4,0,0,2026-01-02 15:21:59,2026-05-20 06:00:11,2,True,routine
P002343,3,3,0,0,2026-01-11 13:14:51,2026-03-24 14:07:34,3,True,routine
P002344,7,5,3,0,2026-01-01 21:07:03,2026-05-30 19:01:58,1,True,new
P002345,3,2,0,0,2026-02-02 19:56:36,2026-05-18 07:53:05,4,True,routine
P002346,2,1,0,0,2026-02-27 06:32:55,2026-03-23 13:50:15,4,True,high_support_need
P002347,3,1,0,0,2026-03-05 06:38:00,2026-05-22 05:24:21,4,False,routine
P002348,5,2,2,0,2026-01-03 02:54:53,2026-04-17 18:37:02,4,True,routine
P002349,1,0,0,0,2026-05-01 11:58:32,2026-05-01 11:58:32,5,True,routine
P002350,2,2,0,0,2026-01-02 09:47:42,2026-02-20 05:00:56,3,True,new
P002351,5,2,2,0,2026-01-17 08:43:18,2026-05-18 17:24:39,3,True,routine
P002352,3,3,1,0,2026-01-20 19:58:37,2026-05-02 22:46:51,3,True,routine
P002353,3,1,2,0,2026-04-04 09:04:55,2026-04-12 09:19:50,3,True,new
P002354,4,4,0,0,2026-02-07 05:21:46,2026-05-25 15:33:49,4,False,routine
P002355,1,1,0,0,2026-03-09 11:09:51,2026-03-09 11:09:51,5,True,high_support_need
P002356,4,3,1,0,2026-03-05 21:02:19,2026-05-31 03:40:39,3,False,new
P002357,5,3,2,1,2026-01-18 17:05:16,2026-04-19 10:38:33,3,False,routine
P002358,6,4,2,0,2026-01-16 14:17:20,2026-04-27 13:58:09,3,True,high_support_need
P002359,4,3,1,0,2026-01-13 08:04:04,2026-05-20 10:19:29,3,True,routine
P002360,2,2,0,0,2026-05-09 18:38:43,2026-05-28 05:22:44,5,True,routine
P002361,4,4,1,0,2026-03-01 04:50:03,2026-05-15 14:58:00,4,True,new
P002362,2,2,1,0,2026-03-25 08:28:08,2026-04-02 14:37:02,3,True,routine
P002363,3,3,1,1,2026-03-09 16:07:08,2026-05-10 05:46:22,3,True,routine
P002364,3,3,1,0,2026-02-18 16:35:14,2026-04-20 18:42:13,3,True,high_support_need
P002365,6,5,2,0,2026-01-08 14:28:44,2026-05-27 11:10:43,2,True,routine
P002366,3,3,0,0,2026-01-03 16:49:01,2026-04-20 20:31:44,4,True,routine
P002367,6,3,4,1,2026-01-28 12:49:49,2026-03-26 09:56:57,2,True,routine
P002368,6,5,2,0,2026-01-07 03:22:40,2026-05-16 23:47:21,2,True,routine
P002369,5,2,2,0,2026-04-06 05:32:25,2026-05-31 14:06:46,4,False,new
P002370,1,0,0,0,2026-04-24 03:42:08,2026-04-24 03:42:08,5,False,routine
P002371,3,2,1,1,2026-01-07 22:13:44,2026-05-08 14:00:44,3,True,routine
P002372,4,2,2,0,2026-02-17 14:44:15,2026-04-02 12:29:48,3,False,high_support_need
P002373,3,3,1,0,2026-01-16 05:37:51,2026-05-08 01:02:00,4,False,new
P002374,3,3,1,0,2026-01-24 18:01:29,2026-03-25 11:21:50,3,True,routine
P002375,1,1,0,0,2026-04-18 00:52:14,2026-04-18 00:52:14,5,True,routine
P002376,4,3,0,1,2026-01-10 04:06:49,2026-04-27 01:54:44,4,True,high_support_need
P002377,4,2,1,0,2026-02-19 07:52:37,2026-05-06 01:45:27,2,True,routine
P002378,6,3,3,0,2026-02-13 23:26:29,2026-05-26 06:47:55,3,False,routine
P002379,3,2,0,1,2026-01-06 03:46:25,2026-05-17 03:23:12,4,True,routine
P002380,6,3,2,0,2026-01-26 11:10:37,2026-05-29 16:14:48,3,False,routine
P002381,3,2,1,0,2026-01-16 11:14:32,2026-05-04 09:28:41,3,True,routine
P002382,5,3,2,0,2026-02-20 20:03:43,2026-04-14 00:51:33,4,False,routine
P002383,3,2,0,0,2026-01-13 10:16:53,2026-05-18 02:07:22,4,True,new
P002384,4,3,0,0,2026-01-19 21:27:20,2026-03-25 14:00:19,2,True,new
P002385,3,2,0,0,2026-01-21 23:46:33,2026-05-31 12:53:50,4,True,routine
P002386,5,4,2,0,2026-01-08 07:57:56,2026-05-31 20:33:35,3,True,routine
P002387,4,3,1,0,2026-01-05 21:05:05,2026-03-10 14:49:25,3,True,routine
P002388,5,3,1,0,2026-01-19 02:31:03,2026-04-10 07:49:08,4,True,routine
P002389,8,6,4,0,2026-01-25 18:57:43,2026-05-18 19:53:24,2,False,new
P002390,2,1,0,0,2026-03-07 23:45:54,2026-04-18 13:52:34,4,True,new
P002391,4,2,1,0,2026-01-19 17:07:00,2026-05-02 15:11:08,4,False,high_support_need
P002392,7,7,5,0,2026-01-27 19:53:59,2026-04-08 12:10:54,2,True,new
P002393,6,4,2,0,2026-01-20 01:42:36,2026-05-22 22:14:43,2,True,high_support_need
P002394,5,3,1,0,2026-01-01 06:16:24,2026-04-06 21:33:27,3,True,routine
P002395,3,3,0,0,2026-01-12 23:40:58,2026-05-19 00:45:39,4,True,routine
P002396,1,0,0,0,2026-02-16 15:47:56,2026-02-16 15:47:56,4,True,routine
P002397,3,1,1,0,2026-03-06 09:19:32,2026-04-20 11:34:22,4,True,routine
P002398,5,4,0,0,2026-02-08 21:53:47,2026-05-23 11:55:21,2,True,routine
P002399,6,2,2,0,2026-02-14 14:01:22,2026-05-28 19:06:15,3,False,new
P002400,4,2,1,0,2026-04-08 13:51:17,2026-05-25 21:13:25,3,True,new
P002401,2,1,1,0,2026-01-04 09:25:09,2026-01-16 12:57:33,4,True,routine
P002402,6,4,1,0,2026-01-25 06:15:12,2026-05-13 10:54:45,3,True,new
P002403,2,2,1,0,2026-03-23 13:37:49,2026-04-07 07:40:51,4,True,routine
P002405,2,1,0,0,2026-01-18 18:49:41,2026-02-26 07:39:06,5,True,routine
P002406,5,4,1,0,2026-02-08 19:54:25,2026-05-29 23:26:07,3,True,new
P002407,5,4,1,0,2026-01-14 22:08:40,2026-04-22 13:35:33,3,True,high_support_need
P002408,4,3,1,0,2026-02-09 02:31:25,2026-05-06 11:06:13,3,True,high_support_need
P002409,3,3,0,1,2026-01-28 21:14:02,2026-05-21 20:11:23,3,True,routine
P002410,3,2,0,0,2026-01-16 07:24:42,2026-03-29 15:16:54,3,True,routine
P002411,5,4,2,0,2026-01-01 13:19:33,2026-04-09 02:34:29,3,True,routine
P002412,7,6,5,0,2026-03-06 10:03:59,2026-05-06 00:26:21,2,False,routine
P002413,4,3,1,1,2026-01-12 11:36:16,2026-05-25 00:21:18,4,False,routine
P002414,2,1,0,0,2026-01-23 13:09:23,2026-02-23 09:36:12,5,True,routine
P002415,5,2,2,0,2026-01-24 23:28:26,2026-05-26 17:05:48,3,True,new
P002416,8,7,5,1,2026-01-24 17:44:04,2026-04-10 01:19:19,2,False,routine
P002417,4,3,1,0,2026-01-20 10:35:36,2026-05-24 10:12:17,4,True,routine
P002418,5,3,1,0,2026-01-27 06:15:03,2026-05-14 09:10:45,3,True,routine
P002419,1,1,0,0,2026-04-12 20:38:46,2026-04-12 20:38:46,4,True,routine
P002420,5,4,1,0,2026-01-20 13:33:55,2026-05-09 00:07:17,3,True,routine
P002421,5,3,3,0,2026-01-07 23:55:20,2026-02-25 23:17:34,3,True,routine
P002422,2,1,0,0,2026-01-05 11:07:25,2026-04-29 17:50:26,4,True,routine
P002423,3,2,2,0,2026-02-09 23:25:08,2026-02-16 04:26:03,4,True,routine
P002424,3,1,0,0,2026-01-08 02:26:50,2026-05-24 16:42:22,5,True,routine
P002425,6,5,0,0,2026-01-14 04:53:59,2026-05-21 03:46:31,3,False,routine
P002426,7,6,3,0,2026-01-15 22:07:37,2026-05-29 20:02:54,1,True,new
P002427,2,1,0,0,2026-02-08 12:44:08,2026-02-23 15:26:52,4,True,routine
P002428,4,3,1,0,2026-01-06 19:38:19,2026-04-14 11:16:01,2,True,high_support_need
P002429,4,1,0,0,2026-01-04 02:11:42,2026-05-24 19:56:12,4,True,routine
P002430,4,4,1,0,2026-01-12 09:15:15,2026-05-27 12:22:38,3,True,routine
P002431,7,3,4,0,2026-02-20 03:11:52,2026-04-27 23:56:59,2,True,routine
P002432,3,1,2,0,2026-04-26 20:13:01,2026-05-22 03:17:38,4,True,routine
P002433,6,6,3,0,2026-01-04 07:22:31,2026-05-02 08:40:51,2,True,routine
P002434,3,3,0,0,2026-02-02 18:41:34,2026-04-15 16:49:40,4,True,routine
P002435,7,3,2,0,2026-01-13 20:32:51,2026-05-26 06:43:35,2,True,routine
P002436,2,1,1,0,2026-03-25 18:51:04,2026-04-04 02:01:54,3,True,routine
P002437,4,2,2,0,2026-01-05 02:59:36,2026-02-18 07:36:54,4,False,routine
P002438,3,2,1,1,2026-01-29 18:35:37,2026-05-03 23:57:42,4,False,routine
P002439,2,1,0,0,2026-02-20 00:51:16,2026-03-10 14:13:49,5,True,high_support_need
P002440,1,0,0,0,2026-04-11 14:07:56,2026-04-11 14:07:56,4,True,routine
P002441,2,0,0,0,2026-01-29 00:09:52,2026-04-07 15:27:18,5,True,routine
P002442,2,2,0,0,2026-03-03 20:03:41,2026-04-06 18:29:31,4,True,high_support_need
P002443,2,1,0,0,2026-01-28 11:58:41,2026-05-30 15:16:41,5,True,routine
P002444,2,2,1,0,2026-02-11 08:46:46,2026-02-15 02:51:51,4,False,routine
P002445,3,3,0,0,2026-01-21 22:21:34,2026-05-19 02:00:49,3,False,routine
P002446,1,1,0,0,2026-05-16 22:11:21,2026-05-16 22:11:21,4,True,routine
P002447,2,2,1,0,2026-01-04 01:27:17,2026-01-05 23:24:55,4,True,new
P002448,1,0,0,0,2026-04-09 10:28:09,2026-04-09 10:28:09,5,True,routine
P002449,4,0,1,0,2026-01-18 23:34:43,2026-05-24 10:13:13,4,True,routine
P002450,4,2,0,0,2026-01-20 03:37:51,2026-05-08 20:20:10,3,True,new
P002451,3,1,1,0,2026-01-06 12:36:23,2026-04-14 10:43:07,5,True,high_support_need
P002452,4,2,2,0,2026-01-20 08:07:31,2026-03-13 00:52:40,3,False,routine
P002453,5,4,1,0,2026-01-05 12:42:50,2026-05-06 19:41:43,2,True,routine
P002454,5,3,1,0,2026-02-15 22:01:51,2026-05-01 03:48:44,3,True,new
P002455,7,4,3,0,2026-02-09 20:13:29,2026-05-09 08:30:05,2,False,routine
P002456,4,2,0,0,2026-01-08 14:44:03,2026-03-22 23:08:39,4,True,high_support_need
P002457,5,3,2,0,2026-01-13 15:03:36,2026-05-12 03:33:48,3,True,routine
P002458,3,3,0,0,2026-02-25 23:53:43,2026-05-23 10:45:55,4,True,routine
P002459,8,5,6,0,2026-01-21 18:46:17,2026-05-17 22:27:33,3,False,routine
P002460,4,3,1,0,2026-01-03 16:19:38,2026-03-11 06:57:38,3,True,high_support_need
P002461,5,4,3,1,2026-02-13 12:50:29,2026-05-20 01:36:43,2,True,routine
P002462,4,2,0,1,2026-03-06 07:27:33,2026-05-28 01:16:49,3,True,routine
P002463,3,3,1,0,2026-02-12 10:07:42,2026-04-11 11:03:30,3,True,routine
P002464,3,1,0,0,2026-03-06 10:17:39,2026-04-24 00:23:44,4,True,routine
P002465,1,0,0,0,2026-01-24 23:56:59,2026-01-24 23:56:59,4,True,routine
P002466,1,1,0,0,2026-01-11 20:05:48,2026-01-11 20:05:48,4,True,new
P002467,6,3,2,0,2026-01-02 11:57:15,2026-05-26 22:06:57,2,True,new
P002468,4,2,2,1,2026-02-05 08:12:36,2026-05-01 00:53:58,3,True,high_support_need
P002469,1,1,0,0,2026-01-10 13:12:28,2026-01-10 13:12:28,3,True,routine
P002470,5,2,1,0,2026-01-05 11:03:23,2026-04-21 09:18:00,3,True,routine
P002471,4,1,1,0,2026-01-06 04:20:11,2026-04-13 20:41:23,3,True,new
P002472,3,2,1,0,2026-02-01 21:55:31,2026-03-22 03:08:17,2,False,routine
P002473,4,3,1,0,2026-01-26 06:49:40,2026-05-14 13:51:32,4,True,high_support_need
P002474,4,2,1,0,2026-01-02 08:25:17,2026-04-20 20:43:16,3,True,routine
P002475,2,0,0,0,2026-03-24 01:16:35,2026-04-08 20:36:03,5,True,new
P002476,5,2,0,0,2026-01-03 15:27:39,2026-04-16 18:39:41,4,True,routine
P002477,4,2,1,0,2026-01-27 08:29:25,2026-05-23 12:45:34,3,False,routine
P002478,2,2,0,0,2026-02-14 18:56:05,2026-05-17 06:56:47,3,True,routine
P002479,5,4,1,1,2026-02-06 12:56:28,2026-05-15 14:05:26,3,False,routine
P002480,8,4,2,0,2026-01-02 04:28:44,2026-05-12 08:59:18,4,True,routine
P002481,4,4,2,0,2026-02-27 10:56:01,2026-04-15 03:24:42,3,True,routine
P002482,4,2,1,0,2026-02-15 03:23:55,2026-05-07 03:35:10,3,True,high_support_need
P002483,5,4,0,0,2026-01-23 00:55:53,2026-05-19 04:44:42,3,True,routine
P002484,2,1,0,0,2026-02-24 08:37:30,2026-04-01 01:00:34,4,True,routine
P002485,6,4,2,0,2026-01-09 19:59:15,2026-04-27 10:56:18,3,True,routine
P002486,4,3,1,0,2026-01-23 15:28:00,2026-05-23 11:12:10,4,True,routine
P002487,5,3,2,0,2026-02-02 06:43:23,2026-05-09 08:41:41,3,True,routine
P002488,4,4,0,1,2026-03-09 05:52:26,2026-05-27 07:16:04,3,True,new
P002489,1,0,0,0,2026-04-04 11:04:39,2026-04-04 11:04:39,5,True,routine
P002490,1,1,0,0,2026-04-02 18:44:40,2026-04-02 18:44:40,5,True,routine
P002491,5,4,1,1,2026-01-12 22:22:25,2026-05-29 20:02:19,3,True,routine
P002492,6,1,2,0,2026-01-12 09:55:00,2026-03-28 21:54:01,3,True,routine
P002493,4,3,2,0,2026-01-21 13:24:26,2026-04-14 23:15:27,2,False,new
P002494,5,4,2,1,2026-03-24 12:24:02,2026-05-24 17:38:58,2,True,high_support_need
P002495,5,4,1,0,2026-01-10 14:02:50,2026-05-16 13:02:18,4,True,new
P002496,4,3,2,0,2026-01-24 22:59:37,2026-03-28 16:07:20,4,True,routine
P002497,3,1,1,0,2026-01-02 15:40:42,2026-04-03 08:57:02,5,True,high_support_need
P002498,7,4,4,0,2026-02-18 00:40:19,2026-05-02 04:59:12,2,False,routine
P002499,2,1,0,0,2026-02-09 19:58:02,2026-03-18 03:47:07,4,True,routine
P002500,3,3,1,1,2026-01-31 06:18:19,2026-03-27 05:50:31,3,False,routine
P002501,6,4,2,0,2026-01-18 19:56:10,2026-05-21 03:04:53,3,True,routine
P002502,3,2,0,1,2026-01-19 05:13:45,2026-04-29 01:21:38,5,True,routine
P002503,3,2,0,0,2026-01-09 06:11:28,2026-04-03 01:47:41,5,False,new
P002504,5,3,0,0,2026-01-15 00:44:40,2026-05-19 02:55:50,3,True,high_support_need
P002505,4,2,2,0,2026-02-08 19:07:19,2026-03-16 21:31:56,3,True,routine
P002506,2,2,0,0,2026-04-23 06:06:42,2026-05-25 06:57:32,3,True,routine
P002507,4,4,2,0,2026-01-11 16:05:49,2026-02-20 14:21:49,2,True,routine
P002508,4,3,1,1,2026-01-05 14:39:59,2026-05-28 02:58:33,3,True,new
P002509,4,3,2,0,2026-01-29 23:21:56,2026-04-30 04:59:16,4,False,routine
P002510,3,2,0,0,2026-02-13 05:39:41,2026-05-26 01:26:34,3,False,high_support_need
P002511,3,2,1,0,2026-01-28 16:04:13,2026-03-16 01:50:04,3,True,new
P002512,7,6,4,0,2026-04-07 20:22:13,2026-05-28 18:17:46,3,False,high_support_need
P002513,6,5,2,0,2026-01-10 02:10:12,2026-05-07 14:57:01,2,True,high_support_need
P002514,3,2,1,0,2026-02-21 01:05:15,2026-03-30 20:46:33,3,True,new
P002515,4,2,2,0,2026-03-15 05:26:57,2026-04-25 05:10:55,3,True,new
P002516,2,2,0,0,2026-03-18 19:52:33,2026-04-06 18:02:53,4,True,routine
P002517,2,1,0,0,2026-01-06 06:44:26,2026-04-10 20:13:29,4,True,high_support_need
P002518,2,1,1,0,2026-01-08 19:46:04,2026-01-08 22:33:28,4,True,routine
P002519,5,4,2,0,2026-01-15 12:16:13,2026-03-18 12:55:36,2,False,routine
P002520,4,3,1,0,2026-03-15 10:19:22,2026-05-19 20:56:30,3,True,routine
P002521,6,3,1,1,2026-01-12 08:20:16,2026-04-16 19:16:06,2,False,high_support_need
P002522,4,3,2,0,2026-02-24 10:45:55,2026-05-11 23:35:55,4,False,routine
P002523,5,4,2,0,2026-02-23 16:14:42,2026-05-27 10:38:48,2,False,new
P002524,3,2,1,0,2026-03-13 20:46:38,2026-05-26 14:08:21,3,True,new
P002525,3,1,0,0,2026-02-11 07:40:32,2026-05-31 18:01:45,3,True,routine
P002526,2,2,0,0,2026-03-12 03:17:03,2026-04-03 11:55:51,2,True,routine
P002527,2,0,0,0,2026-01-21 01:32:59,2026-03-09 12:44:41,4,True,high_support_need
P002528,3,1,1,0,2026-01-10 11:35:48,2026-03-21 13:05:26,4,False,routine
P002529,2,2,0,0,2026-04-03 13:42:31,2026-05-15 20:37:18,4,True,routine
P002530,3,2,0,0,2026-03-16 15:13:31,2026-04-24 17:53:05,4,True,routine
P002531,4,4,2,0,2026-03-18 17:23:28,2026-05-18 08:57:40,2,True,routine
P002532,4,2,3,0,2026-04-06 19:07:02,2026-05-04 06:51:55,3,True,routine
P002533,3,2,1,0,2026-03-24 21:41:44,2026-04-29 19:47:53,3,False,routine
P002534,5,2,2,0,2026-02-18 22:05:16,2026-05-01 10:33:56,5,True,new
P002535,7,5,2,0,2026-01-01 03:11:39,2026-05-30 13:29:57,2,False,new
P002536,5,4,2,0,2026-02-11 21:55:47,2026-05-17 18:49:35,3,True,routine
P002537,9,6,4,1,2026-01-08 08:55:53,2026-05-05 05:27:38,2,False,routine
P002538,3,2,0,0,2026-01-12 17:25:27,2026-03-26 18:16:21,4,True,routine
P002539,4,4,1,1,2026-02-10 18:46:51,2026-05-28 12:11:27,3,False,routine
P002540,4,3,1,0,2026-01-02 18:57:32,2026-05-02 02:28:47,4,False,high_support_need
P002541,2,1,0,0,2026-01-04 23:39:45,2026-03-19 13:57:35,4,True,routine
P002542,3,3,0,0,2026-02-05 07:27:45,2026-04-28 13:10:21,3,True,routine
P002543,5,5,0,0,2026-01-26 17:34:31,2026-05-30 05:07:42,2,True,new
P002544,3,3,0,0,2026-04-09 20:58:52,2026-05-24 09:44:29,3,True,routine
P002545,3,2,1,0,2026-02-23 05:28:50,2026-05-05 20:04:59,5,False,new
P002546,9,6,4,1,2026-01-08 18:34:13,2026-05-14 08:15:39,1,False,routine
P002547,8,5,5,0,2026-01-04 12:48:44,2026-04-09 17:28:17,3,False,routine
P002548,4,3,2,0,2026-04-03 06:22:11,2026-05-29 19:51:06,3,False,routine
P002549,1,0,0,0,2026-02-03 00:06:06,2026-02-03 00:06:06,5,True,routine
P002550,5,5,1,0,2026-01-06 20:11:40,2026-05-21 06:44:25,3,False,routine
P002551,6,3,3,0,2026-02-11 19:17:41,2026-05-10 04:56:19,3,True,routine
P002552,5,4,0,0,2026-01-27 23:58:22,2026-05-29 08:17:07,2,False,new
P002553,7,2,3,0,2026-02-22 17:42:09,2026-05-12 03:51:19,2,False,routine
P002554,2,0,0,0,2026-01-31 19:26:32,2026-05-07 08:05:45,5,True,routine
P002555,3,2,0,0,2026-01-07 05:07:17,2026-05-15 12:43:17,4,True,new
P002556,3,3,1,0,2026-01-27 03:48:13,2026-05-19 14:12:20,3,False,high_support_need
P002557,4,3,1,0,2026-02-17 16:33:32,2026-05-31 04:01:29,3,True,routine
P002558,9,5,4,0,2026-01-07 20:42:46,2026-05-28 17:39:46,2,True,routine
P002559,4,4,2,0,2026-03-07 14:09:34,2026-05-21 21:49:37,3,True,routine
P002560,1,0,0,0,2026-02-04 20:15:35,2026-02-04 20:15:35,4,True,routine
P002561,7,5,3,0,2026-01-09 00:24:52,2026-05-30 01:18:16,1,False,routine
P002562,7,6,2,0,2026-01-01 03:40:55,2026-05-13 21:23:21,1,True,new
P002563,4,4,1,0,2026-02-14 18:30:42,2026-05-07 06:51:53,2,True,high_support_need
P002564,3,1,0,0,2026-02-12 10:09:14,2026-05-07 22:46:44,4,True,routine
P002565,4,2,2,0,2026-02-27 23:46:51,2026-05-11 16:27:40,3,True,routine
P002566,4,2,1,0,2026-01-18 21:08:24,2026-04-05 16:50:02,4,True,high_support_need
P002567,5,3,1,0,2026-01-11 03:19:04,2026-04-12 07:25:09,3,True,new
P002568,3,2,1,0,2026-01-01 21:27:17,2026-05-30 22:21:42,3,True,routine
P002569,3,1,1,0,2026-01-03 19:57:48,2026-05-10 07:54:37,5,True,new
P002570,6,3,2,0,2026-01-01 17:05:41,2026-05-28 10:07:49,2,False,routine
P002571,2,0,0,0,2026-02-15 17:42:48,2026-03-21 17:08:49,4,True,routine
P002572,3,3,0,0,2026-01-19 00:55:40,2026-04-29 12:31:22,3,True,routine
P002573,3,3,0,0,2026-02-28 23:06:12,2026-05-06 05:25:33,4,False,high_support_need
P002574,4,2,1,0,2026-01-17 08:26:37,2026-03-31 03:36:00,3,True,routine
P002575,6,5,1,0,2026-01-26 09:17:54,2026-05-01 18:26:46,3,True,routine
P002576,8,7,4,0,2026-01-15 19:22:04,2026-05-17 15:37:27,3,True,routine
P002577,5,4,1,0,2026-02-26 10:04:51,2026-05-22 20:50:43,2,False,new
P002578,5,4,2,0,2026-01-17 17:41:47,2026-03-18 01:47:51,2,True,routine
P002579,3,1,1,0,2026-03-11 06:23:01,2026-04-22 10:48:23,3,False,routine
P002580,5,3,3,0,2026-01-20 04:56:28,2026-03-24 11:37:37,3,False,routine
P002581,2,0,0,0,2026-01-01 16:29:04,2026-05-20 03:01:05,4,True,routine
P002582,5,3,1,0,2026-01-03 08:53:42,2026-04-20 04:15:58,3,True,new
P002583,1,1,0,0,2026-03-11 09:03:12,2026-03-11 09:03:12,4,False,new
P002584,3,2,0,0,2026-02-21 22:22:10,2026-04-19 14:48:26,3,True,new
P002585,4,3,3,0,2026-02-12 17:32:26,2026-03-14 09:17:31,3,False,routine
P002586,4,2,0,0,2026-01-09 14:40:10,2026-04-23 22:56:51,5,True,routine
P002587,5,4,2,0,2026-01-17 05:41:07,2026-03-30 07:19:20,3,True,high_support_need
P002588,4,3,2,0,2026-01-15 12:42:38,2026-02-28 19:37:24,3,True,new
P002589,4,2,2,0,2026-02-01 12:48:39,2026-04-16 09:23:16,3,True,new
P002590,3,2,0,0,2026-01-18 06:09:54,2026-05-05 19:58:50,4,True,routine
P002591,3,2,0,0,2026-01-14 07:37:37,2026-05-14 04:14:20,4,True,high_support_need
P002592,3,2,1,0,2026-03-03 05:41:24,2026-03-31 09:59:05,4,True,routine
P002593,4,4,0,0,2026-01-05 05:05:15,2026-04-18 18:25:09,3,True,routine
P002594,1,1,0,0,2026-01-13 07:22:08,2026-01-13 07:22:08,4,True,new
P002595,6,5,3,0,2026-01-13 04:05:08,2026-05-23 03:07:28,2,True,new
P002596,4,3,1,0,2026-01-07 08:39:32,2026-04-25 08:32:25,4,True,routine
P002597,8,5,4,0,2026-02-05 12:33:56,2026-05-14 17:19:51,2,False,high_support_need
P002598,7,7,3,0,2026-01-12 06:23:58,2026-05-27 15:18:30,2,False,routine
P002599,6,5,4,0,2026-02-07 02:15:11,2026-05-10 23:21:23,1,False,high_support_need
P002600,5,4,1,0,2026-03-07 00:19:57,2026-05-15 18:59:20,3,False,routine
P002601,7,6,5,0,2026-02-25 10:24:20,2026-05-14 11:57:44,2,False,routine
P002602,4,2,1,0,2026-01-27 17:58:04,2026-05-01 20:27:04,4,False,high_support_need
P002603,4,2,1,0,2026-01-05 17:58:01,2026-05-21 15:42:50,3,True,routine
P002604,5,4,2,0,2026-01-31 08:59:50,2026-05-05 18:42:06,2,True,new
P002605,4,1,1,0,2026-03-03 03:09:59,2026-04-30 14:41:13,4,False,routine
P002606,7,4,3,0,2026-01-29 09:26:38,2026-05-15 06:03:03,2,False,routine
P002607,7,3,3,0,2026-01-07 17:06:49,2026-04-26 10:14:53,2,False,routine
P002608,4,3,0,0,2026-01-05 10:52:55,2026-04-12 12:45:00,3,True,routine
P002609,4,2,2,0,2026-01-01 23:44:12,2026-02-14 16:15:48,3,True,routine
P002610,3,2,0,0,2026-01-08 04:48:31,2026-05-05 09:40:28,4,True,high_support_need
P002611,2,2,0,0,2026-04-26 10:35:30,2026-05-24 08:26:26,4,True,routine
P002612,3,3,0,0,2026-01-20 00:37:50,2026-05-30 07:13:23,3,True,new
P002613,11,7,7,0,2026-01-15 09:22:32,2026-05-31 07:18:27,1,False,high_support_need
P002614,3,2,2,0,2026-04-02 06:06:27,2026-04-13 08:37:03,3,True,routine
P002615,2,2,0,0,2026-01-11 16:36:42,2026-04-15 12:36:06,4,False,new
P002616,3,1,0,0,2026-01-12 11:20:18,2026-05-08 02:44:38,5,True,routine
P002617,4,3,1,0,2026-01-07 17:08:57,2026-05-30 04:25:34,3,False,high_support_need
P002618,1,1,0,0,2026-05-10 21:41:32,2026-05-10 21:41:32,5,True,routine
P002619,5,4,2,0,2026-03-18 02:41:36,2026-05-20 10:49:46,3,True,routine
P002620,5,4,1,0,2026-02-13 11:07:52,2026-05-31 17:01:33,3,True,new
P002621,4,4,1,0,2026-03-05 11:18:12,2026-05-04 22:06:41,4,False,routine
P002622,3,1,1,0,2026-02-14 16:39:20,2026-04-30 11:16:54,4,False,routine
P002623,5,2,2,0,2026-02-13 12:19:12,2026-04-07 22:56:53,3,True,routine
P002624,2,1,0,0,2026-02-06 18:15:41,2026-04-27 21:49:31,5,True,new
P002625,4,3,1,0,2026-01-21 22:33:07,2026-04-01 23:47:16,3,True,new
P002626,4,2,1,0,2026-03-10 20:24:59,2026-05-16 12:27:51,4,True,new
P002627,4,2,1,0,2026-01-27 01:12:29,2026-04-27 13:59:49,3,False,routine
P002629,7,5,1,0,2026-01-25 17:17:28,2026-05-31 18:10:14,3,True,routine
P002630,3,1,0,0,2026-03-22 07:53:50,2026-05-23 02:38:19,4,True,routine
P002631,4,4,0,0,2026-01-21 20:38:18,2026-05-23 05:53:42,3,True,routine
P002632,5,4,2,0,2026-01-04 02:17:20,2026-05-05 01:08:09,3,False,routine
P002633,5,4,2,0,2026-01-12 13:29:00,2026-04-29 17:33:21,2,True,high_support_need
P002634,4,4,1,0,2026-01-23 20:49:49,2026-05-25 09:59:50,3,True,new
P002635,2,2,0,0,2026-01-16 04:31:09,2026-05-31 11:28:06,4,True,routine
P002636,2,1,1,0,2026-03-22 19:46:28,2026-04-06 19:19:29,3,True,new
P002637,4,3,2,0,2026-03-29 04:23:20,2026-05-25 18:29:59,3,False,routine
P002638,5,3,3,0,2026-02-19 06:54:47,2026-04-28 04:51:53,3,True,routine
P002639,6,5,3,0,2026-01-04 07:19:37,2026-04-23 19:28:51,1,False,routine
P002640,1,1,0,0,2026-04-23 06:10:51,2026-04-23 06:10:51,4,True,high_support_need
P002641,6,3,3,1,2026-01-10 14:07:07,2026-04-09 07:41:37,3,True,routine
P002642,4,3,0,0,2026-01-01 17:04:27,2026-04-27 16:04:24,3,True,routine
P002643,3,3,0,0,2026-01-17 06:08:48,2026-05-10 22:42:23,3,True,new
P002644,4,2,0,0,2026-01-15 17:24:42,2026-05-05 16:13:28,3,True,high_support_need
P002645,6,4,2,0,2026-01-10 12:46:18,2026-05-18 14:17:05,2,True,routine
P002646,5,5,2,0,2026-01-17 09:45:57,2026-05-18 16:23:47,3,False,routine
P002647,10,5,6,0,2026-01-21 11:24:57,2026-05-31 21:17:29,2,False,routine
P002648,3,3,1,0,2026-01-28 13:44:42,2026-02-22 01:26:14,2,True,routine
P002649,3,1,1,0,2026-01-02 00:24:07,2026-03-27 04:59:33,5,True,routine
P002650,2,1,0,0,2026-02-16 11:51:19,2026-05-30 09:10:55,4,True,routine
P002651,2,1,1,0,2026-01-12 03:05:04,2026-01-12 05:07:16,4,True,routine
P002652,7,7,4,0,2026-01-13 15:21:52,2026-04-28 07:22:57,2,False,new
P002653,6,5,3,0,2026-01-28 03:52:02,2026-05-03 10:03:02,2,True,routine
P002654,6,6,2,0,2026-01-05 04:02:24,2026-05-28 01:28:15,1,False,new
P002655,3,2,0,0,2026-01-20 09:07:52,2026-04-09 18:00:35,3,True,routine
P002656,2,1,0,0,2026-03-16 04:03:34,2026-04-18 17:20:26,4,False,routine
P002657,6,4,1,0,2026-01-03 15:50:14,2026-04-26 17:48:24,3,True,routine
P002658,1,1,0,0,2026-03-05 01:06:35,2026-03-05 01:06:35,4,True,routine
P002659,3,1,1,0,2026-02-18 11:33:01,2026-05-29 20:53:23,4,True,routine
P002660,4,3,1,0,2026-01-02 14:18:41,2026-04-22 12:05:43,3,False,routine
P002661,6,4,3,0,2026-01-20 23:13:28,2026-04-13 02:51:07,2,False,routine
P002662,6,5,1,1,2026-01-05 12:10:14,2026-05-07 18:26:47,2,True,routine
P002663,8,3,4,0,2026-01-15 03:34:07,2026-05-11 13:57:44,2,False,high_support_need
P002664,4,3,0,0,2026-02-28 18:02:26,2026-05-23 19:13:08,3,False,routine
P002665,6,2,3,0,2026-01-05 00:40:25,2026-03-26 22:06:54,2,False,routine
P002666,5,4,1,0,2026-02-04 08:04:24,2026-05-16 22:22:54,3,True,high_support_need
P002667,5,5,3,0,2026-01-19 05:54:21,2026-05-15 20:12:31,3,True,routine
P002668,5,3,2,0,2026-01-11 06:56:05,2026-04-28 13:50:28,2,True,routine
P002669,6,6,2,1,2026-01-03 03:59:54,2026-05-26 22:23:26,2,True,routine
P002670,2,1,0,0,2026-01-10 14:49:10,2026-03-21 23:35:30,4,True,routine
P002671,13,7,8,0,2026-01-07 22:44:51,2026-05-25 22:34:58,2,False,routine
P002672,7,4,2,1,2026-01-18 08:01:29,2026-05-25 21:26:30,3,True,routine
P002673,5,2,1,1,2026-01-15 00:48:12,2026-05-03 06:35:49,4,True,routine
P002674,4,3,1,0,2026-01-21 16:49:24,2026-05-16 02:17:27,2,False,routine
P002675,5,5,1,0,2026-02-15 22:12:49,2026-05-15 21:06:32,3,True,routine
P002676,1,1,0,0,2026-05-27 06:30:33,2026-05-27 06:30:33,4,True,new
P002677,3,2,0,0,2026-02-23 22:00:24,2026-05-24 04:10:17,4,True,routine
P002678,6,4,2,1,2026-01-02 03:50:22,2026-03-30 00:40:32,2,True,new
P002679,6,4,3,0,2026-01-21 04:58:46,2026-05-20 22:16:15,2,False,new
P002680,8,6,4,0,2026-01-02 06:57:32,2026-05-16 03:25:10,1,False,high_support_need
P002681,3,0,2,0,2026-04-17 01:23:33,2026-04-25 15:05:00,5,True,high_support_need
P002682,6,4,3,0,2026-01-23 23:39:28,2026-04-23 15:01:16,3,False,routine
P002684,3,2,0,0,2026-02-07 13:20:07,2026-05-23 10:08:29,4,True,routine
P002685,3,1,1,0,2026-02-18 15:35:28,2026-04-02 06:51:48,4,True,routine
P002686,2,1,0,0,2026-01-15 05:15:32,2026-05-07 21:32:12,5,True,routine
P002687,3,1,2,0,2026-03-05 11:23:46,2026-03-18 17:49:52,4,True,routine
P002688,5,3,2,1,2026-01-13 12:46:43,2026-04-21 04:41:23,3,False,routine
P002689,7,4,4,0,2026-01-27 03:50:35,2026-04-18 09:32:11,3,False,routine
P002690,6,4,3,0,2026-03-05 06:54:06,2026-05-11 12:49:53,2,True,routine
P002691,7,6,3,0,2026-02-08 21:53:38,2026-05-24 12:00:26,2,True,routine
P002692,5,2,2,0,2026-01-06 16:36:21,2026-05-24 03:42:44,4,True,routine
P002693,5,3,2,0,2026-01-04 16:57:27,2026-05-28 10:10:23,4,True,routine
P002694,6,3,1,0,2026-01-18 11:12:26,2026-05-01 12:42:41,3,True,routine
P002695,2,1,1,0,2026-01-25 21:02:04,2026-01-26 10:21:17,4,True,high_support_need
P002696,5,3,0,0,2026-01-07 08:32:55,2026-05-08 09:13:29,3,True,routine
P002697,3,2,1,0,2026-01-21 05:14:26,2026-04-14 04:22:09,4,True,routine
P002698,3,1,1,0,2026-02-17 07:09:11,2026-05-29 03:29:58,4,True,routine
P002699,6,3,2,0,2026-01-03 21:45:32,2026-05-03 12:03:37,3,False,high_support_need
P002701,4,3,0,0,2026-02-10 01:08:56,2026-05-31 03:47:07,4,True,new
P002702,5,3,3,0,2026-02-17 21:14:10,2026-04-22 10:47:32,4,False,routine
P002703,5,5,1,0,2026-01-05 06:28:56,2026-05-12 21:42:15,2,True,routine
P002704,4,4,1,0,2026-01-16 23:13:29,2026-04-24 21:58:11,2,False,new
P002705,4,1,1,0,2026-02-22 12:31:39,2026-04-21 09:46:45,4,True,routine
P002706,3,2,0,0,2026-02-11 12:22:17,2026-04-30 03:46:39,4,True,new
P002707,1,1,0,0,2026-03-20 09:11:29,2026-03-20 09:11:29,5,True,routine
P002708,3,1,0,0,2026-01-18 00:53:40,2026-05-29 04:30:30,3,True,routine
P002709,1,1,0,0,2026-02-22 00:39:02,2026-02-22 00:39:02,5,True,routine
P002710,4,3,1,0,2026-01-01 05:28:19,2026-05-20 13:05:07,3,True,routine
P002711,6,6,2,0,2026-01-23 15:10:06,2026-05-27 15:26:12,2,True,new
P002712,2,2,0,0,2026-01-29 19:37:10,2026-05-20 16:46:19,4,True,routine
P002713,10,5,7,0,2026-01-03 14:14:28,2026-05-02 09:21:14,2,False,routine
P002714,10,9,6,0,2026-01-03 06:52:38,2026-05-18 04:38:48,1,False,new
P002715,4,4,1,1,2026-01-23 19:12:33,2026-04-09 23:26:00,3,True,routine
P002716,4,3,2,0,2026-03-20 10:54:13,2026-05-12 04:05:18,3,True,routine
P002717,2,1,0,0,2026-01-07 13:51:05,2026-02-24 21:36:36,4,True,new
P002718,7,5,3,2,2026-02-02 20:07:28,2026-05-24 12:57:25,2,False,high_support_need
P002719,6,6,2,0,2026-01-31 19:02:55,2026-05-30 09:12:49,2,True,new
P002720,5,3,2,0,2026-01-10 06:08:53,2026-04-03 09:41:07,2,False,routine
P002721,7,6,3,0,2026-01-04 05:32:41,2026-05-23 22:50:52,1,True,routine
P002722,2,0,0,0,2026-01-21 11:02:34,2026-05-05 06:27:46,5,True,routine
P002723,2,1,0,0,2026-03-21 03:25:04,2026-04-22 07:55:15,4,False,new
P002724,4,3,2,1,2026-01-14 21:40:39,2026-04-16 10:00:50,3,True,routine
P002725,4,3,1,0,2026-01-12 02:19:29,2026-05-09 03:56:47,3,True,routine
P002726,4,4,1,0,2026-02-20 09:26:16,2026-05-14 23:47:02,2,False,new
P002727,2,1,0,0,2026-02-04 23:40:24,2026-03-24 13:24:21,4,True,routine
P002728,6,3,0,0,2026-01-11 13:43:39,2026-05-27 07:18:26,3,True,routine
P002729,3,2,1,0,2026-02-28 12:26:54,2026-04-01 09:56:41,3,True,routine
P002730,3,2,0,0,2026-01-03 04:21:16,2026-03-27 14:51:21,3,False,new
P002731,2,1,1,0,2026-01-18 12:57:40,2026-01-19 10:48:03,4,True,routine
P002732,5,4,1,0,2026-01-09 10:20:50,2026-04-07 18:10:32,3,True,routine
P002733,5,4,2,0,2026-01-07 17:00:20,2026-05-14 13:44:39,3,True,new
P002734,5,4,1,0,2026-01-05 08:32:26,2026-04-19 16:01:01,3,False,high_support_need
P002735,2,2,0,0,2026-01-17 12:13:37,2026-03-03 01:52:56,3,True,routine
P002736,5,4,0,0,2026-01-08 21:01:39,2026-05-10 11:34:37,2,False,high_support_need
P002737,3,1,0,0,2026-02-22 02:43:19,2026-05-12 20:13:42,5,True,routine
P002738,5,4,1,0,2026-01-11 13:53:31,2026-04-10 16:45:39,2,True,routine
P002739,5,1,3,0,2026-01-05 17:59:19,2026-04-21 08:57:20,3,True,routine
P002740,1,1,0,0,2026-03-08 08:48:35,2026-03-08 08:48:35,4,True,routine
P002741,2,2,0,0,2026-02-14 14:22:06,2026-03-09 21:03:51,4,True,routine
P002742,5,4,2,0,2026-02-22 00:21:54,2026-05-17 05:17:18,3,True,high_support_need
P002743,6,4,2,0,2026-01-11 08:12:58,2026-04-18 08:13:32,2,True,routine
P002744,4,1,2,0,2026-02-11 16:20:20,2026-04-18 13:07:34,4,False,routine
P002745,1,1,0,0,2026-04-26 09:54:07,2026-04-26 09:54:07,4,True,routine
P002746,2,1,0,0,2026-02-03 13:38:01,2026-05-23 00:09:57,5,True,routine
P002747,2,1,0,0,2026-01-31 21:54:54,2026-02-28 17:18:18,4,True,new
P002748,1,0,0,0,2026-02-13 00:43:46,2026-02-13 00:43:46,4,True,routine
P002749,2,2,0,0,2026-02-16 08:20:34,2026-03-07 09:56:06,5,True,routine
P002750,5,3,1,0,2026-01-05 07:47:18,2026-05-18 15:03:58,4,True,routine
P002751,4,3,2,0,2026-01-09 03:12:51,2026-04-11 00:50:47,3,False,routine
P002753,3,2,2,0,2026-03-14 08:32:01,2026-04-02 17:17:16,4,False,routine
P002754,4,2,1,0,2026-01-12 12:15:21,2026-05-08 05:52:35,4,True,new
P002755,1,1,0,0,2026-01-06 10:21:35,2026-01-06 10:21:35,4,True,routine
P002756,4,2,1,0,2026-01-13 19:40:50,2026-05-23 19:00:10,4,False,new
P002757,4,4,0,0,2026-01-11 09:38:03,2026-05-06 04:34:15,4,True,routine
P002758,1,1,0,0,2026-04-19 21:21:59,2026-04-19 21:21:59,5,True,routine
P002759,7,3,3,1,2026-02-04 22:52:58,2026-05-14 19:52:17,3,False,routine
P002760,3,1,1,0,2026-02-26 04:02:37,2026-03-25 20:26:31,4,True,high_support_need
P002761,4,3,0,0,2026-01-19 04:53:31,2026-05-03 18:55:40,3,False,routine
P002762,5,3,2,0,2026-01-17 23:46:02,2026-05-22 16:02:09,3,True,routine
P002763,8,5,3,0,2026-01-01 17:17:44,2026-05-30 22:43:45,1,False,new
P002764,5,4,2,0,2026-03-03 10:19:37,2026-05-18 02:00:36,2,True,routine
P002765,1,1,0,0,2026-01-14 00:55:42,2026-01-14 00:55:42,4,False,high_support_need
P002766,5,3,1,0,2026-01-16 00:43:49,2026-05-23 00:16:10,3,False,routine
P002767,5,4,2,0,2026-01-06 21:18:43,2026-03-08 09:27:23,2,False,new
P002768,3,3,0,0,2026-01-11 18:05:33,2026-05-08 21:24:40,4,True,routine
P002769,2,2,0,0,2026-01-28 17:26:46,2026-04-07 08:27:23,4,True,routine
P002770,4,4,1,0,2026-01-02 09:58:27,2026-05-03 05:20:33,2,True,routine
P002771,6,4,1,0,2026-01-10 06:16:51,2026-05-02 22:39:49,3,True,high_support_need
P002772,2,2,1,0,2026-01-20 05:11:31,2026-02-03 15:38:25,3,True,routine
P002773,4,2,0,0,2026-02-22 08:52:51,2026-05-30 14:32:27,4,True,routine
P002774,5,4,3,0,2026-02-14 22:59:52,2026-04-02 05:32:18,2,True,routine
P002775,3,1,0,0,2026-02-07 02:38:27,2026-05-26 07:37:15,5,True,routine
P002776,3,2,1,1,2026-02-25 07:39:03,2026-05-05 07:04:22,4,True,high_support_need
P002777,5,3,1,0,2026-01-01 01:57:22,2026-05-28 07:24:16,3,True,routine
P002778,7,2,3,0,2026-01-03 21:25:15,2026-05-17 03:20:41,3,True,new
P002779,5,4,2,0,2026-01-02 04:28:23,2026-04-24 09:07:41,3,True,routine
P002780,3,3,0,0,2026-01-06 19:45:37,2026-04-10 21:36:16,2,False,routine
P002781,7,6,4,0,2026-01-04 09:19:36,2026-05-26 06:11:09,2,True,routine
P002782,6,3,2,0,2026-01-27 15:28:20,2026-05-04 00:34:41,3,True,high_support_need
P002783,3,2,0,0,2026-03-07 13:23:49,2026-05-30 10:46:51,4,False,new
P002784,3,3,0,0,2026-01-24 20:53:19,2026-04-28 14:28:22,4,True,routine
P002785,5,4,1,2,2026-01-24 00:29:07,2026-05-14 20:16:49,2,False,routine
P002786,4,3,2,0,2026-01-06 14:59:10,2026-04-06 09:46:23,3,True,routine
P002787,6,3,2,0,2026-01-06 20:48:12,2026-05-26 22:39:10,4,True,new
P002788,6,3,2,0,2026-02-07 06:45:00,2026-05-29 05:11:11,4,False,high_support_need
P002789,2,1,0,0,2026-02-13 23:02:13,2026-05-28 06:59:58,4,True,routine
P002790,4,3,0,1,2026-01-13 09:38:26,2026-04-27 21:48:41,3,False,routine
P002791,3,3,0,0,2026-03-06 22:05:53,2026-05-18 05:45:26,3,True,routine
P002792,3,2,1,0,2026-01-02 00:25:43,2026-03-23 01:09:45,4,True,new
P002793,3,2,1,0,2026-02-18 17:17:49,2026-05-07 08:47:51,3,True,new
P002794,3,2,0,0,2026-01-03 21:13:54,2026-05-28 05:06:32,3,True,routine
P002795,3,2,0,0,2026-01-07 00:19:14,2026-03-20 14:34:05,4,True,new
P002796,2,1,1,0,2026-02-01 08:08:08,2026-02-05 04:49:10,4,True,new
P002797,2,1,0,0,2026-01-21 06:14:34,2026-03-12 18:40:44,4,True,routine
P002798,6,6,3,1,2026-02-02 12:44:04,2026-04-10 07:55:53,1,True,routine
P002799,3,1,0,0,2026-02-08 02:38:36,2026-04-29 18:59:20,5,True,new
P002800,3,2,1,0,2026-03-30 20:06:51,2026-05-23 23:51:25,4,True,high_support_need
P002801,3,2,0,0,2026-02-15 12:25:10,2026-04-05 10:25:24,5,False,routine
P002802,7,3,4,0,2026-01-05 11:41:20,2026-05-09 09:13:04,2,False,routine
P002803,2,1,0,0,2026-01-21 11:27:27,2026-03-01 03:58:41,4,True,routine
P002804,3,2,0,0,2026-02-14 05:04:58,2026-05-12 12:27:17,4,True,routine
P002805,2,2,0,0,2026-03-20 16:47:32,2026-05-28 10:21:54,4,True,new
P002806,3,1,1,0,2026-01-14 14:25:59,2026-03-20 21:52:41,4,True,routine
P002807,2,2,0,0,2026-01-01 21:09:40,2026-05-06 01:43:00,4,True,routine
P002808,7,4,3,0,2026-01-07 07:54:24,2026-05-18 23:03:41,2,True,routine
P002809,5,4,2,0,2026-01-27 10:46:30,2026-04-24 19:39:24,2,True,new
P002810,4,3,1,0,2026-01-07 09:11:54,2026-05-22 05:37:30,3,True,routine
P002811,2,2,0,0,2026-02-16 06:50:39,2026-03-13 19:10:43,4,True,routine
P002812,4,3,1,0,2026-01-27 07:45:03,2026-03-23 19:54:36,3,True,routine
P002813,2,1,0,0,2026-01-20 03:16:58,2026-04-24 05:11:48,4,True,routine
P002814,6,4,2,0,2026-01-12 23:13:54,2026-05-14 14:53:50,4,False,high_support_need
P002815,5,5,3,0,2026-02-26 11:36:05,2026-05-10 18:21:24,2,True,routine
P002816,4,3,1,0,2026-02-26 18:51:48,2026-05-22 22:51:14,3,True,new
P002817,2,1,1,0,2026-01-05 04:53:18,2026-01-15 13:48:26,4,True,routine
P002818,6,5,3,0,2026-02-23 22:13:07,2026-05-27 12:43:49,2,False,routine
P002819,8,2,4,0,2026-01-08 13:17:12,2026-04-28 08:35:43,2,False,routine
P002820,3,3,0,0,2026-01-11 19:29:18,2026-05-16 10:29:45,3,True,high_support_need
P002821,2,1,0,0,2026-04-10 03:41:40,2026-05-28 08:00:16,4,True,routine
P002822,2,2,1,1,2026-05-14 12:06:50,2026-05-19 02:50:07,3,True,routine
P002823,3,1,0,0,2026-02-10 02:36:37,2026-05-05 16:25:21,4,True,routine
P002824,4,2,2,0,2026-01-20 15:45:11,2026-05-22 13:19:12,2,True,routine
P002825,6,4,2,0,2026-01-04 22:54:26,2026-05-19 05:21:02,3,True,routine
P002826,4,4,2,0,2026-01-29 22:23:20,2026-04-11 01:11:22,3,True,routine
P002827,2,2,1,0,2026-04-08 17:25:53,2026-04-15 00:09:22,4,True,routine
P002828,5,1,2,0,2026-01-11 07:36:55,2026-04-24 10:18:50,3,True,routine
P002829,4,1,2,0,2026-01-05 14:48:24,2026-03-07 00:24:34,4,True,high_support_need
P002830,5,3,2,0,2026-01-29 14:19:13,2026-04-24 18:07:32,3,True,routine
P002831,2,1,0,0,2026-03-15 04:22:21,2026-04-21 03:33:43,5,True,high_support_need
P002832,7,5,5,0,2026-03-29 21:48:35,2026-05-17 21:15:37,1,False,new
P002833,6,5,2,0,2026-02-10 05:39:13,2026-05-05 08:31:50,3,True,routine
P002834,3,2,0,0,2026-04-09 04:48:19,2026-05-29 06:49:15,3,True,routine
P002835,5,5,2,0,2026-02-13 11:48:51,2026-05-08 16:24:22,2,True,routine
P002836,2,2,0,0,2026-02-07 20:19:00,2026-05-11 13:37:29,4,True,routine
P002837,4,3,2,0,2026-01-22 21:29:21,2026-02-26 08:47:58,3,False,routine
P002839,3,2,0,0,2026-02-28 13:31:43,2026-04-27 22:28:30,4,True,routine
P002840,5,2,2,0,2026-02-06 18:58:33,2026-04-14 08:01:30,4,True,routine
P002841,1,1,0,0,2026-04-21 10:45:42,2026-04-21 10:45:42,4,True,routine
P002842,3,2,1,0,2026-01-02 05:51:54,2026-02-14 18:05:01,4,True,routine
P002843,3,3,0,0,2026-04-16 05:46:15,2026-05-30 01:10:19,4,True,high_support_need
P002844,5,2,1,1,2026-01-04 09:09:51,2026-04-15 04:05:15,4,True,routine
P002845,3,1,0,0,2026-02-25 16:27:18,2026-04-15 02:28:41,4,True,new
P002846,6,6,3,0,2026-02-08 22:42:42,2026-05-19 17:46:48,2,False,high_support_need
P002847,1,0,0,0,2026-04-13 14:09:25,2026-04-13 14:09:25,5,True,new
P002848,8,2,6,0,2026-01-05 07:26:52,2026-03-30 13:35:47,3,False,high_support_need
P002849,8,4,6,0,2026-01-30 23:28:56,2026-04-12 03:35:27,1,True,new
P002850,1,1,0,0,2026-04-07 04:40:49,2026-04-07 04:40:49,5,False,routine
P002851,6,3,3,0,2026-03-10 10:48:32,2026-05-17 04:12:05,3,True,new
P002852,2,1,0,0,2026-01-13 14:50:47,2026-04-18 23:04:31,5,True,routine
P002853,4,3,1,0,2026-02-16 03:37:40,2026-05-17 10:59:43,2,True,routine
P002854,3,2,0,0,2026-01-05 11:42:27,2026-03-31 08:34:54,4,True,new
P002855,5,5,2,1,2026-03-09 13:24:22,2026-05-09 07:37:02,3,False,new
P002856,4,2,0,0,2026-02-07 18:00:11,2026-05-15 15:26:39,4,True,high_support_need
P002857,4,2,2,0,2026-01-28 20:33:50,2026-05-10 21:57:35,4,True,routine
P002858,4,4,1,0,2026-01-08 21:56:27,2026-03-08 10:19:10,3,False,routine
P002859,7,2,3,0,2026-02-25 08:13:46,2026-05-21 07:08:45,4,False,routine
P002860,3,0,1,0,2026-01-17 13:58:46,2026-04-27 09:04:07,4,True,new
P002861,4,2,1,1,2026-01-13 10:09:56,2026-04-03 21:51:04,3,True,routine
P002862,3,2,0,0,2026-01-06 18:06:42,2026-05-21 10:21:24,5,False,routine
P002863,7,5,3,1,2026-02-22 03:46:22,2026-05-27 23:15:00,2,True,routine
P002864,4,4,1,0,2026-01-07 13:36:07,2026-05-25 14:20:29,1,True,routine
P002865,3,2,0,0,2026-01-18 15:44:08,2026-05-19 02:57:17,5,True,new
P002866,4,4,1,0,2026-02-15 08:16:07,2026-05-15 02:33:11,3,True,new
P002867,5,2,3,0,2026-04-06 22:20:28,2026-05-23 16:04:31,4,False,new
P002868,2,2,0,0,2026-02-10 10:02:52,2026-05-30 15:02:48,3,True,routine
P002869,5,4,1,0,2026-01-21 03:41:32,2026-05-31 02:00:14,2,True,routine
P002870,4,3,0,0,2026-01-15 18:35:38,2026-05-22 00:13:23,4,True,new
P002871,4,1,1,0,2026-01-03 03:15:16,2026-04-14 03:24:44,3,True,routine
P002872,3,1,1,0,2026-01-09 21:20:18,2026-05-15 07:28:25,4,True,high_support_need
P002873,2,2,1,0,2026-02-18 11:36:53,2026-02-18 19:07:34,4,True,routine
P002874,2,1,0,0,2026-01-29 11:01:14,2026-03-12 22:21:34,5,True,new
P002875,6,5,1,1,2026-01-07 11:48:34,2026-05-04 06:04:43,2,True,routine
P002876,4,4,0,0,2026-01-09 23:46:37,2026-04-20 21:10:10,3,True,routine
P002877,5,3,1,0,2026-01-02 01:48:25,2026-05-29 13:06:06,3,False,routine
P002878,9,5,5,0,2026-01-10 09:13:40,2026-04-23 08:03:53,1,False,routine
P002879,3,2,0,1,2026-01-22 08:04:00,2026-05-27 13:52:57,3,False,new
P002880,1,1,0,0,2026-04-18 23:03:49,2026-04-18 23:03:49,5,True,routine
P002881,4,3,1,0,2026-01-20 03:07:06,2026-05-15 14:09:37,3,False,high_support_need
P002882,2,2,0,0,2026-01-11 13:56:13,2026-03-10 11:00:27,4,True,high_support_need
P002883,4,2,2,0,2026-02-02 06:50:53,2026-03-23 07:21:55,4,True,new
P002884,4,2,1,0,2026-02-13 20:45:22,2026-05-31 15:22:28,4,True,new
P002885,5,2,0,1,2026-01-23 00:28:56,2026-05-31 23:25:17,4,True,routine
P002886,1,0,0,0,2026-02-27 06:13:30,2026-02-27 06:13:30,5,True,routine
P002887,4,3,1,0,2026-03-17 20:18:19,2026-05-27 07:41:24,5,True,routine
P002888,4,3,1,1,2026-01-01 12:31:16,2026-05-04 21:14:57,3,True,routine
P002889,5,4,1,1,2026-03-12 13:25:00,2026-05-22 22:13:40,3,True,new
P002890,4,2,2,0,2026-01-25 09:04:38,2026-04-12 09:34:55,3,False,high_support_need
P002891,4,3,1,0,2026-01-03 10:40:06,2026-05-06 19:00:28,3,True,routine
P002892,4,2,2,0,2026-02-22 21:20:06,2026-04-03 11:56:55,3,True,routine
P002893,3,1,1,0,2026-02-25 13:56:46,2026-04-27 19:48:52,5,True,routine
P002894,3,0,0,0,2026-01-29 03:40:10,2026-04-12 00:18:23,5,True,high_support_need
P002895,5,4,1,1,2026-02-08 20:37:50,2026-05-28 02:01:07,3,False,routine
P002896,3,0,1,0,2026-02-09 18:01:36,2026-05-24 18:50:59,4,True,routine
P002897,7,5,4,0,2026-02-02 16:37:07,2026-05-24 06:06:30,2,True,new
P002898,2,2,0,0,2026-02-27 00:08:24,2026-04-25 08:11:17,4,True,routine
P002899,4,4,1,0,2026-01-04 01:03:34,2026-05-06 04:55:37,3,True,routine
P002900,3,1,0,0,2026-02-11 02:44:16,2026-05-19 01:50:01,4,True,high_support_need
P002901,2,1,1,0,2026-02-01 00:44:42,2026-02-13 01:15:58,4,True,high_support_need
P002902,1,1,0,0,2026-02-11 10:15:47,2026-02-11 10:15:47,4,True,routine
P002903,5,4,4,1,2026-01-14 08:28:27,2026-01-24 23:17:10,3,False,new
P002904,5,4,2,0,2026-02-09 00:37:44,2026-05-18 11:50:07,3,True,new
P002905,5,4,2,0,2026-01-21 02:40:43,2026-04-15 13:22:24,2,True,routine
P002906,2,2,0,0,2026-03-24 22:45:42,2026-05-30 11:29:54,4,True,routine
P002907,2,2,0,0,2026-02-03 11:31:07,2026-05-04 03:01:21,4,True,routine
P002908,4,2,2,0,2026-01-13 12:10:37,2026-04-24 13:29:17,4,False,routine
P002909,2,2,0,0,2026-01-22 11:55:52,2026-03-11 18:07:09,4,True,new
P002910,6,4,3,1,2026-01-03 22:38:56,2026-05-11 20:48:32,2,False,high_support_need
P002911,1,1,0,0,2026-05-27 12:36:19,2026-05-27 12:36:19,4,True,routine
P002912,2,1,1,0,2026-03-06 19:07:12,2026-03-10 14:56:58,3,True,routine
P002913,5,4,2,1,2026-01-17 12:37:06,2026-05-09 15:37:58,2,True,new
P002914,6,5,2,0,2026-01-26 02:41:56,2026-05-23 22:28:22,2,False,routine
P002915,3,2,0,1,2026-01-07 04:47:28,2026-05-31 09:02:31,4,False,routine
P002916,2,2,0,1,2026-01-15 14:14:12,2026-05-09 16:45:59,4,True,routine
P002917,4,4,2,0,2026-01-30 02:28:12,2026-04-03 19:47:11,3,True,routine
P002918,8,7,5,0,2026-02-13 15:03:41,2026-05-05 15:02:29,1,False,routine
P002919,3,0,0,0,2026-01-10 01:49:31,2026-02-26 17:45:42,5,True,routine
P002920,5,4,1,0,2026-01-22 13:13:08,2026-05-11 07:14:20,2,True,routine
P002921,3,1,1,0,2026-02-17 07:42:07,2026-04-03 04:04:56,4,True,routine
P002922,5,3,2,0,2026-02-07 05:57:23,2026-05-22 22:15:53,4,False,new
P002923,3,3,0,0,2026-02-19 13:05:26,2026-04-24 14:20:55,3,True,routine
P002924,3,2,1,1,2026-03-07 15:38:59,2026-05-09 07:32:29,3,True,routine
P002925,5,1,1,0,2026-01-11 11:16:37,2026-05-02 23:36:06,4,True,new
P002926,6,5,2,0,2026-01-19 04:07:24,2026-05-18 15:44:14,3,True,new
P002927,7,5,4,0,2026-01-10 00:47:12,2026-04-04 01:05:27,2,False,routine
P002928,1,0,0,0,2026-02-23 18:00:14,2026-02-23 18:00:14,4,True,routine
P002929,4,2,1,1,2026-03-08 23:59:45,2026-05-24 22:35:02,4,True,routine
P002930,4,4,1,0,2026-01-30 19:47:37,2026-04-11 11:17:15,2,False,new
P002931,3,3,0,0,2026-01-24 09:13:01,2026-05-18 02:50:58,3,True,high_support_need
P002932,2,1,0,0,2026-01-13 23:17:30,2026-03-17 08:36:47,4,True,new
P002933,3,1,1,0,2026-02-10 17:08:39,2026-05-12 05:23:21,4,True,routine
P002934,10,2,6,0,2026-01-08 10:59:46,2026-05-26 13:37:03,3,False,routine
P002935,2,2,0,0,2026-02-01 21:35:46,2026-04-28 21:36:40,3,True,new
P002936,7,6,4,0,2026-01-20 23:40:37,2026-05-25 14:40:31,1,True,new
P002937,5,3,1,0,2026-01-02 03:15:23,2026-05-29 17:56:29,3,False,routine
P002938,9,6,4,0,2026-02-07 01:56:50,2026-05-15 09:45:48,2,True,routine
P002939,7,4,3,1,2026-01-18 00:25:53,2026-05-30 17:01:44,2,False,high_support_need
P002940,6,4,4,0,2026-01-13 01:25:29,2026-05-17 20:18:19,2,False,new
P002941,3,2,0,0,2026-01-07 02:48:11,2026-03-17 04:08:06,3,False,new
P002942,3,1,1,0,2026-02-08 14:47:49,2026-04-25 15:51:43,4,True,new
P002943,4,3,2,0,2026-02-10 02:56:43,2026-05-04 20:10:16,2,False,routine
P002944,3,1,1,0,2026-01-25 22:07:33,2026-03-31 10:43:24,4,True,routine
P002945,6,4,2,0,2026-02-03 12:50:08,2026-05-29 01:05:54,2,True,routine
P002946,4,2,2,0,2026-04-13 02:49:16,2026-05-15 08:46:44,4,True,routine
P002947,2,2,0,0,2026-01-24 17:39:13,2026-04-26 12:02:40,3,False,routine
P002948,3,2,1,0,2026-02-04 19:29:08,2026-05-27 17:05:28,4,True,routine
P002949,8,6,4,0,2026-01-21 09:34:10,2026-05-27 15:26:21,2,False,routine
P002950,2,2,0,0,2026-03-09 23:37:37,2026-05-17 20:52:14,4,True,routine
P002951,3,2,0,0,2026-04-17 04:38:27,2026-05-28 12:27:58,3,True,routine
P002952,6,4,2,1,2026-02-24 12:44:49,2026-05-21 14:29:12,3,False,routine
P002953,5,4,1,0,2026-02-18 03:09:41,2026-05-27 00:54:52,3,True,routine
P002954,4,4,1,0,2026-01-05 21:10:35,2026-05-04 01:34:03,3,True,routine
P002955,6,2,3,0,2026-03-29 08:20:34,2026-05-31 09:32:49,3,True,high_support_need
P002956,2,1,0,0,2026-03-05 03:36:12,2026-04-19 23:23:48,4,True,routine
P002957,2,2,0,0,2026-02-21 09:12:58,2026-04-13 05:15:21,3,True,routine
P002958,5,4,0,0,2026-01-03 02:17:31,2026-05-29 19:12:21,3,False,routine
P002959,4,2,1,0,2026-02-22 01:20:18,2026-05-22 05:02:24,3,True,new
P002960,5,4,2,1,2026-02-08 00:22:45,2026-05-21 07:43:39,3,False,routine
P002961,2,1,1,0,2026-03-19 04:25:16,2026-03-30 00:03:02,4,True,routine
P002962,4,2,0,0,2026-04-02 02:39:49,2026-05-24 08:21:35,5,True,routine
P002963,3,2,0,0,2026-01-20 08:13:44,2026-04-29 00:59:39,4,True,new
P002964,1,1,0,0,2026-03-13 06:18:04,2026-03-13 06:18:04,4,True,routine
P002965,8,6,5,0,2026-01-23 17:45:26,2026-04-17 19:24:22,2,False,routine
P002966,5,4,2,0,2026-01-26 11:51:32,2026-05-21 05:26:19,3,True,high_support_need
P002967,5,3,1,0,2026-01-19 16:52:31,2026-05-23 16:05:20,4,True,routine
P002968,4,3,1,0,2026-02-05 04:45:01,2026-03-16 02:32:48,3,False,new
P002969,5,2,1,0,2026-01-02 20:04:01,2026-05-29 11:22:42,4,True,routine
P002970,3,2,2,0,2026-04-06 21:50:27,2026-04-16 10:07:08,4,False,routine
P002971,4,3,1,0,2026-01-07 22:14:41,2026-04-07 00:22:25,4,True,new
P002972,2,2,0,0,2026-02-07 19:42:50,2026-03-24 13:27:40,4,False,routine
P002973,3,2,0,0,2026-01-10 15:27:19,2026-05-26 02:07:20,4,True,new
P002974,1,1,0,0,2026-01-01 08:24:41,2026-01-01 08:24:41,4,True,routine
P002975,4,4,2,0,2026-01-16 08:02:22,2026-04-29 01:53:05,4,False,routine
P002976,3,3,0,0,2026-01-28 11:09:54,2026-04-27 20:05:18,4,True,routine
P002977,4,3,1,0,2026-01-24 12:08:08,2026-03-13 19:35:23,3,False,routine
P002978,3,2,0,0,2026-02-15 23:30:22,2026-05-20 02:17:03,4,True,routine
P002979,4,4,1,0,2026-02-07 09:33:02,2026-05-30 11:17:14,4,True,high_support_need
P002980,3,2,1,1,2026-02-07 18:55:28,2026-04-30 05:48:31,4,True,routine
P002981,3,1,1,0,2026-01-04 03:31:46,2026-04-30 00:27:39,5,True,routine
P002982,5,3,2,0,2026-01-26 11:07:35,2026-04-04 08:13:02,4,True,routine
P002983,6,4,3,1,2026-01-16 06:12:55,2026-04-30 13:30:21,2,False,routine
P002984,3,3,1,0,2026-02-19 20:53:48,2026-04-22 03:26:08,4,True,routine
P002985,6,3,1,0,2026-01-14 04:52:50,2026-04-27 08:11:33,2,False,new
P002986,3,3,0,0,2026-01-21 11:21:52,2026-03-23 12:51:42,3,False,high_support_need
P002987,4,1,1,0,2026-03-08 03:03:36,2026-05-21 17:03:35,4,True,routine
P002988,6,3,2,0,2026-01-01 23:47:53,2026-05-18 16:31:47,4,True,new
P002989,3,3,0,2,2026-04-02 19:50:43,2026-05-08 22:41:07,4,True,high_support_need
P002990,2,2,0,0,2026-03-04 10:54:18,2026-05-05 08:42:40,4,True,new
P002991,1,1,0,0,2026-03-24 08:53:08,2026-03-24 08:53:08,3,True,routine
P002992,5,3,1,0,2026-01-03 18:26:52,2026-03-25 10:32:32,3,False,high_support_need
P002993,3,1,2,0,2026-03-12 20:09:33,2026-03-29 05:52:53,3,True,routine
P002994,2,2,0,0,2026-02-14 09:50:27,2026-03-06 22:28:24,5,True,routine
P002995,11,6,7,0,2026-01-07 17:54:35,2026-04-15 23:19:22,1,False,routine
P002996,2,1,0,0,2026-04-09 04:56:32,2026-05-28 05:51:43,5,True,routine
P002997,3,3,0,0,2026-01-21 06:21:02,2026-05-16 14:32:58,3,True,high_support_need
P002998,2,1,0,1,2026-01-04 17:25:05,2026-02-22 07:07:42,5,True,routine
P002999,5,5,0,0,2026-01-03 20:00:06,2026-05-28 19:50:47,2,False,routine
P003000,3,2,1,0,2026-01-23 23:09:18,2026-05-25 05:18:05,3,True,high_support_need
P003001,3,2,1,0,2026-03-17 01:28:42,2026-05-23 20:59:20,3,False,routine
P003002,3,2,1,0,2026-01-03 07:37:56,2026-03-21 04:16:26,3,True,routine
P003003,1,0,0,0,2026-03-05 06:02:16,2026-03-05 06:02:16,5,True,routine
P003004,2,1,1,0,2026-04-18 06:00:30,2026-04-29 03:14:58,4,True,routine
P003006,6,4,3,0,2026-01-27 16:59:53,2026-05-16 06:41:25,2,True,routine
P003007,5,3,1,0,2026-02-07 17:20:15,2026-05-12 18:26:42,3,True,routine
P003008,8,6,2,1,2026-01-03 20:10:43,2026-05-09 13:54:54,2,False,routine
P003010,4,4,2,0,2026-01-22 04:00:08,2026-03-07 02:12:19,3,True,routine
P003011,5,3,2,0,2026-02-03 11:19:55,2026-05-21 09:16:33,3,True,routine
P003012,4,3,2,0,2026-03-09 14:20:05,2026-05-29 16:48:17,3,False,new
P003013,4,4,0,1,2026-01-08 11:49:24,2026-05-17 20:07:00,3,True,routine
P003014,9,2,6,0,2026-02-02 23:01:47,2026-05-08 16:30:06,3,False,new
P003015,6,3,1,0,2026-01-14 01:02:35,2026-05-22 03:25:26,3,False,new
P003016,2,1,0,0,2026-03-13 05:19:02,2026-05-27 12:00:17,4,True,routine
P003017,2,1,0,0,2026-03-31 14:47:41,2026-05-01 13:05:18,4,True,routine
P003018,3,3,1,0,2026-02-28 09:34:24,2026-03-18 14:10:51,3,True,routine
P003019,6,4,1,0,2026-01-04 14:17:46,2026-05-25 00:50:41,2,True,new
P003020,1,0,0,0,2026-02-21 05:58:59,2026-02-21 05:58:59,3,True,new
P003021,4,1,1,0,2026-03-07 15:28:46,2026-05-31 17:20:17,4,False,routine
P003022,5,5,1,0,2026-02-04 15:30:45,2026-04-26 07:20:06,3,True,routine
P003023,3,3,0,0,2026-01-08 02:10:33,2026-03-06 08:46:24,4,True,routine
P003024,3,1,0,0,2026-02-12 02:07:32,2026-05-06 13:45:57,4,True,routine
P003025,3,1,1,0,2026-01-03 14:13:49,2026-05-07 10:22:46,4,True,routine
P003026,3,1,0,0,2026-01-18 03:01:02,2026-05-03 01:23:32,4,True,routine
P003027,1,1,0,1,2026-02-06 05:02:02,2026-02-06 05:02:02,4,True,new
P003028,6,5,1,0,2026-01-19 18:21:09,2026-05-26 20:34:17,2,True,new
P003029,4,3,1,0,2026-01-24 11:49:31,2026-03-26 12:49:20,3,True,routine
P003030,6,3,2,0,2026-01-26 21:37:28,2026-04-27 09:57:07,3,False,routine
P003031,6,4,3,0,2026-01-03 01:28:22,2026-03-23 16:17:15,2,False,routine
P003032,5,4,2,0,2026-01-14 03:56:23,2026-04-17 04:56:01,2,True,high_support_need
P003033,4,4,2,0,2026-04-14 11:50:06,2026-05-21 08:02:06,2,True,new
P003034,3,3,1,0,2026-02-11 10:16:29,2026-04-05 09:22:41,3,False,routine
P003035,4,2,0,0,2026-02-04 14:13:02,2026-05-19 09:00:51,4,True,high_support_need
P003036,2,1,0,0,2026-03-24 10:08:39,2026-05-11 11:25:49,4,True,high_support_need
P003038,2,1,0,0,2026-02-17 22:29:58,2026-04-26 03:51:43,4,True,new
P003039,3,1,1,0,2026-02-06 11:36:36,2026-05-03 02:13:30,3,True,routine
P003040,6,5,3,0,2026-03-15 16:31:20,2026-05-21 17:24:34,2,True,high_support_need
P003041,4,4,1,0,2026-01-02 00:15:15,2026-04-10 18:01:58,2,True,new
P003042,4,1,1,0,2026-03-22 11:39:38,2026-05-22 18:34:52,3,False,routine
P003043,1,1,0,0,2026-03-28 05:09:36,2026-03-28 05:09:36,4,True,new
P003044,3,2,0,0,2026-02-27 13:24:07,2026-04-20 00:39:59,4,False,routine
P003045,3,1,1,0,2026-03-13 10:12:23,2026-05-19 18:23:19,4,True,new
P003046,5,4,2,0,2026-02-16 09:46:00,2026-04-28 23:05:36,2,False,new
P003047,4,2,1,0,2026-01-07 13:05:41,2026-05-12 19:45:10,4,False,routine
P003048,4,3,1,0,2026-01-07 19:29:17,2026-04-13 05:39:06,4,True,routine
P003049,5,2,2,0,2026-02-26 11:43:24,2026-05-22 07:22:41,3,True,routine
P003050,3,3,0,0,2026-01-10 02:37:52,2026-04-16 13:46:42,4,True,routine
P003051,4,2,2,0,2026-01-28 21:14:22,2026-02-23 20:41:39,2,True,new
P003052,7,2,3,0,2026-02-06 18:59:29,2026-05-29 10:21:45,3,True,high_support_need
P003053,2,0,0,0,2026-01-12 17:16:06,2026-05-16 23:05:29,5,True,routine
P003054,4,3,0,0,2026-01-11 04:27:35,2026-05-04 20:20:33,4,True,routine
P003055,5,2,0,0,2026-01-18 11:14:50,2026-05-24 13:12:58,3,True,routine
P003056,3,3,1,1,2026-01-17 14:28:38,2026-04-02 21:21:19,3,True,routine
P003057,3,1,1,0,2026-01-25 19:07:48,2026-03-08 02:25:57,4,True,routine
P003058,5,4,1,1,2026-01-19 00:23:19,2026-05-28 11:01:11,3,True,routine
P003059,5,2,1,0,2026-01-12 17:14:06,2026-05-13 18:08:40,2,True,routine
P003060,7,4,3,0,2026-02-04 02:39:50,2026-05-19 22:39:02,3,True,high_support_need
P003061,2,0,0,0,2026-04-19 11:08:33,2026-05-27 19:51:50,4,True,routine
P003062,3,3,1,0,2026-01-15 14:09:11,2026-04-23 16:36:12,4,True,routine
P003063,1,1,0,0,2026-02-04 21:17:46,2026-02-04 21:17:46,4,True,routine
P003064,1,0,0,0,2026-03-13 12:31:50,2026-03-13 12:31:50,4,True,routine
P003065,3,3,1,0,2026-02-12 03:58:52,2026-04-25 16:10:52,3,False,routine
P003066,7,4,3,1,2026-01-03 01:13:18,2026-04-03 20:37:43,3,True,routine
P003067,4,1,1,0,2026-01-14 09:40:45,2026-05-10 12:15:42,4,True,routine
P003068,4,3,1,0,2026-01-11 17:19:02,2026-05-05 10:19:34,4,False,routine
P003069,6,2,1,0,2026-01-06 17:43:29,2026-05-13 15:01:24,3,True,new
P003070,1,1,0,0,2026-03-03 09:34:24,2026-03-03 09:34:24,4,True,new
P003071,3,1,1,0,2026-02-13 11:43:02,2026-04-08 09:15:10,4,True,new
P003072,9,5,6,0,2026-01-12 21:44:02,2026-04-08 09:42:11,1,False,routine
P003073,9,8,5,0,2026-01-07 21:26:45,2026-05-24 16:29:53,2,True,routine
P003074,4,2,0,1,2026-02-01 08:07:58,2026-05-06 17:10:22,4,True,routine
P003075,4,3,1,0,2026-02-24 09:03:27,2026-05-29 15:06:24,4,True,routine
P003076,2,1,0,0,2026-01-17 14:56:02,2026-02-15 22:48:21,5,True,new
P003077,4,2,2,0,2026-02-04 13:25:54,2026-05-04 16:05:18,3,True,routine
P003078,2,1,1,0,2026-02-02 17:12:43,2026-02-11 14:33:48,5,True,new
P003079,2,1,0,0,2026-02-24 22:57:36,2026-03-25 21:29:14,4,True,routine
P003080,7,5,4,0,2026-01-26 19:51:51,2026-05-24 07:27:08,2,False,new
P003081,4,4,0,0,2026-01-18 00:02:22,2026-03-13 01:06:07,2,True,routine
P003082,6,5,3,0,2026-02-27 02:17:02,2026-05-26 12:38:34,1,True,routine
P003083,2,0,0,0,2026-01-11 08:15:57,2026-01-31 15:33:48,5,True,routine
P003084,5,4,2,0,2026-02-04 09:27:55,2026-05-01 22:20:03,3,True,new
P003085,7,4,4,0,2026-02-15 22:30:41,2026-05-14 02:10:17,2,False,routine
P003086,10,5,7,0,2026-01-08 05:11:50,2026-05-06 16:03:30,2,False,routine
P003087,2,2,0,0,2026-01-26 08:19:08,2026-05-27 00:07:55,4,True,new
P003088,2,1,0,0,2026-03-02 16:19:00,2026-04-08 16:39:32,4,False,routine
P003089,5,4,3,0,2026-01-08 13:32:51,2026-05-18 08:12:28,2,True,routine
P003090,3,2,0,0,2026-02-08 00:30:40,2026-05-09 17:03:59,4,True,high_support_need
P003091,2,2,0,0,2026-01-19 08:33:18,2026-03-28 05:29:54,4,True,new
P003092,6,6,3,0,2026-01-08 01:41:46,2026-05-08 12:26:26,2,False,new
P003093,3,3,0,0,2026-01-12 08:40:03,2026-05-11 17:28:51,4,True,new
P003094,2,1,0,1,2026-02-11 05:20:19,2026-03-07 18:09:22,5,True,new
P003095,5,4,1,0,2026-01-05 13:36:11,2026-05-10 14:30:15,2,False,new
P003096,5,4,3,1,2026-01-09 02:25:24,2026-03-09 02:52:38,2,True,routine
P003097,4,4,0,0,2026-01-09 07:00:49,2026-05-29 20:24:50,3,True,routine
P003098,2,1,0,0,2026-02-08 07:34:02,2026-02-27 09:44:35,4,True,routine
P003099,4,4,0,1,2026-01-30 11:52:11,2026-05-31 20:02:17,2,False,new
P003100,3,3,0,0,2026-02-04 17:47:02,2026-05-23 17:34:43,4,True,routine
P003101,5,2,1,0,2026-01-22 06:24:58,2026-05-27 00:48:15,4,False,routine
P003102,6,5,3,0,2026-01-18 23:23:26,2026-04-21 19:24:31,2,False,routine
P003103,5,3,1,0,2026-01-16 05:18:11,2026-04-23 02:59:53,4,True,routine
P003104,5,3,1,0,2026-01-21 02:53:41,2026-05-31 11:58:37,3,True,high_support_need
P003105,6,3,2,0,2026-02-15 00:53:23,2026-05-24 06:05:43,2,True,high_support_need
P003106,6,5,3,0,2026-01-04 05:02:39,2026-03-29 11:51:46,2,False,routine
P003107,6,3,2,0,2026-01-20 20:39:46,2026-05-16 23:32:03,3,False,routine
P003108,7,3,3,0,2026-01-07 04:33:37,2026-05-29 05:47:10,3,False,high_support_need
P003109,4,2,0,0,2026-01-07 23:46:24,2026-04-05 22:10:48,4,True,high_support_need
P003110,2,2,0,1,2026-01-31 14:39:03,2026-04-01 08:21:35,4,True,high_support_need
P003111,3,2,1,0,2026-02-21 21:26:54,2026-05-16 19:02:32,4,False,routine
P003112,9,6,4,0,2026-01-15 10:17:47,2026-05-20 19:13:06,1,True,routine
P003113,4,4,2,0,2026-02-04 21:16:55,2026-05-12 15:42:39,3,True,routine
P003114,3,3,1,0,2026-01-11 04:25:00,2026-03-30 17:28:02,3,False,new
P003115,8,4,5,0,2026-02-15 12:07:11,2026-05-06 02:01:38,2,False,high_support_need
P003116,3,3,1,0,2026-02-03 16:26:22,2026-04-22 11:59:43,3,False,routine
P003117,4,3,1,1,2026-01-29 14:54:19,2026-05-25 01:50:04,4,True,routine
P003118,5,3,1,0,2026-01-07 23:39:36,2026-04-15 12:25:08,3,True,routine
P003119,3,3,1,0,2026-02-13 23:16:51,2026-05-25 07:07:08,4,True,high_support_need
P003120,1,0,0,0,2026-01-06 17:21:41,2026-01-06 17:21:41,4,True,new
P003121,7,3,3,0,2026-02-08 08:27:48,2026-05-21 16:50:13,2,False,routine
P003122,3,3,0,0,2026-01-19 00:25:40,2026-04-11 08:54:03,3,True,high_support_need
P003123,6,4,3,0,2026-01-15 22:31:10,2026-05-26 16:58:28,3,True,new
P003124,4,3,1,0,2026-01-12 07:52:06,2026-05-14 23:19:10,3,False,routine
P003125,7,6,4,0,2026-03-08 07:44:15,2026-05-27 22:24:11,2,False,routine
P003126,6,5,1,0,2026-01-13 21:22:38,2026-05-19 21:57:47,3,False,new
P003127,3,2,0,0,2026-03-03 08:09:32,2026-05-07 18:34:00,4,True,new
P003128,7,5,2,0,2026-01-16 17:37:36,2026-05-07 02:25:27,2,False,routine
P003129,5,2,2,0,2026-03-23 00:58:55,2026-05-31 05:09:04,3,True,new
P003130,6,3,2,0,2026-02-06 10:01:31,2026-05-25 00:53:17,3,True,routine
P003131,3,2,0,0,2026-01-11 12:05:18,2026-04-18 01:48:46,4,True,routine
P003132,4,2,0,1,2026-01-03 00:57:55,2026-05-08 02:23:24,4,True,new
P003133,4,4,0,0,2026-02-11 11:05:45,2026-05-31 14:54:30,4,True,new
P003134,6,5,3,0,2026-02-17 01:32:45,2026-05-24 10:51:58,1,True,high_support_need
P003135,5,4,1,0,2026-01-13 21:48:12,2026-05-09 00:58:14,4,True,routine
P003136,2,2,1,0,2026-03-26 10:30:39,2026-03-26 19:00:16,4,True,routine
P003137,5,2,1,0,2026-01-14 01:02:48,2026-05-24 14:52:41,4,True,routine
P003138,6,4,3,0,2026-01-15 02:24:07,2026-04-20 19:57:08,3,False,routine
P003139,2,2,0,0,2026-02-19 19:27:44,2026-04-08 03:17:28,4,True,routine
P003140,2,1,0,0,2026-03-04 10:49:19,2026-04-12 17:00:43,5,True,new
P003141,5,3,1,0,2026-01-15 11:02:22,2026-05-28 22:31:58,3,True,new
P003142,1,1,0,0,2026-01-22 07:18:19,2026-01-22 07:18:19,4,True,new
P003143,7,5,4,0,2026-02-02 00:40:01,2026-04-29 03:33:43,2,True,high_support_need
P003144,1,0,0,0,2026-05-04 21:43:19,2026-05-04 21:43:19,4,True,routine
P003145,3,2,0,0,2026-01-01 19:47:36,2026-04-12 17:11:56,4,True,routine
P003146,2,2,0,0,2026-01-10 06:13:46,2026-03-21 17:24:42,5,True,routine
P003147,5,5,1,0,2026-01-10 22:57:59,2026-05-03 23:23:32,4,True,new
P003148,6,6,3,0,2026-01-18 00:36:52,2026-05-09 03:13:15,1,False,routine
P003149,3,1,1,0,2026-01-08 07:36:10,2026-03-21 04:50:30,3,True,high_support_need
P003150,2,2,0,0,2026-01-04 17:04:40,2026-03-30 12:49:23,3,False,high_support_need
P003151,5,3,1,0,2026-02-07 19:02:00,2026-05-10 18:25:40,3,True,high_support_need
P003152,5,1,2,0,2026-01-08 11:05:26,2026-03-20 17:22:31,4,True,high_support_need
P003153,3,0,0,0,2026-02-27 19:03:22,2026-05-10 16:08:08,5,True,routine
P003154,1,1,0,0,2026-03-13 20:13:54,2026-03-13 20:13:54,4,True,routine
P003155,4,4,1,0,2026-02-12 03:55:07,2026-05-30 23:29:57,2,True,routine
P003156,8,3,3,0,2026-01-26 12:51:02,2026-05-28 10:11:01,3,True,new
P003157,1,1,0,0,2026-05-18 20:01:06,2026-05-18 20:01:06,4,True,new
P003158,4,3,2,0,2026-03-11 19:26:52,2026-05-17 07:01:12,3,False,new
P003159,3,0,0,0,2026-03-13 21:43:23,2026-05-31 09:09:26,5,True,new
P003160,2,2,0,0,2026-04-08 02:03:35,2026-05-15 00:03:52,4,True,high_support_need
P003161,6,3,2,0,2026-01-03 21:00:52,2026-05-16 01:50:56,2,True,routine
P003162,5,4,3,0,2026-01-11 17:56:27,2026-04-05 19:58:16,2,False,routine
P003163,8,7,4,0,2026-01-24 00:43:38,2026-05-29 19:21:09,2,True,routine
P003164,1,0,0,0,2026-05-13 11:04:19,2026-05-13 11:04:19,5,True,routine
P003165,4,1,2,0,2026-05-10 09:40:16,2026-05-29 04:49:54,4,False,routine
P003166,3,3,1,0,2026-01-25 10:06:23,2026-02-21 19:11:32,2,False,high_support_need
P003167,7,5,4,0,2026-03-16 07:04:04,2026-05-27 05:20:23,1,False,routine
P003168,5,4,2,0,2026-01-10 05:12:38,2026-05-26 05:18:37,3,False,routine
P003169,5,2,3,0,2026-01-09 07:27:06,2026-04-21 14:05:24,3,False,high_support_need
P003170,4,2,2,0,2026-02-14 21:33:36,2026-03-18 06:22:19,4,False,high_support_need
P003171,3,2,1,0,2026-01-12 23:37:34,2026-05-10 01:06:21,3,True,new
P003172,2,1,0,0,2026-01-17 19:36:37,2026-02-03 04:08:52,4,True,new
P003173,2,1,0,0,2026-01-16 21:42:19,2026-04-08 07:56:53,4,True,routine
P003174,3,3,1,0,2026-01-19 22:01:38,2026-03-31 08:02:34,3,False,routine
P003175,8,7,3,0,2026-01-10 21:29:00,2026-05-20 08:35:36,2,True,routine
P003176,3,3,1,0,2026-01-24 13:29:08,2026-04-04 19:58:59,4,True,routine
P003177,2,1,0,0,2026-02-21 20:54:40,2026-05-14 04:24:17,4,True,high_support_need
P003178,5,4,2,0,2026-03-06 03:47:35,2026-05-30 02:25:45,2,True,new
P003179,6,4,4,0,2026-02-03 23:26:09,2026-04-24 05:20:18,2,True,routine
P003180,4,3,2,2,2026-01-22 16:48:34,2026-05-22 07:47:53,4,False,high_support_need
P003181,4,2,3,0,2026-01-07 21:27:52,2026-02-03 16:26:52,4,True,routine
P003182,5,4,1,1,2026-01-13 00:05:36,2026-05-18 22:23:35,3,True,new
P003183,3,2,0,0,2026-01-28 02:02:50,2026-05-29 17:04:59,4,True,routine
P003184,6,4,4,0,2026-03-05 16:44:28,2026-05-28 14:25:13,2,True,routine
P003185,3,1,1,0,2026-03-12 09:07:37,2026-05-14 21:24:19,4,True,routine
P003186,4,2,1,0,2026-01-31 13:02:21,2026-03-11 16:45:15,4,True,routine
P003187,4,1,3,0,2026-02-02 22:40:29,2026-03-02 03:15:03,4,True,routine
P003188,4,4,1,0,2026-01-14 01:03:06,2026-05-07 02:03:19,3,True,new
P003189,2,2,0,1,2026-01-08 16:26:01,2026-04-01 10:32:46,5,True,new
P003190,1,1,0,0,2026-01-23 02:02:15,2026-01-23 02:02:15,4,True,high_support_need
P003191,4,3,0,0,2026-01-10 15:50:16,2026-05-17 09:41:41,4,False,routine
P003192,6,4,3,1,2026-01-01 19:36:10,2026-04-29 12:59:20,2,True,routine
P003193,7,5,4,0,2026-01-27 01:36:34,2026-05-25 20:28:49,2,True,routine
P003194,5,4,2,0,2026-02-17 18:24:07,2026-05-04 16:54:26,3,True,routine
P003195,5,3,3,0,2026-03-05 08:58:07,2026-05-16 10:21:16,3,False,routine
P003196,3,3,0,0,2026-03-16 07:11:26,2026-05-11 18:17:19,3,True,routine
P003197,7,7,4,0,2026-01-10 08:54:28,2026-05-09 21:41:00,1,False,routine
P003198,7,2,3,0,2026-01-08 13:40:06,2026-05-02 14:44:02,4,False,routine
P003199,2,2,0,0,2026-02-10 18:40:00,2026-05-01 07:16:36,3,True,routine
P003200,3,1,0,0,2026-01-07 06:40:48,2026-03-28 02:48:28,5,True,new
P003201,3,2,0,0,2026-01-27 11:13:09,2026-05-11 21:09:54,4,True,new
P003202,6,4,3,0,2026-01-19 00:32:20,2026-05-29 09:44:06,2,False,routine
P003203,2,2,1,0,2026-01-08 16:44:38,2026-01-11 10:40:19,3,True,routine
P003204,2,1,0,0,2026-03-22 23:16:45,2026-05-03 00:46:04,5,True,new
P003205,5,4,2,0,2026-02-14 13:09:57,2026-05-26 00:01:33,3,False,routine
P003206,3,3,1,0,2026-01-16 03:21:39,2026-02-20 10:27:11,3,True,new
P003207,4,4,1,0,2026-02-16 13:02:13,2026-05-13 04:10:13,2,True,routine
P003208,3,0,0,0,2026-02-18 21:32:27,2026-05-28 11:45:42,4,True,routine
P003209,1,0,0,0,2026-01-22 03:05:25,2026-01-22 03:05:25,5,True,routine
P003210,2,1,1,0,2026-03-11 20:59:08,2026-03-15 19:25:57,5,True,high_support_need
P003211,5,3,1,0,2026-01-13 18:54:53,2026-04-08 05:47:11,4,True,new
P003212,6,3,2,0,2026-02-16 01:32:55,2026-05-26 17:39:58,3,False,routine
P003213,7,5,4,0,2026-01-22 01:22:24,2026-04-20 04:04:55,2,True,routine
P003214,4,3,1,0,2026-01-18 13:50:18,2026-03-18 04:44:45,4,False,routine
P003215,5,5,2,1,2026-01-19 16:06:43,2026-05-18 05:43:09,2,False,routine
P003216,1,1,0,0,2026-05-24 11:50:43,2026-05-24 11:50:43,5,True,high_support_need
P003217,4,1,1,0,2026-01-08 05:23:56,2026-03-07 20:01:12,4,True,routine
P003218,4,4,0,0,2026-03-10 03:56:17,2026-05-30 04:44:47,3,True,new
P003219,3,2,1,0,2026-04-14 21:05:38,2026-05-26 03:22:55,3,True,routine
P003220,6,6,1,1,2026-02-01 04:20:09,2026-05-29 12:44:03,1,False,routine
P003221,3,2,0,0,2026-02-11 10:53:34,2026-05-26 08:59:30,5,True,routine
P003222,7,6,3,0,2026-01-30 00:09:06,2026-05-24 20:04:08,2,False,routine
P003223,2,2,0,0,2026-01-23 05:29:20,2026-05-16 09:27:26,4,True,routine
P003224,4,1,1,0,2026-02-18 19:31:05,2026-05-22 22:49:13,3,True,new
P003225,4,2,0,0,2026-01-14 17:52:47,2026-05-20 11:33:53,4,False,new
P003226,5,4,1,0,2026-01-03 03:29:00,2026-05-11 04:08:31,3,False,routine
P003227,4,3,1,0,2026-01-10 07:46:38,2026-05-15 13:45:33,4,True,routine
P003228,8,3,6,0,2026-01-19 23:49:49,2026-05-08 13:40:00,2,False,routine
P003229,1,1,0,0,2026-02-04 01:31:48,2026-02-04 01:31:48,5,True,routine
P003230,4,4,3,1,2026-01-09 17:33:42,2026-01-23 05:43:39,2,True,routine
P003231,6,4,3,0,2026-02-26 17:10:20,2026-05-25 06:44:14,2,True,routine
P003232,4,3,1,1,2026-01-13 02:18:11,2026-05-16 10:08:07,2,True,routine
P003233,2,1,0,0,2026-01-09 23:40:06,2026-03-18 17:10:35,4,True,new
P003234,3,2,0,0,2026-02-22 13:36:26,2026-05-07 03:03:01,4,True,routine
P003235,5,2,1,0,2026-02-01 13:02:02,2026-05-09 11:20:53,4,False,routine
P003236,3,1,2,0,2026-02-15 20:13:08,2026-02-23 07:22:09,4,True,routine
P003237,4,2,0,0,2026-02-11 05:39:55,2026-04-24 13:16:07,4,True,high_support_need
P003238,5,2,2,0,2026-01-25 17:51:43,2026-05-04 22:00:54,4,True,routine
P003239,1,1,0,0,2026-02-15 17:19:08,2026-02-15 17:19:08,4,True,routine
P003240,4,3,0,0,2026-01-23 16:38:11,2026-05-31 16:29:28,3,False,new
P003241,5,5,2,0,2026-02-07 02:42:24,2026-04-22 14:50:54,2,True,routine
P003243,3,2,0,0,2026-02-18 01:12:11,2026-05-30 23:40:49,3,True,routine
P003244,5,2,1,0,2026-02-06 12:21:22,2026-05-01 01:17:05,3,False,routine
P003245,4,3,0,0,2026-02-02 22:02:04,2026-05-30 22:01:15,4,False,routine
P003246,1,1,0,0,2026-05-16 13:44:27,2026-05-16 13:44:27,3,True,new
P003247,6,4,3,0,2026-01-18 09:26:44,2026-04-21 22:20:36,2,False,new
P003248,3,2,0,0,2026-01-06 00:21:41,2026-05-21 18:38:25,4,True,routine
P003249,3,1,0,0,2026-01-16 20:29:25,2026-05-25 13:25:19,4,True,routine
P003250,6,3,3,0,2026-02-15 23:50:45,2026-05-20 02:25:59,3,False,routine
P003251,2,1,0,0,2026-01-16 17:19:37,2026-05-06 08:25:25,4,True,routine
P003252,4,2,1,0,2026-03-19 17:06:29,2026-05-27 20:33:07,4,True,routine
P003253,2,1,0,0,2026-01-13 14:39:03,2026-04-29 19:41:01,5,True,routine
P003254,5,3,2,0,2026-02-01 08:56:48,2026-03-27 17:48:58,3,False,routine
P003255,3,2,1,1,2026-03-16 08:28:56,2026-05-02 04:13:14,4,True,routine
P003256,2,2,0,0,2026-03-06 03:00:06,2026-04-06 09:04:26,4,True,routine
P003257,5,4,3,0,2026-02-01 09:00:39,2026-03-31 20:43:28,2,True,routine
P003258,2,0,0,0,2026-01-16 07:50:00,2026-02-04 14:57:40,5,True,routine
P003259,4,2,2,0,2026-02-18 00:06:36,2026-05-08 04:16:50,3,False,routine
P003260,5,4,2,0,2026-01-16 09:51:13,2026-05-27 08:28:08,2,True,routine
P003261,2,2,1,0,2026-05-11 09:47:47,2026-05-21 14:15:00,3,True,high_support_need
P003262,2,2,0,0,2026-02-06 15:49:29,2026-05-26 14:25:03,5,True,new
P003263,5,3,2,0,2026-01-12 11:27:32,2026-05-03 16:36:51,3,False,routine
P003264,4,2,0,0,2026-01-26 13:22:17,2026-05-05 03:25:16,3,False,new
P003265,1,1,0,0,2026-02-19 16:15:01,2026-02-19 16:15:01,5,True,routine
P003266,4,3,0,0,2026-02-18 11:41:54,2026-05-22 09:02:43,4,True,routine
P003267,4,4,1,0,2026-03-01 01:21:49,2026-05-29 08:21:35,3,True,routine
P003268,4,2,2,0,2026-01-07 08:19:16,2026-03-15 18:19:00,4,False,routine
P003269,4,3,1,0,2026-01-31 00:25:37,2026-04-01 07:12:02,4,False,routine
P003270,1,1,0,0,2026-04-23 20:36:36,2026-04-23 20:36:36,4,True,routine
P003271,5,4,3,1,2026-01-15 18:07:25,2026-02-10 14:04:07,3,False,high_support_need
P003272,3,3,0,0,2026-02-25 02:36:51,2026-05-31 02:00:40,4,True,high_support_need
P003273,4,4,0,0,2026-01-01 03:25:11,2026-03-01 08:06:39,3,True,routine
P003274,6,5,1,0,2026-01-27 22:51:53,2026-05-18 04:36:40,2,False,routine
P003275,5,1,1,0,2026-01-19 12:14:38,2026-05-31 13:10:30,4,True,routine
P003276,2,1,0,0,2026-03-14 13:16:45,2026-04-07 11:58:44,4,True,routine
P003277,6,5,3,0,2026-02-09 07:10:26,2026-04-09 04:42:08,3,True,routine
P003278,2,0,0,0,2026-01-23 03:13:44,2026-02-09 14:30:21,5,True,routine
P003279,2,1,0,0,2026-01-10 11:39:07,2026-05-01 14:09:25,4,True,routine
P003280,6,4,1,0,2026-01-08 07:39:29,2026-05-11 22:25:42,3,True,routine
P003281,4,3,1,0,2026-01-04 16:38:17,2026-03-27 04:21:22,3,True,new
P003282,5,3,3,0,2026-02-15 12:50:43,2026-05-07 23:53:41,2,True,new
P003283,6,3,1,0,2026-01-17 16:31:14,2026-05-17 08:09:19,3,False,routine
P003284,8,6,5,1,2026-01-25 10:57:53,2026-05-01 01:27:09,2,False,new
P003285,2,2,0,0,2026-05-01 11:18:58,2026-05-31 05:33:46,4,True,high_support_need
P003286,6,2,3,0,2026-01-27 11:33:03,2026-05-21 20:45:10,3,False,routine
P003287,7,4,4,0,2026-02-01 18:10:02,2026-05-25 01:23:50,2,True,new
P003288,3,2,1,0,2026-04-28 15:54:41,2026-05-17 22:53:18,3,True,routine
P003289,2,1,0,0,2026-01-13 21:40:25,2026-03-26 14:35:52,5,True,new
P003290,2,2,1,0,2026-04-22 13:37:17,2026-04-25 21:53:56,4,True,routine
P003291,6,3,2,0,2026-01-06 07:30:49,2026-05-19 04:48:13,3,False,routine
P003292,2,2,0,0,2026-01-14 15:13:49,2026-02-07 18:38:33,4,True,new
P003293,2,2,0,0,2026-01-17 18:17:42,2026-03-28 04:04:39,4,True,routine
P003294,6,2,3,0,2026-02-09 06:45:03,2026-05-28 07:35:19,3,True,routine
P003296,3,3,0,0,2026-01-29 01:25:44,2026-05-22 20:00:43,3,True,routine
P003297,1,1,0,0,2026-02-22 00:32:32,2026-02-22 00:32:32,4,False,routine
P003298,5,4,1,0,2026-02-02 23:20:20,2026-05-20 06:00:19,3,True,routine
P003299,3,0,1,0,2026-01-26 04:45:24,2026-04-15 09:02:34,4,True,routine
P003300,3,2,0,0,2026-02-21 02:09:49,2026-05-19 14:16:37,4,True,routine
P003301,2,1,0,0,2026-02-26 13:05:41,2026-04-18 12:42:00,4,True,routine
P003303,8,5,6,0,2026-01-04 00:08:03,2026-03-08 01:16:01,2,False,routine
P003304,1,1,0,0,2026-03-13 18:38:19,2026-03-13 18:38:19,3,False,routine
P003305,2,1,0,0,2026-03-02 08:45:37,2026-04-24 06:17:04,4,True,routine
P003306,4,3,2,0,2026-01-21 06:13:04,2026-04-12 13:24:45,3,False,routine
P003307,5,4,2,0,2026-01-16 00:13:32,2026-04-27 12:35:41,2,False,routine
P003308,5,3,1,0,2026-01-14 15:00:11,2026-05-31 01:37:01,3,True,routine
P003309,5,2,1,0,2026-01-07 01:37:15,2026-05-15 14:43:35,4,True,routine
P003310,3,2,1,0,2026-01-12 05:39:19,2026-04-13 05:25:06,4,True,new
P003311,5,2,1,0,2026-01-01 03:05:45,2026-05-22 16:21:19,4,False,high_support_need
P003313,5,5,1,0,2026-02-07 15:03:24,2026-05-29 00:07:23,3,True,routine
P003314,1,1,0,0,2026-04-28 13:58:09,2026-04-28 13:58:09,4,True,routine
P003315,6,5,2,0,2026-02-21 18:38:03,2026-05-25 06:00:47,2,False,high_support_need
P003316,6,3,2,0,2026-01-07 22:48:37,2026-05-01 11:07:06,3,False,routine
P003317,5,2,2,0,2026-02-04 10:13:55,2026-05-09 08:09:24,4,False,routine
P003318,5,2,3,0,2026-01-18 17:36:57,2026-04-05 04:27:46,4,True,high_support_need
P003319,4,3,1,0,2026-01-12 16:17:19,2026-05-03 20:56:58,3,True,new
P003320,4,4,0,0,2026-01-05 04:27:08,2026-05-29 04:47:58,3,True,new
P003321,8,4,5,0,2026-01-31 02:25:13,2026-05-04 01:20:29,2,False,new
P003322,5,2,1,0,2026-01-18 09:29:29,2026-05-03 01:14:02,3,True,routine
P003323,9,8,3,0,2026-01-01 22:23:24,2026-05-28 09:19:11,2,False,routine
P003324,5,3,2,0,2026-01-12 11:44:59,2026-04-30 17:00:09,2,False,routine
P003325,4,4,1,1,2026-01-12 19:26:17,2026-05-23 06:52:59,3,True,routine
P003326,4,4,2,0,2026-03-28 18:30:12,2026-05-31 12:42:07,2,False,new
P003327,5,5,2,0,2026-02-05 11:02:54,2026-04-03 20:36:16,2,True,new
P003328,1,0,0,0,2026-01-11 01:00:26,2026-01-11 01:00:26,4,True,routine
P003329,4,1,2,0,2026-02-12 10:01:02,2026-03-29 20:46:35,3,True,routine
P003330,4,3,2,1,2026-02-16 04:09:59,2026-04-03 11:21:09,4,True,new
P003331,2,1,1,0,2026-01-26 16:27:43,2026-01-31 21:21:40,4,True,routine
P003332,5,4,2,0,2026-01-05 07:25:48,2026-05-13 17:49:08,3,False,routine
P003333,7,5,3,0,2026-01-03 17:03:08,2026-05-29 18:49:47,2,True,new
P003334,5,3,2,0,2026-01-20 11:55:54,2026-03-30 01:45:32,3,False,high_support_need
P003335,3,3,1,0,2026-03-20 11:35:38,2026-04-30 18:01:47,3,True,routine
P003336,1,1,0,0,2026-03-05 21:54:51,2026-03-05 21:54:51,5,True,routine
P003337,8,8,5,0,2026-01-03 04:20:12,2026-05-03 12:48:02,2,False,routine
P003338,5,4,0,0,2026-01-02 09:38:55,2026-05-29 18:20:48,3,False,new
P003339,6,4,4,0,2026-02-16 11:04:20,2026-03-25 02:23:39,3,False,new
P003340,7,6,2,0,2026-01-06 15:19:48,2026-05-15 02:55:01,1,False,new
P003341,5,3,2,1,2026-01-01 18:59:26,2026-05-18 14:01:49,3,True,routine
P003342,4,3,1,0,2026-01-01 21:55:59,2026-02-15 19:27:01,4,True,routine
P003343,2,2,0,0,2026-02-10 23:41:32,2026-03-04 15:05:45,5,True,routine
P003344,2,1,0,1,2026-01-02 04:51:54,2026-04-05 07:28:47,4,True,high_support_need
P003345,1,1,0,0,2026-01-29 22:53:36,2026-01-29 22:53:36,4,True,new
P003346,5,2,1,0,2026-01-01 08:02:44,2026-04-13 10:18:28,4,True,high_support_need
P003347,5,2,1,0,2026-01-30 17:57:22,2026-05-18 15:55:36,3,False,routine
P003348,6,3,3,0,2026-02-15 15:09:19,2026-05-30 02:14:09,4,True,routine
P003349,2,2,0,0,2026-02-07 06:18:35,2026-04-13 08:04:04,4,True,routine
P003351,2,2,0,0,2026-02-28 03:15:22,2026-03-17 00:13:37,4,True,routine
P003352,2,2,0,0,2026-02-21 00:56:31,2026-05-19 15:09:49,5,True,routine
P003353,3,1,1,0,2026-01-31 11:09:09,2026-04-09 06:44:38,3,True,routine
P003354,4,1,2,0,2026-03-03 03:38:59,2026-05-15 12:40:31,4,True,routine
P003355,3,2,1,0,2026-01-21 23:54:57,2026-05-27 17:03:42,4,True,routine
P003356,4,1,1,0,2026-03-18 05:13:56,2026-05-31 07:35:24,4,True,routine
P003357,5,4,1,0,2026-01-21 08:36:17,2026-05-02 15:20:37,3,True,routine
P003358,1,1,0,0,2026-05-07 01:21:01,2026-05-07 01:21:01,4,True,routine
P003359,2,2,0,0,2026-01-02 03:03:13,2026-02-04 02:19:34,3,True,routine
P003360,2,1,0,0,2026-03-07 23:35:23,2026-04-18 00:17:51,5,True,high_support_need
P003361,3,2,1,0,2026-04-05 09:19:32,2026-05-06 07:20:19,4,True,new
P003362,6,4,3,0,2026-01-15 05:01:38,2026-04-28 21:58:28,2,True,routine
P003363,4,3,1,0,2026-01-16 14:58:56,2026-05-13 17:15:12,2,True,routine
P003364,8,4,5,1,2026-02-03 16:04:41,2026-05-02 09:07:24,1,True,new
P003365,2,2,0,0,2026-01-01 07:05:55,2026-05-05 08:25:51,4,True,high_support_need
P003366,2,2,0,0,2026-03-19 17:17:47,2026-05-27 16:56:01,4,True,routine
P003367,4,0,2,0,2026-01-26 00:27:12,2026-04-03 11:35:33,4,True,routine
P003368,4,2,1,0,2026-01-25 15:26:01,2026-04-24 16:38:16,3,False,routine
P003369,4,1,2,0,2026-02-22 11:42:03,2026-05-23 04:44:28,4,True,routine
P003370,6,2,3,0,2026-03-13 21:26:33,2026-05-16 05:45:41,3,False,routine
P003371,4,2,2,0,2026-02-08 03:40:12,2026-04-24 13:43:20,3,False,routine
P003372,2,2,0,0,2026-03-14 14:21:38,2026-05-17 18:21:45,4,True,routine
P003373,3,3,1,0,2026-01-24 09:00:38,2026-03-20 23:45:02,4,True,routine
P003374,3,2,0,0,2026-01-06 01:23:31,2026-02-27 00:30:09,3,False,new
P003375,4,2,1,0,2026-02-13 04:13:24,2026-04-29 17:45:13,3,True,routine
P003376,4,4,0,0,2026-01-14 06:25:28,2026-05-30 07:27:54,3,True,routine
P003377,3,2,1,0,2026-02-23 07:41:27,2026-04-02 23:44:07,3,False,routine
P003378,7,5,3,0,2026-01-03 20:02:26,2026-05-21 23:04:29,2,True,routine
P003379,7,3,3,0,2026-01-20 17:07:30,2026-05-07 07:56:13,3,True,routine
P003380,3,1,0,0,2026-03-03 04:35:52,2026-05-21 01:20:23,3,True,routine
P003381,3,2,1,0,2026-01-18 13:13:12,2026-03-17 23:06:03,4,True,new
P003382,6,3,2,0,2026-01-21 12:02:30,2026-05-30 16:16:38,3,False,routine
P003383,6,4,2,0,2026-01-05 09:54:29,2026-05-18 10:35:12,3,True,routine
P003384,1,1,0,0,2026-05-30 23:10:29,2026-05-30 23:10:29,5,True,new
P003385,3,1,0,0,2026-02-02 19:20:43,2026-05-22 08:47:37,4,True,routine
P003386,3,3,0,0,2026-01-01 03:39:42,2026-05-06 00:57:47,3,True,routine
P003387,3,2,0,0,2026-01-21 15:30:30,2026-03-02 02:27:10,3,True,routine
P003388,4,3,1,0,2026-03-25 13:48:14,2026-05-22 00:58:14,3,True,routine
P003389,6,5,2,0,2026-01-02 17:01:14,2026-04-30 23:16:55,2,True,routine
P003390,5,2,3,0,2026-02-18 18:50:08,2026-04-08 11:02:24,3,True,routine
P003391,1,1,0,1,2026-03-29 18:19:01,2026-03-29 18:19:01,4,True,high_support_need
P003392,4,3,1,0,2026-02-05 05:17:40,2026-05-08 23:49:15,3,False,routine
P003393,3,3,1,0,2026-04-25 18:56:10,2026-05-30 23:10:48,3,True,routine
P003394,6,5,2,0,2026-01-15 18:00:08,2026-05-24 08:48:35,2,True,routine
P003395,5,4,2,0,2026-01-03 20:33:18,2026-05-29 21:59:19,2,False,routine
P003396,6,3,2,0,2026-01-20 03:11:00,2026-05-10 20:25:36,3,False,high_support_need
P003397,1,0,0,0,2026-05-28 05:04:09,2026-05-28 05:04:09,5,True,new
P003398,4,3,1,0,2026-01-06 23:53:06,2026-05-16 00:44:40,3,True,routine
P003399,3,1,1,1,2026-01-18 04:57:55,2026-02-28 01:16:31,4,True,routine
P003400,1,0,0,0,2026-02-14 23:06:27,2026-02-14 23:06:27,5,True,routine
P003401,5,2,2,0,2026-01-03 08:52:15,2026-05-13 16:06:40,3,False,new
P003402,5,3,2,0,2026-03-05 10:38:16,2026-05-07 12:21:07,2,True,new
P003403,2,1,0,0,2026-01-20 17:00:16,2026-05-21 22:45:35,5,True,routine
P003404,4,2,0,0,2026-02-21 16:33:34,2026-05-27 14:15:52,4,True,new
P003405,2,1,0,0,2026-03-05 07:17:30,2026-04-18 21:36:00,4,True,new
P003406,4,3,2,1,2026-01-15 09:48:00,2026-05-18 11:10:24,2,False,routine
P003407,9,4,3,0,2026-01-03 03:35:16,2026-05-24 15:13:11,3,False,new
P003408,4,3,2,0,2026-04-06 11:36:12,2026-05-14 23:49:29,3,False,routine
P003409,6,5,2,0,2026-01-28 16:09:55,2026-05-21 23:42:06,2,False,routine
P003410,3,2,0,0,2026-02-25 21:13:34,2026-05-28 06:15:43,5,True,routine
P003411,6,5,4,0,2026-01-22 19:14:03,2026-05-26 20:21:51,1,False,new
P003412,5,5,1,0,2026-01-03 17:25:39,2026-05-03 06:55:17,2,True,routine
P003413,4,3,1,0,2026-01-10 14:12:43,2026-05-23 06:21:32,4,False,routine
P003415,5,5,2,1,2026-01-23 16:09:07,2026-05-03 07:08:57,3,False,routine
P003416,2,0,0,0,2026-03-19 09:45:56,2026-05-05 15:16:31,5,True,routine
P003417,4,4,2,0,2026-03-13 02:00:45,2026-04-07 20:29:56,3,False,high_support_need
P003418,5,2,1,1,2026-01-04 17:17:09,2026-05-30 03:46:18,3,True,routine
P003419,4,3,1,0,2026-01-18 12:41:03,2026-05-17 14:28:37,4,True,new
P003420,2,2,0,0,2026-02-14 09:03:30,2026-04-19 21:52:29,3,True,routine
P003421,3,1,0,0,2026-01-09 09:59:36,2026-05-11 15:26:45,4,True,routine
P003422,3,2,0,0,2026-01-24 16:00:48,2026-05-08 07:16:05,4,True,high_support_need
P003423,7,6,3,1,2026-01-11 12:57:27,2026-05-08 19:55:32,2,False,new
P003424,2,1,0,0,2026-01-27 20:06:59,2026-05-21 17:29:45,4,True,routine
P003425,4,3,0,0,2026-01-11 16:26:33,2026-05-05 08:19:57,2,True,new
P003426,3,1,1,0,2026-02-19 22:50:03,2026-05-22 10:44:57,4,True,routine
P003427,2,0,0,0,2026-03-24 05:14:44,2026-05-26 16:10:54,5,True,routine
P003428,4,2,2,0,2026-02-06 00:41:36,2026-05-13 03:08:42,3,False,new
P003429,1,1,0,0,2026-05-15 21:45:11,2026-05-15 21:45:11,4,True,routine
P003430,2,1,0,0,2026-03-03 13:46:30,2026-04-03 09:05:48,4,True,new
P003431,1,1,0,0,2026-05-06 03:47:03,2026-05-06 03:47:03,4,True,routine
P003432,5,4,2,0,2026-01-10 22:47:47,2026-05-12 02:12:56,1,True,new
P003433,4,4,1,0,2026-02-01 16:44:00,2026-04-30 13:10:17,4,False,new
P003434,3,0,0,0,2026-01-04 06:11:00,2026-05-26 03:04:25,4,True,new
P003435,9,8,5,0,2026-01-01 18:30:07,2026-05-04 12:44:03,3,False,routine
P003436,6,5,3,0,2026-01-16 06:14:46,2026-05-25 20:23:19,3,False,new
P003437,2,2,1,0,2026-05-03 09:34:11,2026-05-10 16:11:31,3,True,routine
P003438,4,4,1,0,2026-03-18 20:13:46,2026-05-30 18:40:14,2,True,new
P003439,9,7,4,1,2026-02-09 07:07:00,2026-05-27 00:39:57,2,False,new
P003440,5,2,2,0,2026-01-14 07:09:12,2026-05-27 20:30:37,4,True,routine
P003441,8,6,4,0,2026-01-23 03:03:42,2026-05-23 07:51:26,3,False,new
P003442,4,3,2,0,2026-02-26 10:25:14,2026-04-02 10:08:59,3,True,high_support_need
P003443,6,5,2,0,2026-02-10 21:37:23,2026-05-14 23:10:57,2,False,new
P003444,1,1,0,0,2026-03-01 14:51:36,2026-03-01 14:51:36,5,True,routine
P003445,4,3,0,0,2026-01-19 11:35:52,2026-04-08 06:16:50,2,True,high_support_need
P003446,2,1,0,1,2026-02-06 11:55:52,2026-05-01 12:55:48,5,True,routine
P003447,6,4,3,1,2026-02-20 18:28:02,2026-05-23 16:19:30,2,False,routine
P003449,2,2,0,0,2026-02-02 09:05:32,2026-05-02 15:46:22,4,True,high_support_need
P003450,1,1,0,0,2026-03-29 20:48:31,2026-03-29 20:48:31,4,False,routine
P003451,8,7,3,1,2026-01-04 01:33:48,2026-05-31 15:57:25,2,True,new
P003452,1,0,0,0,2026-03-04 06:37:11,2026-03-04 06:37:11,5,True,new
P003453,3,1,0,0,2026-02-10 03:38:15,2026-04-01 17:03:36,4,False,routine
P003454,7,4,2,0,2026-01-13 05:56:59,2026-05-28 21:34:25,2,False,routine
P003455,3,1,2,0,2026-02-03 18:31:27,2026-02-10 06:27:58,4,True,routine
P003456,5,5,1,0,2026-02-23 11:46:23,2026-05-04 11:28:26,4,False,routine
P003457,5,5,2,0,2026-01-18 02:34:42,2026-04-16 01:06:50,2,False,routine
P003458,2,1,0,0,2026-03-12 02:27:04,2026-03-31 05:45:19,4,True,routine
P003459,3,3,0,1,2026-04-05 07:36:30,2026-05-18 15:53:42,4,False,routine
P003460,7,4,3,0,2026-01-19 02:40:21,2026-05-20 21:03:44,2,False,high_support_need
P003461,2,1,0,0,2026-01-01 04:11:23,2026-02-15 23:23:19,3,True,routine
P003462,1,1,0,0,2026-05-06 10:45:01,2026-05-06 10:45:01,4,True,routine
P003463,5,5,2,0,2026-02-18 10:52:02,2026-05-31 08:43:12,1,False,routine
P003464,3,3,1,0,2026-02-17 13:59:39,2026-04-11 06:19:20,3,True,routine
P003465,3,1,0,0,2026-02-17 09:18:53,2026-05-02 03:40:42,5,True,routine
P003466,6,5,3,1,2026-01-14 05:17:03,2026-05-08 17:55:19,2,True,new
P003467,2,2,0,0,2026-02-19 15:21:16,2026-03-23 03:17:27,4,True,high_support_need
P003468,6,3,3,1,2026-01-18 18:33:19,2026-05-01 05:09:31,3,True,routine
P003469,6,4,2,0,2026-02-22 04:23:59,2026-05-16 07:13:36,3,True,routine
P003470,5,3,2,0,2026-02-06 18:38:32,2026-04-26 17:15:52,4,False,routine
P003471,6,4,2,0,2026-01-05 12:57:54,2026-04-14 05:16:05,4,True,routine
P003472,5,3,2,1,2026-03-16 02:40:11,2026-05-12 17:31:16,2,True,high_support_need
P003473,3,2,1,0,2026-02-08 06:31:03,2026-04-30 05:57:47,4,True,routine
P003474,4,4,2,0,2026-03-05 06:50:16,2026-05-11 13:13:01,4,False,routine
P003475,3,2,1,0,2026-04-21 23:31:22,2026-05-21 02:22:53,5,True,high_support_need
P003476,4,3,0,0,2026-01-02 05:06:14,2026-05-05 08:20:52,4,True,new
P003477,1,1,0,0,2026-01-15 12:24:03,2026-01-15 12:24:03,4,True,routine
P003478,5,3,1,0,2026-01-24 10:10:52,2026-05-27 02:11:40,3,True,routine
P003479,4,3,2,0,2026-04-11 07:25:09,2026-05-20 08:31:52,3,False,routine
P003480,1,0,0,0,2026-04-19 23:51:58,2026-04-19 23:51:58,5,True,routine
P003481,2,2,0,0,2026-03-02 23:25:13,2026-03-20 00:29:43,4,False,routine
P003482,5,2,2,0,2026-02-08 09:11:23,2026-05-24 11:51:50,4,True,routine
P003483,3,2,1,0,2026-03-22 20:27:24,2026-05-04 23:33:22,3,True,routine
P003484,6,3,3,0,2026-03-24 23:56:32,2026-05-28 19:42:29,2,True,new
P003485,5,2,2,0,2026-02-02 01:59:43,2026-05-14 15:07:14,3,False,routine
P003486,5,3,2,0,2026-02-28 05:05:47,2026-05-04 05:54:54,3,True,high_support_need
P003487,3,1,0,0,2026-01-23 22:33:37,2026-05-09 15:33:36,5,True,routine
P003488,1,0,0,0,2026-04-21 18:55:16,2026-04-21 18:55:16,4,True,routine
P003489,5,4,2,0,2026-01-08 16:40:58,2026-04-11 19:07:28,2,True,routine
P003490,4,3,1,0,2026-01-07 02:57:31,2026-05-30 13:01:16,3,True,high_support_need
P003491,3,2,0,0,2026-01-02 19:20:46,2026-04-18 08:59:40,4,True,routine
P003492,5,4,1,0,2026-01-22 03:34:56,2026-05-07 03:09:07,4,False,routine
P003493,6,3,2,0,2026-01-11 06:58:14,2026-05-20 02:55:53,3,True,routine
P003494,5,3,2,0,2026-03-06 19:23:29,2026-05-26 04:40:51,3,True,routine
P003495,3,3,0,0,2026-04-10 21:30:55,2026-05-14 20:45:13,3,True,routine
P003496,3,1,1,0,2026-02-22 01:01:27,2026-05-10 19:53:08,4,True,routine
P003497,5,4,0,0,2026-01-16 01:14:40,2026-05-28 22:21:02,2,True,routine
P003498,10,8,6,0,2026-01-05 10:28:41,2026-05-16 18:34:33,2,False,new
P003499,2,2,0,0,2026-03-03 20:06:32,2026-05-14 19:22:05,4,True,new
P003500,6,3,2,0,2026-01-12 14:19:06,2026-05-08 12:22:07,3,False,routine
P003501,1,0,0,0,2026-04-22 02:26:16,2026-04-22 02:26:16,5,True,new
P003502,3,2,1,0,2026-01-03 13:20:58,2026-03-21 01:30:07,3,True,routine
P003503,6,3,2,0,2026-01-20 03:05:00,2026-05-10 15:03:21,3,False,routine
P003504,3,2,0,1,2026-02-11 19:01:07,2026-04-17 11:45:03,4,True,new
P003505,2,1,0,0,2026-01-02 07:20:58,2026-05-11 00:09:23,5,True,routine
P003506,4,2,2,0,2026-03-12 11:31:23,2026-04-13 16:48:22,4,True,routine
P003508,3,3,0,0,2026-01-03 10:22:32,2026-05-02 06:42:21,4,True,routine
P003509,5,4,1,0,2026-01-23 04:45:59,2026-04-18 04:39:45,2,True,routine
P003510,6,2,1,0,2026-01-13 01:13:41,2026-05-21 07:02:35,3,True,routine
P003511,7,2,3,0,2026-02-03 22:30:52,2026-05-18 06:11:40,3,True,routine
P003512,2,2,1,0,2026-04-25 06:50:58,2026-05-04 13:39:50,4,True,routine
P003513,3,2,1,0,2026-04-15 16:26:49,2026-05-17 09:13:47,3,True,new
P003514,5,5,1,0,2026-02-16 05:47:05,2026-05-13 16:14:08,3,True,new
P003515,4,3,1,0,2026-02-25 13:08:07,2026-04-29 23:57:28,3,False,routine
P003516,2,1,0,0,2026-02-26 18:35:39,2026-05-11 16:57:08,5,True,routine
P003517,3,1,1,0,2026-03-10 07:11:45,2026-05-19 17:31:56,4,True,new
P003518,6,5,2,1,2026-01-11 11:53:17,2026-05-22 05:54:37,1,False,routine
P003519,4,4,1,0,2026-01-15 22:05:48,2026-04-07 19:43:34,2,True,routine
P003520,5,4,1,0,2026-01-07 15:36:43,2026-05-31 09:51:05,3,True,routine
P003521,4,3,1,0,2026-03-02 18:43:51,2026-05-27 20:59:44,4,False,new
P003522,6,2,3,0,2026-01-13 21:55:19,2026-05-19 03:38:44,3,True,new
P003523,3,3,1,0,2026-01-13 06:02:04,2026-04-05 02:00:14,3,True,new
P003524,2,2,0,0,2026-01-06 17:30:22,2026-05-10 02:29:25,4,True,routine
P003525,2,2,0,0,2026-01-01 04:19:12,2026-02-14 04:39:22,3,True,routine
P003526,5,4,0,0,2026-01-03 13:47:42,2026-05-19 11:43:48,2,True,routine
P003527,5,3,1,0,2026-01-24 08:52:24,2026-05-04 05:55:23,3,True,new
P003528,3,2,0,0,2026-03-06 20:23:02,2026-05-16 11:02:16,4,True,routine
P003529,4,2,0,0,2026-02-09 15:44:45,2026-04-30 08:36:11,3,True,routine
P003530,4,2,1,0,2026-01-28 14:10:11,2026-05-22 18:08:05,4,False,routine
P003531,5,3,4,0,2026-03-28 20:58:21,2026-05-02 15:04:18,2,False,routine
P003532,5,4,1,0,2026-01-22 23:30:49,2026-05-29 11:44:52,2,True,new
P003533,7,5,3,0,2026-01-11 05:04:56,2026-05-31 14:10:09,2,False,routine
P003534,3,2,0,0,2026-01-09 11:52:35,2026-04-07 03:07:38,4,True,routine
P003535,1,0,0,0,2026-01-24 02:37:53,2026-01-24 02:37:53,4,True,routine
P003536,11,4,7,0,2026-01-13 03:25:22,2026-05-19 04:13:35,2,False,routine
P003537,6,4,1,0,2026-01-31 18:05:13,2026-05-29 17:45:22,4,False,routine
P003538,2,0,0,0,2026-04-09 21:12:57,2026-05-28 11:24:23,4,True,routine
P003539,2,1,0,0,2026-02-13 00:45:39,2026-03-15 03:21:45,4,True,high_support_need
P003540,6,5,1,0,2026-01-10 20:14:16,2026-05-27 00:53:18,3,True,routine
P003541,1,1,0,0,2026-03-12 05:46:41,2026-03-12 05:46:41,4,True,routine
P003543,10,7,4,0,2026-01-06 16:43:18,2026-05-20 11:36:54,2,False,new
P003544,3,3,0,0,2026-01-06 09:06:32,2026-05-28 18:11:04,4,False,routine
P003545,3,3,1,0,2026-03-15 09:57:33,2026-05-18 08:23:23,4,False,routine
P003546,4,1,0,0,2026-01-18 07:37:33,2026-05-03 00:44:16,5,True,routine
P003547,8,6,5,0,2026-02-08 00:10:12,2026-05-12 02:07:47,2,False,routine
P003548,3,3,1,0,2026-02-21 05:58:56,2026-05-07 17:36:24,3,True,high_support_need
P003549,4,3,2,0,2026-03-01 10:38:23,2026-04-10 10:05:51,3,True,routine
P003550,6,5,4,0,2026-01-02 19:57:02,2026-03-10 08:35:59,2,False,routine
P003551,5,3,0,0,2026-02-04 23:21:50,2026-05-14 11:28:19,5,False,new
P003552,3,3,0,0,2026-01-02 16:30:35,2026-05-13 03:06:25,3,True,routine
P003553,8,6,5,0,2026-01-13 17:30:14,2026-04-30 02:22:45,1,False,new
P003554,3,2,0,1,2026-01-11 12:37:28,2026-04-18 02:35:21,4,True,routine
P003555,2,1,0,0,2026-02-15 23:43:28,2026-03-23 23:52:12,4,True,routine
P003556,7,4,4,0,2026-01-06 00:36:15,2026-04-07 04:27:51,2,True,routine
P003557,5,3,2,1,2026-01-20 04:32:29,2026-05-13 15:20:28,3,False,new
P003558,6,2,3,0,2026-01-29 03:35:23,2026-05-21 03:26:05,3,False,routine
P003559,4,2,1,1,2026-01-11 13:41:55,2026-04-06 16:26:49,3,True,routine
P003560,2,2,0,0,2026-02-07 08:21:18,2026-03-03 03:04:11,4,True,new
P003561,2,1,0,0,2026-02-04 00:27:59,2026-03-27 06:27:40,4,True,routine
P003562,6,6,2,0,2026-01-03 06:37:09,2026-05-05 23:08:55,2,True,routine
P003563,3,2,0,0,2026-01-18 06:04:10,2026-04-24 08:43:50,3,True,routine
P003564,4,3,1,0,2026-04-13 02:43:27,2026-05-31 08:30:37,3,True,new
P003565,2,2,0,0,2026-04-16 00:44:14,2026-05-16 00:41:50,4,True,routine
P003566,1,1,0,0,2026-04-17 21:10:17,2026-04-17 21:10:17,5,True,routine
P003567,7,3,2,0,2026-01-13 09:08:09,2026-05-11 02:14:44,3,True,new
P003568,3,1,0,0,2026-02-11 02:18:21,2026-05-28 18:09:54,5,True,routine
P003569,3,2,1,0,2026-02-26 20:39:31,2026-05-26 18:39:55,4,False,routine
P003570,6,6,2,0,2026-02-11 01:18:52,2026-05-27 07:27:57,1,False,routine
P003571,7,3,4,0,2026-02-17 05:27:50,2026-05-27 08:26:59,3,False,new
P003572,9,9,6,0,2026-01-28 14:34:48,2026-05-25 13:43:37,2,True,high_support_need
P003573,4,1,0,0,2026-01-10 09:54:09,2026-05-05 18:31:06,5,True,routine
P003574,8,2,4,0,2026-01-13 12:04:41,2026-05-31 19:37:06,3,True,routine
P003575,3,3,1,1,2026-01-02 20:53:58,2026-03-09 20:07:30,3,False,routine
P003576,5,1,2,0,2026-02-01 01:55:23,2026-05-29 09:27:51,4,True,new
P003577,4,2,1,0,2026-01-01 14:55:05,2026-04-06 05:38:57,4,False,routine
P003578,5,4,1,0,2026-01-02 04:32:09,2026-04-12 13:15:22,3,False,routine
P003579,6,4,3,0,2026-01-19 05:44:13,2026-05-25 05:43:00,2,False,new
P003580,5,4,0,0,2026-01-15 05:59:12,2026-05-29 00:09:58,4,False,routine
P003581,5,4,2,0,2026-01-12 01:40:28,2026-04-07 10:13:29,3,True,routine
P003582,7,6,1,0,2026-01-02 19:03:15,2026-05-31 04:24:42,3,True,routine
P003583,8,7,3,0,2026-01-16 00:35:09,2026-05-23 19:56:15,1,False,routine
P003584,2,2,0,0,2026-02-15 23:32:40,2026-03-10 10:25:39,5,True,routine
P003585,3,1,1,0,2026-01-30 08:01:17,2026-05-13 14:56:04,4,False,new
P003586,3,3,0,0,2026-02-11 23:35:28,2026-03-26 13:30:38,3,False,routine
P003587,3,0,2,0,2026-02-26 13:18:45,2026-03-04 10:24:34,4,True,routine
P003588,5,3,2,0,2026-01-27 13:08:24,2026-05-20 09:25:30,3,False,routine
P003589,7,3,2,0,2026-01-03 12:52:58,2026-05-16 08:42:56,2,True,new
P003590,4,0,0,0,2026-01-25 00:28:45,2026-05-23 22:01:35,5,True,routine
P003591,1,1,0,0,2026-03-26 17:37:54,2026-03-26 17:37:54,5,True,new
P003592,2,1,0,0,2026-01-15 10:44:21,2026-04-08 18:27:45,4,True,routine
P003593,3,2,0,0,2026-03-14 15:09:15,2026-05-26 21:07:15,5,True,new
P003594,4,2,1,0,2026-03-19 05:06:29,2026-05-25 11:57:27,3,False,new
P003595,3,1,0,0,2026-02-09 07:42:16,2026-04-28 21:41:41,4,False,routine
P003596,4,4,1,0,2026-01-12 03:08:09,2026-03-31 06:26:44,4,True,routine
P003597,3,2,0,0,2026-01-23 21:10:11,2026-05-15 19:46:36,4,False,routine
P003598,5,4,2,0,2026-01-17 00:07:20,2026-03-25 17:01:23,3,False,routine
P003599,4,3,0,1,2026-01-08 19:32:37,2026-05-15 21:45:07,3,True,routine
P003600,4,2,1,0,2026-01-13 09:55:46,2026-04-27 13:31:55,3,True,high_support_need
P003601,2,2,0,0,2026-01-02 05:12:01,2026-02-16 16:43:09,3,True,routine
P003602,6,4,2,1,2026-01-06 07:54:05,2026-05-20 19:48:05,3,True,high_support_need
P003603,3,1,1,0,2026-03-03 16:46:09,2026-04-15 05:16:33,4,True,high_support_need
P003604,7,5,3,0,2026-01-23 21:43:35,2026-05-18 17:02:57,1,True,routine
P003605,6,4,3,0,2026-01-18 08:10:50,2026-05-13 03:41:30,2,True,new
P003606,4,4,2,0,2026-02-14 07:22:22,2026-05-22 07:31:38,3,True,high_support_need
P003607,4,3,2,0,2026-02-26 20:03:33,2026-04-24 13:55:36,2,False,routine
P003608,5,3,2,0,2026-01-10 11:42:30,2026-05-23 01:54:49,4,False,new
P003609,4,4,1,0,2026-01-16 13:22:42,2026-04-16 09:16:42,3,True,routine
P003610,2,2,0,0,2026-01-03 17:44:00,2026-03-10 16:41:39,4,True,routine
P003611,2,2,0,0,2026-01-11 07:11:21,2026-05-19 20:23:59,4,True,new
P003612,3,1,1,0,2026-01-11 22:54:05,2026-05-23 09:42:24,3,True,routine
P003613,6,5,3,1,2026-01-17 20:02:48,2026-04-03 22:38:00,2,False,routine
P003614,1,1,0,0,2026-03-29 04:43:11,2026-03-29 04:43:11,4,True,routine
P003615,3,3,1,0,2026-01-15 07:29:26,2026-05-03 17:46:26,2,True,new
P003616,5,4,2,0,2026-01-09 06:39:39,2026-04-28 14:44:00,3,True,routine
P003617,3,2,1,0,2026-01-31 04:07:02,2026-02-26 08:45:46,3,True,routine
P003618,2,2,0,0,2026-03-26 18:02:19,2026-05-30 03:54:32,4,False,new
P003619,5,3,0,0,2026-01-17 09:38:26,2026-05-22 18:31:28,3,False,routine
P003620,5,3,2,1,2026-03-17 07:58:55,2026-05-13 01:10:36,4,True,routine
P003621,2,2,0,1,2026-01-03 07:17:12,2026-05-08 12:23:59,3,False,new
P003622,3,3,1,0,2026-03-07 09:49:07,2026-05-20 02:28:18,2,True,routine
P003623,2,2,0,0,2026-02-06 05:28:23,2026-04-16 19:41:07,3,True,high_support_need
P003624,2,0,0,0,2026-02-02 14:58:31,2026-05-24 18:57:47,5,True,routine
P003625,2,1,0,0,2026-01-10 01:03:59,2026-04-24 08:05:42,5,True,new
P003626,1,1,0,0,2026-02-15 14:45:08,2026-02-15 14:45:08,4,True,new
P003627,3,1,1,0,2026-02-12 10:42:49,2026-03-11 07:21:45,4,True,high_support_need
P003628,3,2,1,0,2026-02-28 09:41:42,2026-04-15 10:34:13,3,True,routine
P003629,3,3,1,0,2026-01-29 01:18:08,2026-03-15 12:26:20,4,False,high_support_need
P003630,3,2,1,0,2026-01-10 12:26:05,2026-04-08 17:33:01,5,True,routine
P003631,4,3,1,0,2026-01-13 04:55:16,2026-03-30 17:22:59,3,True,high_support_need
P003632,1,0,0,0,2026-02-23 02:37:50,2026-02-23 02:37:50,4,True,routine
P003633,2,2,1,0,2026-03-30 02:49:19,2026-04-10 13:03:37,4,True,routine
P003634,1,0,0,0,2026-04-04 21:39:50,2026-04-04 21:39:50,5,True,high_support_need
P003635,7,4,4,0,2026-01-18 00:00:02,2026-05-12 08:10:00,2,False,routine
P003636,5,3,3,0,2026-01-12 12:12:16,2026-02-23 15:14:04,4,True,routine
P003637,2,0,0,0,2026-01-14 13:03:06,2026-04-28 14:54:38,4,True,new
P003638,2,1,0,0,2026-02-07 11:30:36,2026-05-10 22:34:28,5,True,routine
P003639,6,3,3,0,2026-01-15 07:08:33,2026-05-10 20:58:24,4,True,new
P003640,1,1,0,0,2026-04-16 18:27:14,2026-04-16 18:27:14,4,True,new
P003641,1,0,0,0,2026-01-15 12:55:04,2026-01-15 12:55:04,5,True,new
P003642,3,1,1,0,2026-01-02 16:34:40,2026-04-04 19:37:11,5,True,routine
P003643,4,2,1,0,2026-01-04 19:52:33,2026-05-11 16:14:10,4,True,high_support_need
P003644,2,2,0,0,2026-02-11 04:14:33,2026-03-12 16:31:30,4,True,routine
P003645,4,2,1,0,2026-01-18 14:15:44,2026-05-24 13:50:48,5,True,routine
P003646,4,2,1,1,2026-01-17 01:05:20,2026-04-15 01:54:04,3,False,new
P003647,6,5,2,4,2026-01-12 17:43:56,2026-04-16 14:42:19,1,False,routine
P003648,3,3,1,1,2026-02-13 14:44:56,2026-04-14 17:11:40,4,True,routine
P003649,2,2,0,0,2026-02-15 16:43:57,2026-03-11 14:37:09,3,True,routine
P003650,5,3,2,0,2026-01-21 22:15:16,2026-05-01 01:58:51,3,True,routine
P003651,5,5,0,1,2026-01-02 03:55:25,2026-05-03 09:35:32,3,True,routine
P003652,2,2,0,0,2026-02-26 06:50:59,2026-03-31 23:09:28,4,True,new
P003653,7,3,3,0,2026-01-11 02:54:15,2026-04-18 06:52:09,3,True,routine
P003654,5,4,0,0,2026-01-16 06:32:49,2026-04-12 23:23:02,3,False,routine
P003655,6,5,3,0,2026-03-01 19:07:51,2026-05-15 12:14:22,2,False,routine
P003656,1,1,0,0,2026-04-01 21:01:47,2026-04-01 21:01:47,4,True,new
P003657,6,4,2,1,2026-01-01 14:37:37,2026-05-23 10:23:53,2,True,routine
P003658,5,2,2,0,2026-01-21 16:34:45,2026-05-13 19:48:21,3,False,routine
P003659,6,3,2,0,2026-01-01 21:11:37,2026-05-24 18:34:12,4,False,routine
P003660,3,2,1,0,2026-01-28 15:03:23,2026-04-04 14:15:06,4,True,routine
P003661,8,6,4,0,2026-02-03 07:30:27,2026-05-27 02:49:25,2,False,routine
P003662,7,4,2,0,2026-01-01 06:47:48,2026-05-10 15:30:26,2,True,new
P003663,4,4,1,0,2026-03-06 20:14:55,2026-05-26 23:47:34,3,True,routine
P003664,3,1,0,0,2026-03-03 02:12:46,2026-05-19 21:13:04,4,True,routine
P003665,3,2,0,0,2026-01-27 07:15:04,2026-03-28 12:44:02,4,True,routine
P003666,5,3,3,0,2026-03-08 01:37:36,2026-05-14 00:14:11,3,True,high_support_need
P003667,5,1,1,0,2026-01-24 18:25:20,2026-04-22 08:13:32,3,True,high_support_need
P003668,2,2,1,0,2026-02-06 23:03:04,2026-02-20 03:37:40,5,False,high_support_need
P003669,10,8,7,0,2026-01-10 02:45:32,2026-05-08 18:41:05,2,False,routine
P003670,4,3,0,0,2026-03-04 02:54:32,2026-05-29 18:49:22,3,False,high_support_need
P003671,4,3,1,0,2026-01-23 13:03:12,2026-04-22 16:40:06,3,False,high_support_need
P003672,1,0,0,0,2026-01-06 07:46:34,2026-01-06 07:46:34,5,True,routine
P003673,7,4,3,0,2026-01-04 23:31:11,2026-05-07 02:10:32,3,False,routine
P003674,2,1,1,0,2026-04-29 14:14:12,2026-05-01 21:35:49,4,True,routine
P003675,1,1,0,0,2026-04-11 22:31:03,2026-04-11 22:31:03,5,True,routine
P003676,3,1,1,0,2026-02-08 20:49:54,2026-04-15 01:07:24,5,True,high_support_need
P003677,8,5,4,0,2026-02-17 16:12:48,2026-05-22 20:14:16,2,True,routine
P003678,11,6,6,0,2026-01-18 02:45:56,2026-05-18 19:27:21,1,False,routine
P003679,8,5,4,0,2026-01-01 08:12:55,2026-05-16 07:39:41,2,True,new
P003680,2,1,0,0,2026-01-04 22:51:04,2026-03-15 17:24:27,4,True,routine
P003681,3,1,1,0,2026-01-20 05:36:07,2026-05-14 11:50:51,3,True,routine
P003682,6,4,3,0,2026-02-02 08:48:06,2026-05-19 22:59:50,3,True,high_support_need
P003683,2,1,1,0,2026-04-25 16:17:18,2026-05-08 04:57:18,4,True,routine
P003684,2,2,0,0,2026-02-05 21:46:27,2026-05-27 23:27:56,3,True,new
P003685,11,9,7,0,2026-01-22 23:03:48,2026-05-30 08:25:32,2,False,routine
P003686,3,2,0,0,2026-01-23 16:37:52,2026-05-03 12:55:30,3,True,new
P003687,4,3,0,1,2026-02-03 14:55:45,2026-05-19 23:37:18,4,True,high_support_need
P003688,4,4,0,0,2026-01-14 13:07:00,2026-05-20 05:20:58,3,True,routine
P003689,2,1,0,0,2026-01-23 02:52:48,2026-04-01 12:18:51,5,True,new
P003690,1,1,0,0,2026-03-17 16:23:13,2026-03-17 16:23:13,4,True,routine
P003691,1,1,0,0,2026-01-01 18:05:12,2026-01-01 18:05:12,4,True,new
P003692,7,3,2,1,2026-01-04 16:53:41,2026-05-14 19:23:24,3,False,routine
P003693,1,0,0,0,2026-02-02 18:00:32,2026-02-02 18:00:32,4,True,routine
P003694,5,4,0,0,2026-01-01 19:44:42,2026-04-26 07:47:38,3,True,routine
P003695,7,6,4,0,2026-01-13 00:49:37,2026-05-15 19:42:34,2,False,new
P003696,4,3,1,0,2026-02-20 23:34:50,2026-05-27 19:19:02,3,True,routine
P003697,9,7,4,0,2026-01-05 08:14:35,2026-05-15 02:18:07,2,False,new
P003698,5,1,2,1,2026-01-09 23:05:07,2026-04-17 00:26:33,4,True,high_support_need
P003699,5,5,1,1,2026-01-05 11:43:25,2026-05-17 02:09:27,2,False,new
P003700,6,2,2,0,2026-01-19 03:06:18,2026-05-18 23:43:38,3,False,routine
P003701,6,6,0,1,2026-01-12 11:01:29,2026-04-26 19:44:57,2,True,routine
P003702,4,4,1,1,2026-03-06 19:56:59,2026-05-22 12:18:10,2,False,routine
P003703,8,4,4,0,2026-01-03 03:41:09,2026-05-09 02:58:30,3,True,high_support_need
P003704,3,1,1,0,2026-01-15 11:56:56,2026-04-01 08:47:38,4,True,routine
P003705,6,5,3,0,2026-01-19 12:13:23,2026-05-25 03:18:35,2,True,new
P003706,3,3,1,0,2026-02-03 04:45:22,2026-03-18 14:47:22,3,False,routine
P003707,2,1,0,0,2026-01-20 15:58:09,2026-04-23 14:21:39,4,True,high_support_need
P003708,6,4,2,0,2026-02-04 20:56:08,2026-05-15 06:26:05,3,False,new
P003709,2,2,0,0,2026-03-15 14:23:28,2026-04-10 15:50:05,4,True,routine
P003710,4,3,0,0,2026-01-06 22:03:01,2026-04-22 06:49:20,4,False,routine
P003711,7,5,2,0,2026-01-21 18:56:37,2026-05-11 16:38:56,1,False,routine
P003712,3,1,1,0,2026-01-28 16:20:05,2026-05-28 16:02:38,4,True,routine
P003713,2,2,1,0,2026-04-24 19:54:12,2026-05-04 09:06:47,4,True,new
P003714,2,2,0,0,2026-04-23 00:12:34,2026-05-12 09:31:50,3,True,new
P003715,1,1,0,0,2026-03-26 20:06:50,2026-03-26 20:06:50,5,True,high_support_need
P003716,1,1,0,0,2026-04-22 15:36:49,2026-04-22 15:36:49,4,False,routine
P003717,4,1,1,0,2026-01-27 03:13:56,2026-05-03 11:10:36,3,False,new
P003718,3,1,0,0,2026-02-10 07:56:17,2026-05-15 17:17:10,4,True,high_support_need
P003719,3,2,1,1,2026-02-08 01:36:47,2026-04-04 14:55:20,3,True,routine
P003720,3,2,0,0,2026-01-07 09:18:59,2026-05-21 04:23:22,4,False,high_support_need
P003721,9,6,5,0,2026-01-14 04:49:13,2026-05-16 08:29:28,1,True,routine
P003722,4,3,1,0,2026-01-18 12:28:09,2026-05-26 17:17:36,4,True,high_support_need
P003723,6,5,3,0,2026-02-04 05:32:13,2026-05-19 11:07:35,2,True,routine
P003724,3,1,0,0,2026-02-09 09:18:03,2026-04-12 06:15:24,4,True,routine
P003725,2,1,0,0,2026-01-30 08:55:52,2026-02-26 14:29:30,5,False,new
P003726,1,1,0,0,2026-03-04 04:24:13,2026-03-04 04:24:13,5,True,routine
P003727,2,1,0,0,2026-02-12 11:37:05,2026-03-31 16:55:33,5,True,high_support_need
P003728,1,1,0,0,2026-05-08 20:02:10,2026-05-08 20:02:10,5,True,routine
P003729,4,1,1,0,2026-02-05 04:25:14,2026-05-15 17:38:37,3,True,high_support_need
P003730,7,7,4,0,2026-01-02 06:27:46,2026-04-13 14:12:32,2,False,high_support_need
P003731,3,1,0,0,2026-02-11 17:02:30,2026-05-06 09:10:53,4,True,high_support_need
P003732,4,4,1,0,2026-01-09 03:41:34,2026-02-28 05:03:31,3,False,new
P003733,6,4,2,0,2026-01-04 14:23:36,2026-05-19 08:22:34,3,True,routine
P003734,4,3,0,1,2026-01-14 06:39:11,2026-04-12 00:54:29,4,False,new
P003735,4,2,0,0,2026-01-20 15:25:21,2026-04-07 13:47:29,3,True,routine
P003736,8,6,4,0,2026-01-31 02:09:08,2026-05-21 06:00:49,1,True,routine
P003737,4,2,1,0,2026-01-20 14:47:36,2026-05-23 05:03:35,3,False,routine
P003738,8,7,4,0,2026-01-16 23:26:46,2026-05-28 21:28:55,2,False,high_support_need
P003739,3,2,0,0,2026-02-25 11:23:17,2026-05-24 23:09:56,3,True,high_support_need
P003740,2,2,1,0,2026-04-28 00:55:11,2026-05-07 14:16:34,3,True,routine
P003741,1,1,0,0,2026-04-02 09:48:47,2026-04-02 09:48:47,4,True,routine
P003742,3,1,1,0,2026-01-16 00:03:33,2026-03-11 12:10:48,4,False,new
P003743,2,2,1,0,2026-05-15 06:53:22,2026-05-24 10:52:42,3,True,routine
P003744,3,3,0,0,2026-01-09 16:02:49,2026-03-22 13:51:35,4,True,new
P003745,3,2,0,0,2026-01-02 08:55:00,2026-04-29 19:30:47,4,False,high_support_need
P003746,6,6,2,0,2026-02-04 22:20:15,2026-05-29 19:51:33,1,False,new
P003747,4,2,1,0,2026-02-05 05:01:48,2026-05-18 12:05:48,3,True,routine
P003748,7,6,4,0,2026-01-08 07:34:22,2026-05-31 04:16:30,2,False,routine
P003749,3,2,0,0,2026-04-12 10:53:55,2026-05-25 18:01:47,4,True,routine
P003750,4,3,1,0,2026-02-16 09:58:17,2026-05-13 10:24:50,3,True,new
P003751,2,2,0,0,2026-01-15 05:51:13,2026-05-26 00:50:09,4,True,new
P003752,7,6,3,1,2026-01-05 11:15:33,2026-04-27 20:12:59,2,True,high_support_need
P003753,3,2,2,0,2026-03-31 13:49:58,2026-04-06 10:40:13,3,True,new
P003754,3,1,1,0,2026-01-24 22:34:46,2026-04-04 18:14:03,5,True,routine
P003755,3,2,0,0,2026-01-17 12:14:00,2026-05-28 17:40:02,4,True,routine
P003756,4,3,0,0,2026-01-04 15:15:07,2026-05-27 11:16:17,4,True,routine
P003758,1,0,0,0,2026-02-05 09:14:57,2026-02-05 09:14:57,5,True,new
P003759,3,2,1,0,2026-01-21 05:07:15,2026-04-14 01:49:51,3,False,new
P003760,1,1,0,0,2026-01-31 12:40:38,2026-01-31 12:40:38,4,False,high_support_need
P003761,2,0,0,0,2026-01-29 12:45:35,2026-05-07 17:46:56,5,True,new
P003762,5,4,1,0,2026-01-04 23:10:23,2026-03-16 05:40:49,4,True,routine
P003763,5,4,2,1,2026-01-01 19:40:43,2026-05-10 14:58:27,3,True,routine
P003764,3,3,1,0,2026-03-08 23:18:40,2026-04-16 00:35:34,3,True,routine
P003765,4,2,2,0,2026-01-09 17:41:47,2026-03-26 16:13:47,3,True,routine
P003766,4,3,2,0,2026-01-02 02:53:25,2026-02-18 11:01:37,3,False,routine
P003767,3,2,0,0,2026-03-07 08:28:37,2026-05-27 03:50:26,3,True,routine
P003768,5,4,2,0,2026-03-21 23:07:42,2026-05-19 00:41:13,2,True,routine
P003769,4,2,1,0,2026-02-01 11:13:49,2026-05-29 22:18:19,4,True,high_support_need
P003770,4,0,1,0,2026-02-08 22:35:16,2026-05-31 17:14:02,4,True,routine
P003771,2,2,0,0,2026-03-16 10:54:34,2026-05-27 04:04:04,4,True,new
P003773,5,3,1,0,2026-01-14 22:35:52,2026-04-21 01:24:56,4,True,routine
P003774,4,4,1,0,2026-03-10 21:24:49,2026-05-09 17:27:03,3,True,new
P003775,7,5,2,0,2026-01-06 14:46:55,2026-05-04 21:33:53,2,False,routine
P003776,2,2,0,0,2026-04-24 10:08:16,2026-05-15 19:16:39,4,True,routine
P003777,4,2,2,0,2026-02-11 18:52:16,2026-03-21 08:56:32,4,True,routine
P003778,6,3,2,0,2026-01-09 14:51:03,2026-05-22 07:18:38,4,True,high_support_need
P003779,7,4,1,0,2026-01-12 09:35:33,2026-05-14 02:23:00,3,False,routine
P003780,5,4,2,0,2026-01-25 14:25:13,2026-04-22 13:51:04,2,False,new
P003781,4,1,2,0,2026-02-09 15:35:30,2026-03-18 12:39:22,4,False,routine
P003782,3,2,0,0,2026-02-03 04:01:11,2026-04-15 12:59:18,4,True,routine
P003783,5,3,3,0,2026-01-01 05:31:57,2026-02-05 14:42:06,3,True,routine
P003784,6,4,2,0,2026-01-07 04:51:17,2026-04-30 07:42:21,2,True,routine
P003785,2,0,0,0,2026-03-20 23:10:19,2026-04-07 07:46:33,4,True,new
P003786,3,1,0,0,2026-02-25 17:42:22,2026-05-28 16:18:20,4,True,routine
P003787,2,1,0,0,2026-02-08 15:37:37,2026-04-30 02:53:44,4,False,routine
P003788,6,5,1,0,2026-01-11 12:22:11,2026-05-17 04:49:12,2,False,new
P003789,5,3,1,0,2026-01-19 11:49:12,2026-05-21 12:04:05,4,True,new
P003790,4,3,1,0,2026-01-02 19:29:38,2026-02-24 08:03:45,3,True,routine
P003791,1,0,0,0,2026-02-05 11:06:23,2026-02-05 11:06:23,5,True,routine
P003792,3,2,0,0,2026-02-03 22:54:23,2026-05-20 19:32:01,4,True,routine
P003793,4,2,0,0,2026-02-08 06:11:02,2026-05-29 16:45:58,4,True,routine
P003794,4,2,0,0,2026-01-01 20:58:39,2026-05-05 04:35:37,4,False,new
P003795,7,4,4,0,2026-01-16 14:00:56,2026-05-24 15:25:15,1,False,high_support_need
P003796,2,2,0,0,2026-02-01 08:40:37,2026-04-05 15:54:32,4,True,routine
P003797,4,3,1,0,2026-02-17 12:06:25,2026-05-06 13:48:35,3,True,routine
P003798,6,5,1,0,2026-01-02 11:31:58,2026-05-29 22:30:48,2,True,routine
P003799,1,1,0,0,2026-03-29 16:56:35,2026-03-29 16:56:35,4,False,routine
P003800,4,3,1,0,2026-03-01 21:37:51,2026-05-27 09:24:50,3,True,routine
P003801,3,2,0,0,2026-01-07 15:44:38,2026-05-07 03:06:26,4,False,routine
P003802,5,3,2,0,2026-01-03 15:17:55,2026-04-15 23:31:26,3,True,routine
P003804,4,3,1,1,2026-03-16 18:31:37,2026-05-02 07:59:51,3,True,new
P003805,2,2,1,0,2026-04-14 01:13:47,2026-04-18 06:43:15,3,False,routine
P003806,4,3,1,0,2026-01-15 00:40:38,2026-04-27 07:19:30,3,False,routine
P003807,7,5,4,0,2026-01-10 21:40:26,2026-04-03 21:39:30,2,False,new
P003808,6,5,2,1,2026-01-05 04:28:36,2026-04-30 08:13:41,2,False,routine
P003809,3,2,1,0,2026-01-10 12:35:44,2026-05-08 08:45:19,3,True,routine
P003810,5,4,1,0,2026-01-20 08:56:49,2026-05-02 11:34:09,3,True,new
P003811,2,1,1,0,2026-04-11 20:45:42,2026-04-24 15:03:37,4,True,routine
P003812,6,3,2,0,2026-02-10 00:06:38,2026-05-17 19:51:48,2,True,new
P003813,2,2,1,0,2026-03-12 04:30:49,2026-03-18 21:25:37,3,False,new
P003814,3,3,1,0,2026-02-19 12:18:55,2026-04-27 03:16:50,3,True,routine
P003815,4,3,0,0,2026-01-13 13:54:49,2026-04-17 02:03:45,3,True,new
P003816,3,3,0,0,2026-01-04 07:05:33,2026-03-14 05:36:08,3,True,routine
P003817,3,2,1,0,2026-01-14 06:46:10,2026-03-19 11:50:19,4,True,routine
P003818,3,3,0,0,2026-01-16 23:28:37,2026-04-11 07:46:30,3,True,routine
P003819,5,3,1,0,2026-01-03 07:38:25,2026-05-01 06:25:53,3,True,routine
P003820,6,4,1,0,2026-01-04 17:32:43,2026-05-27 10:39:51,2,False,new
P003822,4,2,0,0,2026-01-13 06:26:38,2026-05-23 02:21:36,4,True,routine
P003823,1,0,0,0,2026-04-25 13:20:22,2026-04-25 13:20:22,5,True,routine
P003824,1,0,0,0,2026-02-15 06:39:25,2026-02-15 06:39:25,4,True,new
P003825,1,1,0,1,2026-05-15 21:27:59,2026-05-15 21:27:59,5,True,routine
P003826,4,4,1,0,2026-02-25 17:52:39,2026-04-08 02:24:34,3,False,high_support_need
P003827,3,2,0,0,2026-01-13 04:06:27,2026-05-16 00:03:48,4,True,routine
P003828,2,0,1,0,2026-05-20 04:42:06,2026-05-25 04:10:38,5,True,new
P003829,3,3,0,0,2026-02-02 02:18:07,2026-05-12 09:48:06,4,True,new
P003830,5,4,2,0,2026-02-06 18:40:08,2026-05-31 09:26:00,2,False,routine
P003831,5,5,0,0,2026-01-11 05:16:43,2026-05-26 19:11:31,2,True,routine
P003832,1,0,0,0,2026-01-14 06:46:58,2026-01-14 06:46:58,4,True,routine
P003833,2,1,0,0,2026-01-23 21:53:15,2026-05-06 22:40:41,4,True,routine
P003834,5,4,2,0,2026-03-01 07:18:04,2026-05-21 05:14:09,3,True,routine
P003835,6,3,3,0,2026-01-08 02:12:37,2026-05-10 10:55:53,4,False,routine
P003836,8,3,4,0,2026-01-21 11:57:37,2026-05-17 21:55:15,3,True,new
P003837,3,2,1,0,2026-02-15 21:54:56,2026-05-28 11:38:00,3,True,high_support_need
P003838,5,2,3,0,2026-01-06 21:11:04,2026-04-14 21:33:42,4,False,routine
P003839,3,2,0,0,2026-01-28 22:25:37,2026-05-29 02:32:15,4,True,routine
P003840,11,8,7,1,2026-01-22 02:15:37,2026-05-28 05:33:01,2,False,new
P003841,1,0,0,0,2026-02-07 02:58:19,2026-02-07 02:58:19,4,True,routine
P003842,2,1,0,0,2026-02-13 10:59:04,2026-03-23 06:03:47,3,True,routine
P003843,6,5,2,0,2026-02-28 16:00:07,2026-05-29 17:27:07,3,True,routine
P003844,7,4,2,0,2026-01-05 13:09:29,2026-05-10 12:40:07,3,True,routine
P003845,2,2,0,0,2026-04-12 20:50:52,2026-05-20 06:48:50,4,True,routine
P003846,5,4,2,0,2026-01-23 03:19:33,2026-04-25 05:28:05,3,False,high_support_need
P003847,2,2,0,0,2026-03-24 02:02:56,2026-04-14 14:59:09,4,True,new
P003848,2,1,0,0,2026-03-14 05:32:01,2026-04-09 20:11:53,5,True,routine
P003849,6,5,2,0,2026-01-23 11:36:12,2026-05-20 01:09:16,3,True,routine
P003850,4,2,2,0,2026-01-13 11:37:53,2026-02-28 22:10:06,4,True,new
P003851,6,5,3,0,2026-01-01 14:16:37,2026-05-25 11:12:07,2,True,high_support_need
P003852,2,2,0,0,2026-02-25 13:23:53,2026-03-14 03:16:55,5,True,routine
P003853,2,2,0,0,2026-01-06 23:03:01,2026-04-05 19:10:12,3,True,new
P003854,1,1,0,0,2026-02-20 13:05:43,2026-02-20 13:05:43,3,True,routine
P003855,2,2,0,0,2026-02-05 05:18:43,2026-03-22 10:06:49,4,True,routine
P003856,2,1,0,0,2026-01-06 22:42:59,2026-04-04 22:35:50,4,True,routine
P003857,3,3,0,0,2026-01-16 00:25:27,2026-05-16 14:04:31,4,True,new
P003858,5,4,1,0,2026-01-18 20:03:36,2026-05-23 10:52:31,3,True,high_support_need
P003859,2,1,0,0,2026-04-02 23:59:53,2026-05-29 21:33:02,5,True,routine
P003860,6,4,3,0,2026-01-14 18:57:14,2026-05-10 03:29:19,1,False,routine
P003861,10,6,5,0,2026-01-14 08:41:39,2026-05-29 17:40:37,2,False,routine
P003862,6,2,3,0,2026-01-11 14:09:46,2026-05-22 19:07:41,2,True,routine
P003863,5,4,0,1,2026-01-15 12:42:06,2026-05-19 16:37:30,3,True,routine
P003864,2,2,0,0,2026-01-10 17:12:12,2026-05-03 21:45:48,3,True,new
P003865,4,2,0,0,2026-01-22 01:14:15,2026-05-29 01:31:40,4,True,routine
P003866,1,1,0,0,2026-01-28 18:15:22,2026-01-28 18:15:22,5,True,routine
P003867,5,4,2,0,2026-01-04 20:11:20,2026-05-20 00:13:48,3,True,new
P003868,6,6,1,0,2026-01-14 01:30:23,2026-05-23 04:59:53,2,False,new
P003869,4,2,1,0,2026-01-11 12:19:03,2026-05-18 14:51:45,4,True,high_support_need
P003870,5,3,2,0,2026-01-27 09:58:17,2026-05-02 05:17:26,4,True,routine
P003871,2,2,0,0,2026-02-20 00:05:03,2026-04-30 09:49:23,4,True,routine
P003872,8,5,4,0,2026-01-10 11:23:26,2026-05-18 13:43:32,1,False,routine
P003873,5,2,1,0,2026-01-20 05:18:00,2026-05-31 07:20:18,3,True,routine
P003874,7,5,3,0,2026-01-03 15:44:42,2026-05-27 20:46:36,2,True,routine
P003875,1,1,0,0,2026-04-22 13:46:40,2026-04-22 13:46:40,4,False,routine
P003876,3,1,0,0,2026-03-09 05:20:43,2026-05-13 00:16:04,5,True,routine
P003877,4,4,1,1,2026-01-26 11:30:48,2026-05-12 04:01:28,2,True,new
P003878,5,4,0,0,2026-01-02 11:43:02,2026-04-28 18:10:41,3,False,routine
P003879,3,3,1,0,2026-02-05 19:59:33,2026-05-27 20:08:01,2,False,new
P003880,5,3,3,0,2026-03-05 07:56:34,2026-05-13 20:11:49,3,False,routine
P003881,8,8,5,1,2026-03-01 17:15:03,2026-05-08 07:32:12,2,False,high_support_need
P003882,3,3,0,1,2026-01-27 09:38:23,2026-05-04 15:47:57,3,True,new
P003883,3,3,1,0,2026-02-16 11:00:38,2026-04-06 00:50:41,3,True,new
P003884,5,2,1,0,2026-01-22 21:00:08,2026-05-28 15:27:21,3,False,routine
P003885,8,4,4,0,2026-01-04 20:11:36,2026-05-31 17:55:33,2,False,routine
P003886,6,4,2,0,2026-01-26 19:27:28,2026-05-19 02:54:38,3,True,routine
P003887,1,1,0,0,2026-05-19 22:48:43,2026-05-19 22:48:43,4,True,new
P003888,8,6,4,0,2026-01-01 14:12:29,2026-05-20 23:17:52,1,False,routine
P003889,2,1,0,0,2026-03-05 19:30:52,2026-04-20 08:14:36,4,True,routine
P003890,2,2,1,1,2026-05-20 09:58:28,2026-05-27 17:17:27,4,True,routine
P003891,7,4,3,0,2026-01-27 16:18:13,2026-05-04 05:08:27,3,True,routine
P003892,8,7,5,0,2026-02-02 16:06:55,2026-05-27 08:13:50,2,False,routine
P003893,4,4,1,0,2026-02-01 04:27:11,2026-05-20 05:43:38,3,False,high_support_need
P003894,5,3,1,0,2026-01-30 14:06:17,2026-05-14 23:39:14,3,False,routine
P003895,7,3,4,0,2026-02-13 21:52:29,2026-05-22 11:10:28,2,False,high_support_need
P003896,4,1,1,0,2026-01-25 13:30:59,2026-04-19 03:24:48,4,True,routine
P003897,5,4,1,0,2026-01-08 01:38:18,2026-05-04 09:12:18,3,False,routine
P003898,6,3,1,0,2026-01-18 16:10:08,2026-05-25 16:47:38,3,True,routine
P003899,4,3,2,1,2026-01-04 00:15:48,2026-03-19 06:15:15,3,True,routine
P003900,6,2,2,0,2026-01-09 06:07:41,2026-04-02 08:32:11,3,False,routine
P003901,2,2,0,0,2026-02-17 16:30:03,2026-05-02 22:45:12,4,False,routine
P003902,2,2,0,0,2026-02-26 14:34:29,2026-05-05 11:51:56,4,True,routine
P003903,2,1,0,0,2026-02-26 15:39:12,2026-04-16 01:23:22,3,True,high_support_need
P003904,4,3,1,0,2026-01-11 19:38:13,2026-05-30 20:04:19,3,True,routine
P003905,2,2,0,0,2026-01-06 11:47:50,2026-03-20 23:54:43,4,True,routine
P003906,4,3,2,0,2026-01-23 15:09:23,2026-03-05 03:27:32,3,True,new
P003907,6,3,4,0,2026-01-03 22:56:54,2026-02-21 09:06:42,2,True,routine
P003908,5,3,1,1,2026-01-19 11:51:17,2026-05-18 06:33:32,4,True,new
P003909,2,1,0,0,2026-03-08 19:35:02,2026-04-11 07:42:56,4,True,new
P003910,1,1,0,0,2026-05-20 18:05:21,2026-05-20 18:05:21,4,True,routine
P003911,2,2,0,0,2026-02-16 16:05:53,2026-04-07 18:34:22,4,True,routine
P003912,4,3,1,0,2026-01-26 23:32:59,2026-05-15 15:48:20,3,False,new
P003913,6,1,3,0,2026-01-16 10:38:02,2026-04-29 04:33:35,4,True,routine
P003914,3,3,1,0,2026-02-23 09:39:19,2026-03-24 03:59:14,4,True,routine
P003915,3,2,1,0,2026-03-28 19:55:09,2026-05-28 06:52:50,3,True,routine
P003916,3,3,0,0,2026-01-20 18:41:10,2026-05-05 09:18:10,4,True,routine
P003917,4,4,1,0,2026-02-05 10:54:05,2026-05-14 16:23:41,4,False,high_support_need
P003918,3,0,1,0,2026-03-14 13:29:50,2026-05-09 13:49:42,4,True,routine
P003919,4,3,2,0,2026-01-28 00:47:06,2026-05-11 16:20:46,3,True,new
P003920,4,1,0,0,2026-01-03 08:23:27,2026-05-10 12:49:07,4,False,routine
P003922,3,2,0,0,2026-03-09 19:36:23,2026-05-25 18:27:05,3,True,routine
P003923,1,1,0,0,2026-03-13 21:58:40,2026-03-13 21:58:40,4,True,routine
P003924,5,2,3,1,2026-01-10 01:45:31,2026-03-20 09:18:03,3,True,high_support_need
P003925,5,4,3,0,2026-02-09 11:48:34,2026-04-10 06:23:28,2,False,high_support_need
P003926,5,3,2,0,2026-01-06 08:44:43,2026-05-18 11:40:31,3,False,new
P003927,4,3,1,0,2026-02-08 12:52:02,2026-04-24 12:46:44,4,True,high_support_need
P003928,5,4,2,0,2026-01-23 21:08:54,2026-05-27 01:37:27,2,True,new
P003929,3,2,0,0,2026-01-01 17:08:41,2026-04-21 18:18:34,4,True,routine
P003930,5,3,2,0,2026-01-05 17:00:47,2026-05-19 02:22:20,2,False,new
P003931,3,1,0,0,2026-02-01 09:56:25,2026-04-30 21:41:59,4,True,routine
P003932,1,0,0,0,2026-01-14 05:10:43,2026-01-14 05:10:43,4,True,routine
P003933,2,1,0,0,2026-03-07 15:26:08,2026-05-22 00:21:36,5,True,routine
P003934,4,4,1,0,2026-01-20 13:20:16,2026-04-26 21:19:41,3,True,high_support_need
P003935,10,7,6,1,2026-01-15 18:15:00,2026-05-06 20:18:18,1,False,routine
P003936,1,1,0,0,2026-02-05 21:03:53,2026-02-05 21:03:53,4,False,routine
P003937,6,6,2,1,2026-02-26 20:48:10,2026-05-10 23:16:18,2,False,high_support_need
P003938,4,3,0,0,2026-01-02 13:58:36,2026-05-27 14:55:47,4,False,routine
P003939,7,5,2,0,2026-01-04 08:15:48,2026-05-18 16:59:20,2,True,routine
P003940,5,3,2,0,2026-02-17 06:21:56,2026-04-15 11:11:45,3,False,routine
P003941,6,4,2,0,2026-01-16 09:25:00,2026-04-25 14:46:09,2,False,routine
P003942,2,2,0,0,2026-02-22 07:00:24,2026-05-14 12:44:40,5,True,new
P003943,3,3,0,0,2026-01-13 12:00:46,2026-05-04 18:34:58,3,True,new
P003944,4,3,1,0,2026-01-25 15:08:56,2026-04-23 02:42:52,3,True,routine
P003945,5,5,3,0,2026-03-15 12:04:52,2026-05-30 23:08:59,2,True,routine
P003946,3,2,1,0,2026-03-03 11:04:48,2026-04-02 19:05:03,5,True,routine
P003947,5,3,1,0,2026-01-18 05:12:23,2026-05-27 18:05:24,3,True,new
P003948,6,5,4,0,2026-03-16 21:01:55,2026-05-20 22:05:43,2,False,new
P003949,2,1,0,0,2026-01-16 17:08:30,2026-02-19 10:19:16,4,True,routine
P003950,10,7,5,0,2026-01-04 02:33:38,2026-05-24 06:57:32,2,False,routine
P003951,1,1,0,0,2026-03-02 18:30:53,2026-03-02 18:30:53,5,True,routine
P003952,4,3,2,0,2026-02-23 21:29:53,2026-05-28 09:48:42,2,False,routine
P003953,1,1,0,0,2026-01-27 02:41:42,2026-01-27 02:41:42,5,True,new
P003954,5,4,0,0,2026-01-03 03:32:57,2026-05-14 22:02:51,2,True,routine
P003955,6,5,3,1,2026-02-21 05:43:26,2026-05-23 17:16:27,2,False,new
P003956,1,0,0,0,2026-01-29 06:21:24,2026-01-29 06:21:24,3,True,routine
P003957,2,1,0,0,2026-03-30 15:28:55,2026-05-21 12:38:34,4,True,routine
P003958,2,1,0,0,2026-01-28 19:18:48,2026-03-03 09:55:00,5,True,routine
P003959,5,3,2,0,2026-01-07 10:02:40,2026-05-19 13:06:51,3,True,high_support_need
P003960,7,4,2,0,2026-01-02 23:18:53,2026-05-23 05:27:03,3,False,routine
P003961,2,1,0,1,2026-01-09 03:34:15,2026-03-24 18:19:33,5,True,routine
P003962,4,3,1,1,2026-03-20 13:52:13,2026-05-24 19:02:49,4,False,routine
P003963,2,2,1,0,2026-03-26 05:34:02,2026-04-08 18:00:35,5,True,routine
P003964,3,2,0,1,2026-01-26 05:59:25,2026-04-27 22:20:23,4,True,routine
P003965,2,1,1,0,2026-03-17 07:47:07,2026-03-19 13:39:39,3,True,routine
P003966,3,1,1,0,2026-03-16 11:51:11,2026-05-29 20:33:20,4,True,new
P003967,1,0,0,0,2026-02-13 17:06:24,2026-02-13 17:06:24,3,True,new
P003968,3,2,1,1,2026-02-12 09:18:12,2026-04-08 15:50:58,4,True,routine
P003969,6,2,2,0,2026-01-18 01:49:42,2026-05-14 19:55:16,4,True,routine
P003970,2,1,0,0,2026-04-10 20:41:36,2026-05-14 10:59:40,4,True,high_support_need
P003971,2,1,0,0,2026-03-21 05:10:31,2026-05-15 02:49:42,5,True,routine
P003972,3,3,1,0,2026-03-05 16:37:21,2026-05-17 20:08:04,5,True,new
P003973,4,2,1,1,2026-01-29 02:53:39,2026-05-29 09:52:56,4,True,routine
P003974,4,2,3,0,2026-02-10 19:19:53,2026-02-25 07:59:34,4,True,routine
P003975,4,4,0,0,2026-01-14 11:31:30,2026-05-11 13:15:35,4,True,new
P003976,1,1,0,0,2026-02-04 09:17:46,2026-02-04 09:17:46,4,True,new
P003977,2,1,0,0,2026-03-05 16:30:12,2026-05-09 00:30:43,5,True,routine
P003978,5,3,2,0,2026-01-12 02:10:48,2026-04-26 12:52:08,3,True,routine
P003979,1,0,0,0,2026-03-29 21:18:22,2026-03-29 21:18:22,4,True,routine
P003980,3,2,1,0,2026-01-30 00:37:55,2026-04-24 19:17:14,4,True,routine
P003981,4,3,2,0,2026-03-27 19:48:07,2026-05-23 05:25:40,2,True,high_support_need
P003982,3,2,0,0,2026-01-04 18:52:32,2026-05-18 12:33:01,4,True,new
P003983,3,2,0,1,2026-01-17 21:28:36,2026-05-04 07:04:01,3,True,routine
P003984,6,6,2,0,2026-01-27 00:39:12,2026-05-26 01:59:00,2,True,routine
P003985,2,2,0,0,2026-01-29 03:16:34,2026-05-14 23:20:26,5,True,new
P003986,2,2,0,0,2026-02-05 11:24:30,2026-03-03 05:38:27,3,True,new
P003987,1,0,0,0,2026-01-14 21:54:47,2026-01-14 21:54:47,5,True,routine
P003988,4,3,1,0,2026-01-23 11:17:08,2026-03-30 19:21:26,3,False,high_support_need
P003989,7,6,2,0,2026-01-11 09:18:08,2026-05-30 09:51:33,3,True,routine
P003990,4,4,1,0,2026-03-05 12:37:22,2026-05-30 22:44:23,3,True,routine
P003991,4,2,1,0,2026-01-09 04:42:17,2026-04-16 04:11:46,4,True,routine
P003992,4,4,2,0,2026-01-09 05:26:01,2026-03-10 22:40:40,3,False,new
P003993,1,1,0,0,2026-01-07 04:04:40,2026-01-07 04:04:40,5,True,routine
P003994,5,3,0,0,2026-01-09 19:06:03,2026-05-29 23:44:34,3,False,routine
P003995,3,0,1,0,2026-02-11 18:50:40,2026-05-26 18:20:57,4,True,routine
P003996,4,2,2,0,2026-03-10 12:57:59,2026-05-14 16:37:34,3,False,routine
P003997,2,2,0,0,2026-01-26 04:38:00,2026-05-21 07:38:17,4,True,routine
P003998,3,1,0,0,2026-01-26 01:15:00,2026-03-20 14:26:55,4,True,routine
P003999,7,5,2,0,2026-01-18 13:17:43,2026-05-21 04:52:56,1,False,routine
P004000,5,3,2,0,2026-01-30 09:06:21,2026-03-12 04:11:57,4,False,routine
P004001,2,2,0,0,2026-03-16 16:11:12,2026-05-26 15:04:32,5,True,routine
P004002,5,3,2,0,2026-01-16 02:05:24,2026-05-14 23:22:29,4,True,new
P004004,4,2,0,0,2026-01-15 01:04:58,2026-05-09 10:25:44,4,False,high_support_need
P004005,4,1,1,0,2026-02-06 01:50:27,2026-05-29 12:19:29,5,False,high_support_need
P004006,3,1,0,0,2026-01-05 05:29:24,2026-03-18 11:32:06,5,True,routine
P004007,2,1,0,0,2026-04-24 04:08:20,2026-05-17 02:14:12,4,True,high_support_need
P004008,5,5,2,1,2026-01-17 19:49:27,2026-03-28 17:37:05,3,True,routine
P004009,5,3,3,0,2026-03-21 00:41:57,2026-05-19 05:40:36,2,False,new
P004010,1,1,0,0,2026-03-14 03:50:53,2026-03-14 03:50:53,3,True,routine
P004011,4,4,1,0,2026-01-08 02:18:34,2026-03-26 10:31:55,3,True,new
P004012,5,3,1,0,2026-01-31 07:48:28,2026-04-25 06:27:52,3,True,new
P004013,9,5,6,1,2026-02-03 20:52:01,2026-05-28 07:54:18,3,False,high_support_need
P004014,1,0,0,0,2026-05-17 20:07:46,2026-05-17 20:07:46,5,True,high_support_need
P004015,4,2,2,0,2026-01-27 08:38:28,2026-05-24 18:39:33,3,True,routine
P004016,7,2,2,0,2026-02-17 07:33:57,2026-05-29 16:10:30,3,False,routine
P004017,3,1,0,0,2026-02-16 02:21:35,2026-05-04 20:10:43,3,True,routine
P004018,11,8,9,0,2026-01-12 19:23:04,2026-04-17 03:58:57,1,False,routine
P004019,6,5,3,0,2026-02-09 23:40:24,2026-05-30 17:00:57,1,True,routine
P004020,1,0,0,0,2026-03-11 03:53:11,2026-03-11 03:53:11,4,True,routine
P004021,4,2,1,0,2026-02-15 08:07:08,2026-04-14 08:50:31,3,True,routine
P004022,2,2,0,0,2026-03-15 22:58:12,2026-04-21 18:02:17,3,True,routine
P004023,4,4,1,0,2026-01-02 19:15:14,2026-04-07 13:17:25,3,True,routine
P004024,5,4,2,0,2026-02-17 04:56:01,2026-04-12 21:06:31,3,True,routine
P004025,3,1,1,0,2026-03-27 20:19:03,2026-04-26 06:37:28,5,True,new
P004026,3,1,1,0,2026-01-03 20:44:33,2026-02-14 05:44:34,4,True,routine
P004027,2,2,0,0,2026-03-17 00:01:25,2026-04-05 04:35:28,4,True,high_support_need
P004028,2,2,0,0,2026-01-17 22:41:05,2026-02-08 15:58:29,4,False,high_support_need
P004029,7,4,2,0,2026-01-06 02:05:48,2026-05-21 14:03:14,3,True,routine
P004030,3,1,0,0,2026-03-18 12:46:43,2026-05-12 22:18:30,4,True,new
P004031,2,2,0,0,2026-01-24 15:47:15,2026-02-26 08:00:56,3,True,routine
P004032,5,2,2,1,2026-02-02 05:24:35,2026-05-26 16:00:05,4,True,high_support_need
P004033,5,2,2,0,2026-01-23 00:35:08,2026-03-26 14:32:17,5,True,routine
P004034,3,2,1,0,2026-02-16 12:04:38,2026-03-25 10:23:19,4,True,routine
P004035,5,4,1,0,2026-01-10 06:51:37,2026-05-24 02:23:57,2,True,new
P004036,4,3,1,0,2026-01-11 11:46:56,2026-05-24 20:20:31,4,True,routine
P004037,4,2,1,0,2026-02-12 22:01:45,2026-04-14 18:01:51,3,True,new
P004038,2,1,1,0,2026-03-28 19:11:38,2026-04-04 12:54:55,5,True,routine
P004039,4,4,2,0,2026-03-29 01:38:18,2026-05-05 04:37:49,4,True,routine
P004040,4,4,0,0,2026-01-10 15:27:53,2026-05-26 00:44:51,3,True,routine
P004041,5,4,2,1,2026-01-20 18:55:11,2026-04-30 15:07:35,3,False,new
P004042,2,1,0,0,2026-02-26 01:30:17,2026-04-06 08:21:30,4,True,routine
P004043,1,1,0,0,2026-02-08 01:21:45,2026-02-08 01:21:45,4,True,high_support_need
P004044,2,0,0,0,2026-01-20 13:21:16,2026-03-25 10:55:21,4,True,routine
P004045,6,5,2,0,2026-01-03 03:13:41,2026-04-15 09:50:09,2,True,routine
P004046,6,4,2,0,2026-01-11 20:28:29,2026-05-25 21:22:04,2,False,routine
P004047,8,6,3,1,2026-01-11 12:33:29,2026-05-18 05:49:59,1,True,routine
P004048,3,2,1,0,2026-02-24 20:10:07,2026-04-06 14:17:31,4,True,routine
P004049,1,1,0,0,2026-01-10 13:45:56,2026-01-10 13:45:56,4,True,high_support_need
P004050,4,2,2,0,2026-01-09 14:03:29,2026-02-19 22:22:07,4,False,routine
P004051,4,2,2,0,2026-02-21 10:27:58,2026-04-25 23:43:38,4,True,routine
P004052,3,2,1,1,2026-01-19 17:54:08,2026-05-26 01:31:57,4,False,routine
P004053,3,1,1,0,2026-03-20 09:34:40,2026-05-26 10:11:04,5,False,routine
P004055,6,5,2,0,2026-01-29 07:05:28,2026-05-30 07:13:17,2,False,routine
P004056,2,1,0,0,2026-02-19 22:38:35,2026-03-16 00:11:00,5,False,new
P004057,2,1,0,0,2026-04-28 07:54:28,2026-05-31 02:59:57,4,True,new
P004058,4,2,1,0,2026-01-09 17:43:41,2026-05-26 16:42:51,4,True,routine
P004059,2,2,1,0,2026-01-25 15:12:17,2026-02-02 11:04:25,4,True,routine
P004060,3,1,1,0,2026-02-07 04:26:56,2026-05-06 19:20:18,4,True,high_support_need
P004062,4,3,1,0,2026-02-11 12:06:53,2026-05-11 16:11:34,4,False,routine
P004063,6,4,2,0,2026-02-05 13:30:28,2026-05-30 16:34:08,3,True,routine
P004064,2,2,0,0,2026-02-17 08:55:55,2026-04-06 10:45:01,4,True,routine
P004065,4,3,0,1,2026-01-11 19:52:40,2026-05-04 11:43:51,3,True,routine
P004066,2,2,0,0,2026-04-11 14:35:10,2026-05-13 22:08:15,3,False,routine
P004067,3,3,1,0,2026-02-24 09:11:22,2026-03-26 21:59:54,4,False,high_support_need
P004068,7,5,4,0,2026-01-05 03:54:20,2026-03-31 13:08:11,1,False,high_support_need
P004069,6,4,2,0,2026-01-05 03:06:50,2026-05-02 04:23:03,3,False,new
P004070,6,3,2,0,2026-01-08 02:15:33,2026-03-31 16:44:12,3,True,new
P004071,8,4,4,0,2026-02-17 05:09:49,2026-05-10 18:12:10,2,True,routine
P004072,2,2,0,1,2026-01-24 23:53:00,2026-05-19 02:30:28,4,True,new
P004073,5,3,1,0,2026-01-06 01:42:42,2026-04-30 16:56:50,3,True,new
P004074,2,0,0,0,2026-01-06 16:16:50,2026-02-14 06:10:00,4,True,new
P004075,4,3,2,0,2026-01-01 11:47:00,2026-05-16 15:53:26,2,False,new
P004076,5,3,2,0,2026-01-13 17:24:12,2026-03-04 07:41:00,2,False,routine
P004077,3,3,1,0,2026-02-03 11:06:40,2026-03-26 10:58:42,3,False,routine
P004078,5,5,1,0,2026-01-05 19:59:34,2026-05-05 15:02:49,1,False,new
P004079,3,1,2,0,2026-03-02 22:50:47,2026-03-13 16:13:16,3,True,routine
P004080,6,2,3,0,2026-02-15 08:52:41,2026-04-28 08:17:57,2,True,high_support_need
P004081,2,1,0,0,2026-03-15 14:29:10,2026-04-23 04:06:26,4,True,routine
P004082,3,2,0,0,2026-03-15 12:05:00,2026-05-20 15:34:21,3,True,new
P004083,4,1,1,0,2026-01-11 02:38:24,2026-03-25 10:37:03,4,True,routine
P004084,4,3,0,0,2026-01-18 07:52:52,2026-05-03 23:51:35,4,False,routine
P004085,5,3,0,0,2026-01-26 11:02:45,2026-05-29 15:29:11,4,False,new
P004086,3,2,1,0,2026-01-16 16:14:15,2026-03-22 14:24:45,3,True,routine
P004087,3,2,0,0,2026-01-31 02:30:36,2026-05-07 03:07:25,4,True,high_support_need
P004088,7,5,3,0,2026-02-01 08:07:28,2026-05-26 21:20:18,2,False,routine
P004089,2,2,1,0,2026-02-20 03:53:00,2026-03-01 02:14:08,4,True,routine
P004090,2,2,1,0,2026-03-20 04:16:20,2026-03-22 20:06:19,4,True,high_support_need
P004091,2,1,1,0,2026-04-01 16:06:10,2026-04-12 17:32:31,5,False,high_support_need
P004092,3,0,0,0,2026-01-31 22:52:30,2026-04-18 06:32:36,5,True,routine
P004093,4,4,1,0,2026-01-31 00:30:32,2026-05-23 05:36:22,3,False,routine
P004094,5,2,1,0,2026-01-07 03:01:10,2026-04-18 08:24:46,4,True,routine
P004095,2,2,0,0,2026-01-25 02:17:27,2026-04-16 10:40:55,4,True,routine
P004096,5,3,1,0,2026-01-13 07:37:41,2026-05-18 01:53:46,4,True,high_support_need
P004097,4,4,2,1,2026-01-22 02:57:14,2026-05-21 02:53:48,2,True,high_support_need
P004098,3,2,2,0,2026-02-15 01:22:34,2026-02-26 17:20:09,3,True,new
P004099,4,2,0,1,2026-01-01 05:20:45,2026-05-15 12:54:55,3,True,routine
P004100,8,5,3,0,2026-01-30 15:21:27,2026-05-28 05:13:45,2,False,new
P004101,1,0,0,0,2026-01-12 16:16:04,2026-01-12 16:16:04,5,True,routine
P004102,3,1,1,0,2026-01-29 08:49:01,2026-05-19 15:40:10,5,True,routine
P004103,5,4,2,0,2026-03-07 09:23:12,2026-05-07 02:45:49,2,True,new
P004104,4,3,1,0,2026-01-03 14:30:22,2026-04-09 02:40:51,3,True,high_support_need
P004105,5,4,1,0,2026-01-15 03:51:46,2026-05-26 19:24:31,3,False,routine
P004106,4,2,0,1,2026-01-13 20:10:12,2026-04-27 16:05:45,3,True,high_support_need
P004107,6,4,2,0,2026-01-17 09:02:57,2026-04-24 11:38:44,3,True,routine
P004108,2,1,0,0,2026-01-25 01:10:02,2026-05-26 15:17:04,3,True,high_support_need
P004109,3,3,1,0,2026-03-19 10:07:32,2026-05-09 18:23:25,4,True,routine
P004110,6,3,4,0,2026-02-21 01:17:19,2026-05-04 23:06:01,2,False,new
P004111,5,3,1,0,2026-01-08 18:19:58,2026-05-27 14:18:56,4,True,routine
P004112,4,2,0,0,2026-02-01 14:07:43,2026-05-16 16:03:26,3,True,routine
P004113,1,1,0,0,2026-05-10 17:58:10,2026-05-10 17:58:10,4,True,routine
P004114,1,1,0,0,2026-01-31 00:38:04,2026-01-31 00:38:04,5,True,high_support_need
P004115,1,0,0,0,2026-03-09 10:10:16,2026-03-09 10:10:16,5,True,routine
P004116,2,1,0,0,2026-03-28 02:22:35,2026-05-20 04:52:42,5,True,high_support_need
P004117,4,2,0,0,2026-01-10 02:45:07,2026-05-23 08:37:54,4,True,new
P004118,5,3,1,0,2026-01-03 07:13:20,2026-05-13 00:16:32,3,False,routine
P004119,5,4,1,0,2026-01-20 13:32:24,2026-05-30 22:42:49,3,True,routine
P004120,7,6,2,0,2026-01-22 23:01:22,2026-05-27 10:13:34,3,False,high_support_need
P004121,7,4,3,0,2026-01-09 18:01:28,2026-04-10 20:56:49,3,True,routine
P004122,5,2,2,0,2026-01-21 06:25:05,2026-05-23 03:13:24,4,False,new
P004123,3,2,0,0,2026-01-06 11:54:15,2026-05-01 09:35:57,4,True,new
P004124,7,4,3,0,2026-01-13 09:55:56,2026-05-31 23:00:55,1,True,routine
P004125,2,1,0,0,2026-04-04 21:16:17,2026-04-20 00:39:59,5,True,new
P004126,6,3,2,0,2026-03-07 16:09:04,2026-05-28 01:01:34,3,False,new
P004127,2,2,0,0,2026-03-17 18:10:04,2026-04-21 12:39:56,4,True,routine
P004128,2,1,0,1,2026-04-20 19:00:01,2026-05-08 10:58:33,4,True,high_support_need
P004129,4,3,1,0,2026-03-22 13:25:28,2026-05-08 10:53:35,3,True,routine
P004130,3,2,1,0,2026-02-08 13:28:43,2026-04-05 16:56:13,4,True,routine
P004131,1,1,0,0,2026-03-25 06:50:49,2026-03-25 06:50:49,5,False,routine
P004132,2,1,0,0,2026-02-14 06:21:07,2026-03-03 10:15:38,3,True,routine
P004133,5,2,1,0,2026-01-15 08:57:26,2026-05-28 22:49:56,4,True,routine
P004134,7,5,4,0,2026-01-01 22:53:39,2026-04-30 13:14:51,2,False,new
P004135,3,2,0,0,2026-02-13 04:00:19,2026-04-06 04:00:40,4,True,new
P004136,2,1,0,0,2026-01-09 00:43:21,2026-03-20 16:04:08,4,True,routine
P004137,3,3,0,0,2026-01-20 12:20:50,2026-05-25 05:41:47,4,True,high_support_need
P004138,9,7,6,0,2026-01-09 11:32:54,2026-05-18 13:35:07,1,False,new
P004139,3,3,0,0,2026-01-06 23:38:38,2026-04-30 02:39:52,4,True,high_support_need
P004140,4,3,0,0,2026-01-22 08:41:35,2026-05-07 11:38:28,5,True,routine
P004141,5,3,0,1,2026-01-11 18:51:21,2026-05-31 19:29:31,3,True,routine
P004142,2,2,0,0,2026-01-20 16:40:18,2026-03-14 08:20:20,3,True,routine
P004143,4,4,1,1,2026-02-10 15:32:51,2026-04-20 14:00:38,3,True,routine
P004144,7,3,5,0,2026-01-30 14:27:55,2026-05-30 21:08:02,2,False,routine
P004145,8,5,4,1,2026-01-09 04:06:37,2026-04-19 11:44:43,2,False,new
P004146,3,0,0,0,2026-01-31 23:47:36,2026-04-22 04:14:43,4,True,routine
P004147,6,2,2,0,2026-01-11 09:36:38,2026-05-17 01:31:52,2,False,high_support_need
P004148,2,1,0,0,2026-01-09 01:14:09,2026-05-22 00:48:00,3,True,new
P004149,5,3,1,0,2026-02-07 07:33:10,2026-05-05 23:10:41,3,True,routine
P004150,5,3,0,1,2026-01-12 01:42:46,2026-05-12 05:02:52,4,True,routine
P004151,4,2,2,0,2026-01-07 18:03:41,2026-03-05 18:39:29,3,True,routine
P004152,4,3,1,1,2026-01-18 21:40:30,2026-05-12 02:42:01,3,True,routine
P004153,2,2,1,0,2026-01-16 00:48:02,2026-01-27 00:58:40,4,True,routine
P004154,5,4,0,0,2026-01-24 08:09:26,2026-05-26 10:03:08,3,False,routine
P004155,3,2,0,0,2026-01-06 09:47:53,2026-04-28 03:01:52,4,True,routine
P004156,7,5,3,0,2026-01-01 00:52:16,2026-05-27 13:35:53,2,True,high_support_need
P004157,5,3,2,0,2026-02-08 20:10:21,2026-05-22 10:08:02,4,False,routine
P004158,6,3,4,0,2026-01-03 19:09:50,2026-03-13 21:11:43,2,True,routine
P004159,4,2,1,0,2026-01-14 10:28:27,2026-04-06 23:48:46,4,True,new
P004160,5,4,2,0,2026-02-28 22:31:47,2026-05-30 03:53:06,2,False,new
P004161,8,5,4,1,2026-01-11 10:03:28,2026-05-20 22:43:34,2,False,routine
P004162,3,2,1,0,2026-01-03 20:59:45,2026-04-02 02:53:08,3,True,new
P004163,7,2,4,0,2026-01-06 21:55:07,2026-05-16 22:39:41,3,True,routine
P004164,3,2,1,1,2026-03-13 15:53:04,2026-04-28 11:00:52,4,True,routine
P004165,4,2,0,0,2026-01-03 13:12:39,2026-05-26 18:07:14,4,True,routine
P004166,8,6,2,0,2026-01-03 01:51:44,2026-05-30 09:07:26,2,True,routine
P004167,2,0,1,0,2026-03-13 16:03:39,2026-03-15 16:06:29,3,True,high_support_need
P004168,2,2,0,0,2026-01-07 13:21:48,2026-03-31 10:29:07,4,True,routine
P004169,5,4,2,0,2026-01-11 11:29:08,2026-05-02 04:13:11,3,False,routine
P004170,3,2,1,0,2026-01-07 20:02:08,2026-03-16 09:04:46,4,True,routine
P004171,6,3,3,0,2026-01-18 22:13:01,2026-05-06 04:12:16,3,False,routine
P004172,2,2,1,1,2026-04-13 08:00:58,2026-04-15 17:19:40,3,True,new
P004173,2,2,0,1,2026-03-13 01:16:49,2026-05-01 18:43:33,5,False,routine
P004174,1,0,0,0,2026-01-05 15:33:59,2026-01-05 15:33:59,4,True,routine
P004175,3,3,0,0,2026-02-22 21:10:12,2026-05-17 17:51:55,2,True,routine
P004176,2,1,0,0,2026-02-24 12:38:28,2026-03-31 20:24:55,5,True,routine
P004177,3,3,1,0,2026-04-15 20:25:46,2026-05-13 10:14:25,4,True,high_support_need
P004178,7,4,2,0,2026-02-11 07:57:20,2026-05-19 18:51:25,2,True,new
P004179,4,4,0,0,2026-01-05 17:01:25,2026-05-06 05:15:57,4,False,new
P004180,4,3,1,0,2026-01-22 19:11:36,2026-03-11 11:11:06,3,False,high_support_need
P004181,3,2,0,0,2026-01-04 19:31:01,2026-05-26 05:19:08,4,True,new
P004182,2,1,0,0,2026-02-21 18:33:33,2026-05-09 07:11:13,4,True,high_support_need
P004183,1,1,0,0,2026-01-19 18:30:34,2026-01-19 18:30:34,5,True,routine
P004184,6,5,2,0,2026-02-08 06:50:33,2026-05-17 12:14:24,3,False,routine
P004185,2,1,0,0,2026-03-23 18:26:28,2026-05-31 03:24:46,4,False,new
P004186,5,2,1,0,2026-01-16 11:52:10,2026-04-20 16:37:51,4,True,routine
P004187,4,3,0,1,2026-02-08 02:17:30,2026-05-18 22:03:17,4,True,routine
P004188,4,2,1,0,2026-01-01 14:40:15,2026-04-17 07:37:18,4,True,routine
P004189,2,1,0,0,2026-03-27 10:46:38,2026-04-16 09:59:50,4,True,high_support_need
P004190,2,2,0,0,2026-01-11 03:58:26,2026-05-04 22:26:17,3,True,new
P004191,4,3,1,0,2026-02-17 07:20:51,2026-04-10 18:05:30,3,True,high_support_need
P004192,6,4,2,1,2026-01-01 08:29:01,2026-05-08 14:07:46,2,True,routine
P004193,5,3,2,0,2026-03-09 04:52:24,2026-05-24 06:51:56,3,True,routine
P004194,2,2,0,0,2026-03-03 21:38:38,2026-05-14 18:13:28,4,True,high_support_need
P004195,3,2,1,0,2026-04-11 02:07:24,2026-05-02 20:16:57,3,True,routine
P004196,5,2,1,0,2026-01-08 14:42:02,2026-05-27 14:08:03,3,True,routine
P004197,4,4,1,1,2026-01-01 18:54:05,2026-04-06 13:46:37,3,False,routine
P004198,6,5,2,0,2026-02-22 15:52:21,2026-05-30 04:19:07,1,False,routine
P004199,1,1,0,0,2026-03-07 15:31:15,2026-03-07 15:31:15,3,True,routine
P004200,3,3,1,0,2026-01-18 03:04:29,2026-02-14 09:31:03,2,True,routine
P004201,8,4,3,0,2026-01-08 07:49:05,2026-05-30 08:16:49,2,False,high_support_need
P004202,6,3,3,0,2026-02-18 07:44:59,2026-05-12 15:24:07,3,False,high_support_need
P004203,6,4,2,0,2026-01-30 15:08:27,2026-05-30 04:16:44,1,False,routine
P004204,6,5,0,0,2026-01-04 19:57:03,2026-04-29 17:38:32,2,True,routine
P004205,5,3,1,0,2026-01-19 19:26:58,2026-05-17 14:48:19,3,True,routine
P004206,9,7,4,0,2026-01-04 00:05:13,2026-05-16 23:06:10,2,False,routine
P004207,4,4,1,0,2026-01-18 20:32:13,2026-05-07 11:49:56,2,True,high_support_need
P004208,6,2,3,0,2026-01-04 23:58:37,2026-04-08 04:11:36,2,True,high_support_need
P004209,4,3,1,0,2026-01-11 07:34:39,2026-05-15 08:23:10,4,True,new
P004210,5,3,2,0,2026-01-16 17:22:16,2026-05-14 16:31:26,3,True,routine
P004211,4,2,1,0,2026-01-20 02:40:59,2026-05-22 05:20:03,4,True,routine
P004212,2,0,0,0,2026-02-07 21:24:00,2026-05-22 14:59:22,5,True,routine
P004213,4,2,0,2,2026-01-18 17:32:54,2026-05-07 15:11:12,4,True,routine
P004214,1,1,0,0,2026-05-13 19:49:36,2026-05-13 19:49:36,4,True,high_support_need
P004215,4,3,1,0,2026-01-20 12:40:54,2026-05-28 09:17:46,2,False,routine
P004216,5,4,2,0,2026-01-13 08:17:32,2026-03-31 16:43:00,3,False,new
P004217,4,2,1,0,2026-02-06 18:55:20,2026-05-16 14:56:53,4,False,routine
P004218,4,4,0,1,2026-01-07 04:30:35,2026-04-04 12:17:12,3,True,routine
P004219,7,5,2,1,2026-01-22 03:30:07,2026-05-27 08:00:19,3,False,high_support_need
P004220,2,2,0,0,2026-01-15 17:27:16,2026-03-21 02:03:51,3,True,routine
P004221,2,1,0,0,2026-03-22 14:46:18,2026-05-23 04:11:47,5,True,new
P004222,6,6,3,0,2026-01-06 06:16:42,2026-04-17 23:49:34,1,False,routine
P004223,2,1,0,0,2026-01-01 10:12:58,2026-04-11 01:26:11,4,True,routine
P004224,1,1,0,0,2026-05-23 19:40:54,2026-05-23 19:40:54,4,True,new
P004225,5,5,2,0,2026-01-06 07:00:47,2026-03-24 02:43:06,2,False,routine
P004226,3,2,1,0,2026-03-29 19:00:59,2026-05-07 06:49:27,4,True,new
P004227,6,6,2,2,2026-01-02 11:25:58,2026-05-23 20:46:06,2,True,routine
P004229,3,3,1,0,2026-01-14 12:22:17,2026-05-28 20:46:35,3,False,routine
P004230,2,2,0,0,2026-02-06 10:20:49,2026-04-10 22:16:35,4,False,high_support_need
P004231,3,2,0,0,2026-02-13 00:56:51,2026-04-10 05:40:13,3,True,routine
P004232,4,3,2,0,2026-02-04 04:24:10,2026-05-22 11:35:37,4,False,new
P004233,4,1,1,0,2026-01-04 02:12:41,2026-04-04 11:10:07,4,True,routine
P004234,3,2,0,0,2026-01-06 15:34:20,2026-05-05 19:21:27,3,True,routine
P004235,4,1,2,0,2026-01-13 07:32:33,2026-03-10 15:59:57,3,True,new
P004236,1,1,0,0,2026-03-31 08:13:00,2026-03-31 08:13:00,5,True,new
P004237,5,5,2,0,2026-02-02 15:16:51,2026-05-21 19:33:14,2,False,high_support_need
P004238,3,1,0,0,2026-01-05 00:10:50,2026-04-14 22:35:50,4,True,routine
P004239,2,2,0,0,2026-02-19 08:34:06,2026-04-22 14:37:09,3,True,routine
P004240,7,4,3,0,2026-01-09 20:08:31,2026-05-26 21:45:26,3,True,routine
P004241,2,2,0,0,2026-01-26 01:07:36,2026-05-13 20:07:17,4,True,routine
P004242,4,3,2,0,2026-03-07 10:17:54,2026-05-01 03:02:23,3,False,routine
P004243,2,1,0,0,2026-01-13 21:43:58,2026-03-26 06:18:09,4,True,new
P004244,3,2,1,0,2026-01-13 22:37:24,2026-03-12 08:46:38,4,True,routine
P004245,3,3,0,0,2026-01-15 23:51:17,2026-05-18 18:17:28,3,True,routine
P004246,4,2,2,0,2026-01-02 09:42:41,2026-03-06 20:26:26,3,True,routine
P004247,5,3,2,0,2026-01-02 12:39:44,2026-05-24 05:33:58,3,True,new
P004249,9,5,6,0,2026-01-10 02:04:29,2026-05-02 15:01:58,2,False,routine
P004250,3,3,0,0,2026-01-12 13:22:46,2026-05-05 09:51:44,4,True,routine
P004251,7,6,4,1,2026-01-23 18:13:47,2026-05-07 07:45:37,2,False,routine
P004252,6,6,3,1,2026-01-13 15:15:29,2026-03-10 04:35:28,1,False,routine
P004253,8,5,4,1,2026-01-11 08:11:48,2026-05-03 22:25:53,3,False,routine
P004254,3,2,1,0,2026-01-26 10:47:52,2026-03-27 20:12:39,3,True,routine
P004255,4,2,1,2,2026-01-01 09:55:39,2026-05-22 17:43:55,4,True,routine
P004256,4,2,0,0,2026-01-04 11:42:51,2026-05-22 04:13:43,5,False,routine
P004257,2,2,0,0,2026-02-17 11:57:42,2026-04-20 03:52:45,4,True,new
P004258,4,3,1,0,2026-01-25 17:47:52,2026-03-27 13:26:31,4,False,routine
P004259,1,1,0,0,2026-05-16 03:04:24,2026-05-16 03:04:24,4,True,high_support_need
P004260,3,2,0,0,2026-01-17 14:05:01,2026-05-22 16:46:05,5,False,routine
P004261,6,3,2,1,2026-02-09 09:20:12,2026-05-18 23:01:42,3,False,high_support_need
P004262,3,3,1,0,2026-03-04 12:00:51,2026-03-31 13:24:25,3,True,routine
P004263,5,2,2,1,2026-01-06 00:53:30,2026-05-23 21:29:27,5,False,high_support_need
P004264,1,1,0,0,2026-01-19 09:12:02,2026-01-19 09:12:02,3,True,high_support_need
P004265,7,5,3,0,2026-01-15 17:46:00,2026-05-27 07:53:13,2,True,routine
P004266,3,2,0,0,2026-02-12 04:19:16,2026-05-22 21:59:27,3,True,routine
P004267,4,2,1,0,2026-01-12 14:57:03,2026-04-06 14:56:08,3,True,routine
P004268,1,1,0,0,2026-01-19 14:15:16,2026-01-19 14:15:16,5,False,high_support_need
P004269,4,4,1,0,2026-01-10 18:59:32,2026-04-19 21:15:18,3,True,routine
P004270,1,1,0,0,2026-02-22 05:08:15,2026-02-22 05:08:15,4,True,routine
P004271,5,5,0,0,2026-01-07 19:11:05,2026-05-26 20:22:58,3,False,routine
P004272,5,3,2,0,2026-01-24 05:41:06,2026-04-18 01:39:25,3,True,routine
P004273,4,1,2,0,2026-02-01 14:09:25,2026-04-29 01:14:09,3,True,routine
P004274,7,6,3,0,2026-01-03 00:22:33,2026-05-28 23:18:42,2,False,routine
P004275,3,2,2,0,2026-01-01 18:27:01,2026-01-19 19:05:33,4,True,high_support_need
P004276,2,0,0,0,2026-01-03 22:19:47,2026-04-28 19:45:25,5,True,new
P004277,4,1,0,0,2026-01-02 08:03:04,2026-03-17 02:30:17,5,True,high_support_need
P004278,3,1,1,0,2026-03-08 18:06:07,2026-05-23 13:06:59,3,True,routine
P004279,4,3,0,0,2026-02-24 16:06:15,2026-05-25 02:42:28,4,True,routine
P004280,3,1,1,1,2026-01-18 06:07:58,2026-03-08 12:13:17,5,True,routine
P004281,2,2,0,0,2026-02-27 17:28:27,2026-05-10 14:13:28,4,True,routine
P004282,2,1,1,0,2026-04-14 08:55:39,2026-04-19 16:45:42,3,True,routine
P004283,5,4,1,0,2026-01-17 08:23:11,2026-05-13 07:00:54,2,False,routine
P004284,3,1,0,0,2026-01-02 23:53:27,2026-03-27 07:59:28,5,True,high_support_need
P004285,5,4,2,0,2026-01-05 16:56:29,2026-05-18 13:48:51,2,False,routine
P004286,5,3,1,0,2026-01-05 08:24:48,2026-05-28 03:21:40,3,False,routine
P004287,4,3,1,1,2026-01-07 16:10:39,2026-02-28 14:45:12,4,False,routine
P004288,2,1,0,0,2026-01-24 21:41:28,2026-04-21 14:26:41,4,True,new
P004289,6,4,5,0,2026-01-18 18:32:26,2026-02-27 19:34:25,2,False,routine
P004290,5,5,2,0,2026-01-20 18:52:48,2026-04-17 08:14:34,1,True,routine
P004291,3,1,1,0,2026-02-16 20:47:14,2026-04-26 18:08:02,4,False,new
P004292,2,2,1,0,2026-05-15 01:55:24,2026-05-19 17:18:54,4,True,routine
P004293,1,1,0,0,2026-01-26 17:02:48,2026-01-26 17:02:48,5,True,routine
P004294,2,2,1,0,2026-04-07 08:44:01,2026-04-13 19:12:33,3,False,routine
P004295,6,2,3,0,2026-01-12 19:26:51,2026-05-21 23:48:49,3,True,routine
P004296,3,2,1,0,2026-02-06 07:02:07,2026-05-15 04:22:30,4,True,new
P004297,7,3,3,0,2026-02-05 01:01:23,2026-05-15 14:06:31,3,False,routine
P004298,4,3,1,0,2026-01-18 12:52:32,2026-03-28 18:42:53,4,False,routine
P004299,2,1,0,0,2026-03-24 11:42:45,2026-05-30 02:31:55,5,True,routine
P004300,7,3,4,0,2026-01-13 05:30:52,2026-05-18 23:32:55,2,True,routine
P004301,8,3,3,0,2026-01-03 02:02:21,2026-05-10 01:33:01,3,True,routine
P004302,3,1,1,0,2026-02-10 08:02:46,2026-05-15 02:07:21,4,True,new
P004303,5,3,2,0,2026-01-20 21:52:45,2026-05-11 00:55:58,3,True,routine
P004304,5,2,2,0,2026-03-05 10:31:35,2026-05-21 12:29:53,3,False,routine
P004305,6,3,2,0,2026-01-08 04:59:28,2026-04-25 04:28:18,3,False,routine
P004306,3,2,1,0,2026-02-16 19:50:54,2026-05-27 07:30:29,3,True,new
P004307,6,3,1,0,2026-01-05 22:14:51,2026-05-24 14:20:47,4,True,high_support_need
P004308,5,4,1,1,2026-01-02 07:52:27,2026-05-02 19:36:23,3,True,routine
P004310,5,4,1,1,2026-01-13 15:24:48,2026-05-31 23:36:17,3,False,new
P004311,4,3,0,0,2026-01-27 00:47:46,2026-05-02 01:22:06,4,True,new
P004312,1,1,0,0,2026-04-09 01:15:10,2026-04-09 01:15:10,5,False,new
P004313,5,4,2,0,2026-01-02 05:04:06,2026-05-08 00:45:27,4,False,routine
P004314,5,4,1,0,2026-02-07 10:17:17,2026-05-26 18:44:26,3,True,new
P004315,5,3,2,0,2026-02-12 04:27:17,2026-05-11 05:37:58,2,False,new
P004316,4,2,0,0,2026-02-10 09:27:16,2026-04-09 20:17:57,4,True,high_support_need
P004317,7,5,4,1,2026-01-06 16:28:33,2026-05-21 23:47:21,2,True,routine
P004318,3,1,0,1,2026-03-23 21:43:07,2026-05-16 21:14:26,4,True,new
P004319,4,3,1,0,2026-03-01 18:38:02,2026-04-19 12:50:49,4,False,routine
P004320,3,3,0,1,2026-02-16 07:23:01,2026-05-28 20:42:02,4,True,routine
P004321,9,4,5,0,2026-01-01 17:10:11,2026-05-04 10:17:46,1,True,routine
P004322,2,1,0,0,2026-01-05 01:32:42,2026-05-05 22:10:42,4,True,high_support_need
P004323,1,1,0,1,2026-05-01 04:08:34,2026-05-01 04:08:34,4,True,routine
P004324,10,5,6,1,2026-01-09 19:53:55,2026-05-29 22:00:12,2,True,routine
P004325,1,0,0,0,2026-04-03 00:59:26,2026-04-03 00:59:26,4,False,routine
P004326,7,3,3,0,2026-01-28 10:21:32,2026-05-27 00:46:13,2,True,high_support_need
P004327,2,2,0,0,2026-03-11 21:35:23,2026-05-16 06:41:52,3,True,routine
P004328,4,4,1,0,2026-02-14 18:35:28,2026-05-31 16:53:49,3,False,routine
P004329,2,1,0,0,2026-02-22 07:25:20,2026-04-09 08:39:06,5,True,routine
P004330,4,2,1,0,2026-01-26 07:32:48,2026-05-31 00:57:41,3,True,high_support_need
P004331,3,2,0,0,2026-01-21 18:26:29,2026-05-11 10:55:04,2,True,routine
P004332,4,3,1,0,2026-01-27 12:48:20,2026-04-28 03:13:26,3,True,routine
P004333,7,4,3,0,2026-01-24 06:56:32,2026-05-25 06:02:12,2,False,routine
P004334,2,2,0,0,2026-03-05 15:21:19,2026-04-20 22:13:46,5,True,high_support_need
P004335,4,2,1,0,2026-01-08 11:02:33,2026-03-26 05:18:17,4,True,new
P004336,3,1,0,0,2026-01-03 17:33:36,2026-04-27 00:55:03,4,True,routine
P004337,2,1,0,0,2026-03-22 03:27:08,2026-05-16 09:08:36,4,True,routine
P004338,5,4,2,0,2026-01-12 08:02:48,2026-05-13 22:08:30,3,True,new
P004339,5,4,3,1,2026-03-10 10:53:51,2026-05-23 18:23:13,3,False,routine
P004340,7,6,4,0,2026-02-02 03:24:58,2026-05-16 05:23:36,2,True,new
P004341,2,2,0,0,2026-02-04 04:15:15,2026-03-10 23:12:02,3,True,routine
P004342,3,3,0,0,2026-01-03 20:57:32,2026-05-30 02:02:01,4,True,routine
P004343,3,3,0,0,2026-01-03 11:27:48,2026-04-11 15:13:47,3,True,new
P004344,6,6,3,0,2026-02-02 18:02:53,2026-05-05 19:33:42,1,True,routine
P004345,2,1,0,0,2026-01-10 09:39:56,2026-05-20 09:08:27,4,True,routine
P004346,3,3,1,0,2026-03-05 17:40:47,2026-05-28 15:49:21,3,True,routine
P004347,8,7,6,0,2026-04-01 14:03:22,2026-05-24 11:43:42,2,True,routine
P004348,7,5,3,0,2026-01-17 09:18:10,2026-04-25 11:03:39,2,True,routine
P004349,4,4,2,1,2026-01-24 15:06:11,2026-05-26 16:13:46,3,False,high_support_need
P004350,4,2,2,0,2026-04-08 16:15:22,2026-05-05 14:22:27,4,True,routine
P004351,4,2,1,0,2026-01-03 13:09:29,2026-05-27 01:35:28,4,True,routine
P004352,5,4,1,0,2026-02-07 10:09:50,2026-05-24 08:50:48,3,True,routine
P004353,3,2,0,1,2026-01-02 15:09:34,2026-04-23 17:52:09,4,False,routine
P004354,3,3,1,0,2026-02-06 07:09:27,2026-04-15 09:17:35,3,True,high_support_need
P004355,2,1,0,0,2026-01-12 19:03:11,2026-04-10 04:42:08,5,True,high_support_need
P004356,3,2,0,0,2026-02-17 22:20:57,2026-04-18 01:48:33,4,True,new
P004357,2,2,0,0,2026-01-28 22:42:19,2026-05-27 09:40:47,4,False,new
P004358,6,4,1,0,2026-01-21 18:55:55,2026-04-29 09:00:19,3,True,routine
P004360,2,1,0,0,2026-01-15 06:07:45,2026-05-07 03:28:54,5,True,routine
P004361,6,2,3,0,2026-02-08 07:58:59,2026-05-15 13:50:01,3,True,routine
P004362,3,0,1,0,2026-03-26 14:34:48,2026-04-29 10:32:24,4,True,routine
P004363,4,3,1,0,2026-03-22 16:07:10,2026-05-29 15:37:34,3,True,routine
P004364,4,4,2,0,2026-01-25 07:39:17,2026-04-23 01:10:28,3,False,routine
P004365,2,0,0,0,2026-01-21 03:23:53,2026-02-27 08:18:09,5,True,routine
P004366,5,4,0,0,2026-01-20 19:59:18,2026-05-25 03:25:37,4,True,new
P004367,2,2,1,0,2026-05-11 23:02:52,2026-05-14 01:43:35,4,False,new
P004368,4,2,2,0,2026-04-03 15:25:40,2026-05-22 18:54:30,3,False,routine
P004369,2,1,0,0,2026-01-04 14:01:25,2026-05-27 22:09:20,4,True,routine
P004370,4,2,1,0,2026-01-02 08:20:42,2026-03-27 02:01:05,3,False,high_support_need
P004371,2,1,0,0,2026-01-05 09:02:30,2026-05-16 15:42:23,5,True,new
P004372,3,2,1,0,2026-01-19 02:02:10,2026-04-26 18:27:02,3,True,new
P004373,3,1,0,0,2026-01-14 14:05:51,2026-05-06 14:56:01,5,False,new
P004374,3,0,0,0,2026-02-19 16:17:04,2026-05-26 08:07:13,4,True,routine
P004375,2,2,0,0,2026-02-17 17:29:08,2026-05-16 10:27:35,5,True,routine
P004376,3,2,0,0,2026-01-18 21:56:04,2026-04-09 02:58:15,4,True,routine
P004377,4,1,0,0,2026-01-08 02:24:22,2026-04-30 05:18:25,4,True,routine
P004378,2,1,1,1,2026-01-25 00:52:32,2026-02-05 13:02:51,5,True,routine
P004379,1,0,0,0,2026-02-22 00:52:00,2026-02-22 00:52:00,5,True,routine
P004380,2,0,0,0,2026-03-28 01:24:51,2026-05-27 22:09:02,4,True,routine
P004381,3,3,1,0,2026-01-26 06:38:16,2026-03-31 14:46:50,4,True,new
P004382,6,4,1,0,2026-01-02 03:22:43,2026-05-30 18:38:07,2,False,high_support_need
P004383,4,3,1,0,2026-01-07 06:03:05,2026-05-24 18:38:30,3,True,high_support_need
P004384,4,3,0,0,2026-01-07 14:40:07,2026-05-17 16:06:43,3,True,routine
P004385,1,1,0,0,2026-03-08 18:24:46,2026-03-08 18:24:46,5,True,routine
P004386,5,5,1,0,2026-01-05 07:38:38,2026-05-08 06:28:32,3,True,routine
P004387,3,2,0,0,2026-03-25 03:49:46,2026-05-07 02:27:26,4,True,routine
P004388,5,2,2,0,2026-01-18 16:47:04,2026-04-26 07:23:05,3,True,routine
P004389,5,5,2,0,2026-01-26 18:30:39,2026-05-23 23:13:53,2,False,new
P004390,3,3,0,0,2026-03-11 11:48:10,2026-05-13 18:11:07,4,True,new
P004391,1,0,0,0,2026-03-12 19:27:33,2026-03-12 19:27:33,5,True,routine
P004392,9,7,2,0,2026-01-06 21:57:01,2026-05-25 16:21:25,1,False,routine
P004393,4,3,0,0,2026-01-09 01:14:39,2026-05-29 06:08:37,3,True,new
P004394,7,6,3,0,2026-01-08 11:17:53,2026-05-19 05:36:15,2,True,routine
P004395,1,0,0,0,2026-05-11 07:08:26,2026-05-11 07:08:26,5,True,new
P004396,10,8,7,2,2026-02-01 06:34:51,2026-05-31 16:46:47,2,True,routine
P004397,3,2,1,0,2026-02-19 02:30:03,2026-03-20 06:11:21,3,True,routine
P004398,3,3,0,0,2026-03-06 13:13:53,2026-05-04 16:58:38,4,True,high_support_need
P004399,1,0,0,0,2026-04-16 11:49:03,2026-04-16 11:49:03,4,False,routine
P004400,6,3,1,0,2026-01-21 00:24:08,2026-04-26 18:32:16,4,True,routine
P004401,4,3,1,0,2026-02-14 15:50:49,2026-04-07 01:55:12,3,True,routine
P004402,1,1,0,0,2026-01-19 04:33:00,2026-01-19 04:33:00,5,True,routine
P004403,2,1,0,0,2026-01-28 23:25:17,2026-05-31 11:45:14,4,True,routine
P004404,2,1,0,0,2026-01-07 23:46:18,2026-04-02 05:06:48,4,True,new
P004405,3,2,1,0,2026-02-17 02:13:32,2026-05-22 19:41:27,4,False,routine
P004406,3,0,1,0,2026-01-29 17:47:45,2026-05-17 14:11:39,4,True,routine
P004407,6,2,2,0,2026-01-02 06:41:47,2026-05-17 05:27:10,3,True,routine
P004408,4,2,1,0,2026-01-11 23:21:08,2026-05-19 01:38:21,3,False,high_support_need
P004409,4,4,1,2,2026-01-25 03:59:02,2026-05-07 03:19:23,3,True,routine
P004410,5,3,1,0,2026-01-29 05:40:16,2026-05-17 03:21:06,3,False,high_support_need
P004411,5,5,2,0,2026-01-17 07:06:05,2026-04-02 10:37:03,2,False,routine
P004412,6,2,4,0,2026-03-12 14:26:23,2026-05-27 09:41:54,3,False,routine
P004413,3,2,0,0,2026-01-14 00:06:15,2026-03-19 13:55:54,4,True,new
P004414,6,4,2,0,2026-01-03 12:53:38,2026-05-29 20:30:54,3,True,routine
P004415,2,1,0,0,2026-01-06 15:23:06,2026-02-09 21:12:40,4,False,routine
P004416,2,1,0,0,2026-01-17 12:24:07,2026-02-16 04:54:04,3,True,new
P004417,2,2,0,0,2026-02-16 21:47:31,2026-03-27 03:20:15,4,True,new
P004418,5,2,1,0,2026-02-10 01:01:44,2026-05-31 13:44:47,4,True,high_support_need
P004419,4,3,2,0,2026-02-04 03:10:06,2026-04-09 06:46:34,2,True,new
P004420,3,2,2,0,2026-04-05 12:00:54,2026-04-16 18:53:45,3,True,routine
P004421,2,2,1,0,2026-04-22 19:55:24,2026-05-06 09:24:08,4,True,new
P004422,6,5,4,0,2026-01-06 09:46:25,2026-03-25 19:36:52,2,False,high_support_need
P004423,4,4,1,0,2026-01-01 10:24:00,2026-03-15 14:28:06,2,True,routine
P004424,1,1,0,0,2026-04-12 08:30:35,2026-04-12 08:30:35,5,True,routine
P004425,5,3,2,1,2026-01-30 13:06:18,2026-05-21 09:43:59,4,True,high_support_need
P004426,2,2,0,0,2026-02-04 01:13:52,2026-05-28 07:19:57,3,False,routine
P004427,3,3,1,0,2026-01-14 17:29:46,2026-05-12 16:04:10,3,True,routine
P004428,1,0,0,0,2026-01-15 14:34:53,2026-01-15 14:34:53,4,True,routine
P004429,3,2,0,0,2026-01-09 21:00:28,2026-04-30 05:57:30,4,True,new
P004430,6,4,2,0,2026-01-04 10:09:14,2026-04-20 05:28:15,3,False,routine
P004431,7,5,3,0,2026-01-10 07:45:23,2026-05-20 18:44:30,3,False,routine
P004432,2,1,0,0,2026-03-06 15:02:16,2026-05-17 08:39:28,3,True,routine
P004433,3,3,2,0,2026-05-10 20:07:44,2026-05-27 10:51:21,3,True,new
P004434,6,4,4,0,2026-01-10 13:49:06,2026-04-13 10:11:56,1,True,routine
P004435,5,4,2,0,2026-01-04 06:02:13,2026-05-10 04:46:43,2,True,high_support_need
P004436,5,5,0,0,2026-01-21 14:26:58,2026-05-27 22:20:02,3,False,new
P004437,2,2,0,0,2026-04-22 18:22:40,2026-05-14 08:11:10,4,False,routine
P004438,3,2,1,0,2026-03-22 13:00:20,2026-04-18 09:13:31,3,True,routine
P004439,6,3,1,1,2026-02-04 16:18:10,2026-05-27 13:50:27,3,True,new
P004440,4,4,2,0,2026-02-03 09:02:49,2026-03-12 14:41:11,3,False,high_support_need
P004441,3,3,0,0,2026-01-11 21:06:05,2026-05-21 19:31:36,4,False,routine
P004442,4,3,0,0,2026-01-04 21:03:10,2026-05-02 15:53:29,4,True,new
P004443,2,1,0,0,2026-02-06 20:22:42,2026-03-02 21:27:03,4,True,routine
P004444,5,3,1,0,2026-02-03 05:17:52,2026-05-23 10:55:18,3,True,high_support_need
P004445,5,2,2,1,2026-02-10 20:09:12,2026-05-24 17:28:56,4,True,routine
P004446,3,3,1,0,2026-01-06 05:40:54,2026-03-09 16:35:28,3,True,new
P004447,5,5,2,0,2026-01-01 14:29:53,2026-05-13 06:26:31,2,False,routine
P004448,3,0,1,0,2026-04-08 17:54:51,2026-05-16 20:29:45,3,False,routine
P004449,3,1,0,0,2026-01-05 18:01:26,2026-05-08 03:33:24,5,True,new
P004450,5,4,2,0,2026-01-22 21:25:18,2026-05-11 11:57:17,4,False,high_support_need
P004451,2,2,0,0,2026-02-23 16:46:08,2026-05-25 00:29:43,4,True,routine
P004452,5,4,3,0,2026-01-19 03:36:33,2026-03-21 12:39:15,2,True,routine
P004453,1,0,0,0,2026-05-24 17:18:34,2026-05-24 17:18:34,5,True,routine
P004454,5,3,1,0,2026-01-15 18:05:24,2026-05-30 17:09:03,3,True,routine
P004455,3,3,1,0,2026-01-17 07:59:44,2026-04-29 22:40:08,3,True,routine
P004456,6,3,2,1,2026-01-15 12:12:11,2026-05-30 01:49:02,3,True,new
P004457,2,1,0,0,2026-03-15 03:52:39,2026-05-19 17:37:38,4,True,new
P004458,4,3,1,0,2026-01-09 19:42:29,2026-04-15 05:37:52,3,False,new
P004459,5,4,1,0,2026-01-25 20:25:05,2026-05-26 01:02:20,2,True,routine
P004460,4,3,1,0,2026-01-12 10:30:41,2026-04-12 14:23:04,4,True,routine
P004461,4,3,1,0,2026-01-17 04:29:37,2026-05-23 15:19:08,3,True,new
P004462,9,6,4,0,2026-01-23 04:01:30,2026-05-07 08:25:43,2,False,routine
P004463,4,2,0,0,2026-02-21 07:21:21,2026-05-20 21:32:17,4,True,routine
P004464,1,1,0,0,2026-04-19 15:49:42,2026-04-19 15:49:42,5,False,routine
P004465,1,1,0,0,2026-02-03 04:55:59,2026-02-03 04:55:59,4,True,routine
P004466,1,0,0,0,2026-02-10 09:07:54,2026-02-10 09:07:54,4,True,routine
P004467,6,2,3,0,2026-01-23 22:57:14,2026-05-12 14:04:01,3,False,new
P004468,5,3,1,0,2026-01-29 21:59:22,2026-05-28 17:47:58,3,True,routine
P004469,3,3,0,0,2026-01-28 08:20:23,2026-03-08 16:02:26,3,False,routine
P004470,7,4,5,0,2026-02-14 02:23:44,2026-04-26 10:33:13,2,False,routine
P004471,1,1,0,0,2026-02-01 23:35:25,2026-02-01 23:35:25,4,True,routine
P004472,6,5,2,0,2026-01-09 04:49:10,2026-04-09 14:20:19,2,True,high_support_need
P004473,1,0,0,0,2026-05-05 23:24:29,2026-05-05 23:24:29,5,True,routine
P004474,9,9,4,2,2026-01-09 11:29:13,2026-05-01 15:29:58,3,False,routine
P004476,6,4,1,0,2026-01-30 13:34:25,2026-05-28 21:55:01,2,True,routine
P004477,1,0,0,0,2026-03-18 04:15:39,2026-03-18 04:15:39,5,True,routine
P004478,8,8,4,0,2026-02-04 02:37:35,2026-05-31 19:36:23,3,False,routine
P004479,2,2,0,0,2026-01-30 00:43:19,2026-05-23 13:19:18,4,True,routine
P004480,5,4,0,0,2026-01-13 09:58:14,2026-05-16 04:21:53,4,True,new
P004481,3,3,2,1,2026-01-12 08:03:22,2026-02-01 02:42:58,3,True,routine
P004482,4,2,0,0,2026-02-04 04:41:39,2026-05-25 04:41:56,4,True,routine
P004483,6,4,2,0,2026-01-13 23:40:23,2026-04-11 02:51:12,3,True,routine
P004484,8,5,4,0,2026-01-06 15:52:06,2026-05-25 17:05:03,1,False,new
P004485,6,4,4,0,2026-01-20 09:15:28,2026-04-25 02:52:12,3,False,routine
P004486,5,4,1,0,2026-01-21 07:15:31,2026-03-26 15:39:42,3,True,routine
P004487,4,3,0,0,2026-01-26 20:04:16,2026-05-03 22:11:39,4,True,new
P004488,4,2,1,0,2026-03-04 05:10:49,2026-05-31 15:46:24,3,True,routine
P004489,4,2,1,1,2026-01-09 06:18:26,2026-04-07 10:21:47,4,True,routine
P004490,8,5,4,0,2026-01-10 19:32:50,2026-04-28 08:12:58,1,False,routine
P004491,1,0,0,0,2026-05-03 19:05:32,2026-05-03 19:05:32,5,True,new
P004492,2,1,0,0,2026-02-16 21:44:17,2026-05-13 02:00:01,4,True,routine
P004493,5,3,1,0,2026-01-23 10:47:01,2026-05-25 02:11:26,2,True,new
P004494,9,4,4,0,2026-01-04 20:45:25,2026-05-31 21:00:48,1,False,new
P004495,6,4,2,0,2026-01-11 18:24:14,2026-05-12 01:16:47,2,True,routine
P004496,3,3,0,0,2026-01-24 14:08:04,2026-05-22 12:19:44,3,False,routine
P004497,3,0,0,0,2026-01-11 03:58:09,2026-05-30 21:57:40,5,True,high_support_need
P004498,5,4,2,0,2026-02-02 10:46:44,2026-04-03 02:35:53,3,False,new
P004499,7,3,3,0,2026-01-07 16:05:17,2026-05-23 14:21:22,3,False,routine
P004500,4,3,0,0,2026-01-02 14:49:28,2026-04-28 14:10:28,3,True,routine
P004501,6,6,2,0,2026-01-18 00:41:49,2026-05-28 02:19:28,3,True,routine
P004502,4,2,1,0,2026-02-23 09:46:32,2026-04-24 12:38:06,4,True,routine
P004503,1,0,0,0,2026-01-12 04:34:23,2026-01-12 04:34:23,5,True,new
P004504,5,3,0,0,2026-01-20 08:07:58,2026-05-14 16:23:27,4,True,routine
P004505,6,2,2,0,2026-02-24 08:46:46,2026-05-27 13:15:28,4,True,routine
P004506,4,2,1,0,2026-02-14 09:31:54,2026-05-24 15:02:44,4,True,high_support_need
P004507,4,4,1,0,2026-01-25 15:48:54,2026-04-17 23:09:26,3,False,routine
P004508,4,1,0,0,2026-01-31 04:11:06,2026-05-27 06:38:17,5,True,routine
P004509,4,3,0,0,2026-02-22 17:32:27,2026-05-30 05:43:31,3,True,routine
P004510,1,1,0,0,2026-03-24 16:37:46,2026-03-24 16:37:46,4,True,routine
P004511,5,3,1,0,2026-01-24 08:02:26,2026-05-04 14:31:49,4,True,routine
P004512,6,4,2,0,2026-01-13 22:13:51,2026-04-19 01:56:45,2,True,routine
P004513,1,1,0,0,2026-01-28 20:37:08,2026-01-28 20:37:08,4,True,high_support_need
P004514,1,1,0,0,2026-03-01 06:05:25,2026-03-01 06:05:25,4,True,new
P004515,2,1,0,0,2026-01-25 11:55:14,2026-04-24 03:43:21,4,True,routine
P004516,6,2,3,0,2026-01-08 14:58:51,2026-03-31 12:13:29,4,True,routine
P004517,2,2,0,0,2026-04-14 15:40:57,2026-05-01 21:28:32,3,True,routine
P004518,4,3,1,0,2026-01-04 18:11:10,2026-04-29 05:30:06,2,False,routine
P004519,3,2,0,0,2026-02-12 12:42:21,2026-04-20 05:47:11,3,True,new
P004520,2,2,0,0,2026-03-11 20:48:25,2026-05-27 04:50:38,3,True,new
P004521,4,3,2,0,2026-03-20 20:08:36,2026-05-01 04:05:15,3,False,routine
P004522,4,4,1,0,2026-02-17 19:58:06,2026-04-29 16:00:32,3,True,high_support_need
P004523,6,2,2,0,2026-02-03 17:06:12,2026-05-20 17:21:45,3,False,routine
P004524,4,2,1,0,2026-01-02 09:25:02,2026-04-19 15:03:55,4,True,routine
P004525,8,6,6,1,2026-02-04 11:23:59,2026-05-26 05:50:10,1,False,routine
P004526,3,3,1,0,2026-04-13 21:09:25,2026-05-02 10:17:05,3,True,routine
P004527,8,5,5,0,2026-01-09 13:07:39,2026-05-02 12:57:09,2,False,routine
P004528,8,7,4,0,2026-01-16 08:04:15,2026-04-27 18:39:13,2,True,new
P004529,2,1,1,0,2026-02-16 09:24:45,2026-02-24 20:08:06,4,True,routine
P004531,3,2,1,0,2026-03-08 11:32:31,2026-04-02 15:45:26,3,True,routine
P004532,2,1,0,0,2026-02-06 01:26:29,2026-03-13 05:29:38,5,True,routine
P004533,4,1,1,0,2026-01-05 09:23:31,2026-03-13 23:30:02,4,True,routine
P004534,8,6,5,0,2026-01-26 11:37:18,2026-04-28 08:35:32,2,False,routine
P004535,8,4,4,0,2026-01-18 17:10:35,2026-05-29 21:34:15,2,False,routine
P004536,1,1,0,0,2026-01-22 06:34:48,2026-01-22 06:34:48,4,False,high_support_need
P004537,5,3,2,0,2026-02-07 01:08:40,2026-05-20 13:38:44,3,True,routine
P004538,4,4,2,0,2026-01-25 16:11:54,2026-03-07 01:15:05,2,False,routine
P004539,6,6,1,0,2026-01-25 20:32:34,2026-05-30 02:02:52,2,True,routine
P004540,4,3,1,0,2026-01-02 10:05:16,2026-04-07 10:19:53,4,True,routine
P004541,3,1,0,0,2026-03-07 01:15:50,2026-05-30 11:20:19,4,True,routine
P004542,3,2,1,0,2026-01-20 03:18:20,2026-05-20 12:24:22,4,True,routine
P004543,4,3,2,0,2026-02-02 00:57:29,2026-05-16 17:51:03,4,False,routine
P004544,3,2,1,0,2026-03-11 07:11:17,2026-04-07 07:05:08,4,True,routine
P004545,4,3,2,0,2026-03-13 04:13:58,2026-05-30 08:24:16,3,True,high_support_need
P004546,7,5,3,0,2026-01-28 05:50:55,2026-05-14 17:22:33,2,False,routine
P004547,5,3,0,0,2026-01-14 08:06:19,2026-05-23 20:25:20,3,True,routine
P004548,5,4,1,0,2026-01-07 01:13:10,2026-05-19 18:17:54,2,True,routine
P004549,8,6,4,0,2026-01-05 14:32:02,2026-05-11 23:53:43,2,False,routine
P004550,5,4,2,1,2026-03-02 06:33:46,2026-05-24 06:04:41,3,False,new
P004551,5,3,1,0,2026-01-13 21:03:22,2026-04-26 21:32:53,3,True,routine
P004552,3,3,0,0,2026-01-24 09:54:47,2026-04-24 17:59:30,3,True,new
P004553,3,2,0,0,2026-02-01 02:40:02,2026-04-11 17:31:36,4,True,new
P004554,3,1,2,0,2026-01-17 04:32:23,2026-02-02 08:09:20,4,True,routine
P004555,3,3,2,0,2026-01-26 22:38:20,2026-02-16 08:21:53,3,True,high_support_need
P004557,3,1,0,1,2026-02-11 17:10:41,2026-05-27 09:25:02,4,True,new
P004558,4,2,1,0,2026-01-26 18:04:31,2026-05-30 02:52:18,3,True,high_support_need
P004559,1,0,0,0,2026-04-26 05:29:00,2026-04-26 05:29:00,5,True,new
P004560,5,3,2,0,2026-01-22 05:19:22,2026-04-03 10:11:24,3,False,routine
P004561,4,2,1,0,2026-01-08 13:25:42,2026-05-19 00:10:00,4,False,routine
P004562,4,3,1,0,2026-01-01 23:42:34,2026-04-02 12:27:03,4,True,new
P004563,3,3,0,1,2026-01-05 10:11:23,2026-04-12 04:49:39,4,False,new
P004564,3,2,0,0,2026-01-03 01:01:30,2026-04-17 23:05:03,4,True,routine
P004565,2,2,0,0,2026-03-16 06:58:27,2026-05-28 08:45:20,4,True,routine
P004566,5,4,2,0,2026-03-21 15:18:07,2026-05-30 00:05:46,2,True,new
P004567,2,1,1,0,2026-02-12 11:11:58,2026-02-27 06:03:42,4,True,routine
P004568,2,1,0,0,2026-02-07 02:29:22,2026-03-16 20:00:05,5,True,new
P004569,5,4,2,0,2026-02-01 21:52:34,2026-04-11 18:48:38,3,False,high_support_need
P004570,1,0,0,0,2026-02-22 08:02:46,2026-02-22 08:02:46,4,True,routine
P004571,4,3,1,0,2026-01-09 18:40:35,2026-04-17 20:16:41,3,False,routine
P004573,2,2,0,0,2026-01-05 14:09:21,2026-02-24 19:15:35,4,True,routine
P004574,3,2,0,0,2026-02-17 19:27:51,2026-05-04 11:35:03,5,False,routine
P004575,4,3,1,0,2026-01-21 09:22:19,2026-05-18 03:17:46,4,True,routine
P004576,7,6,3,0,2026-01-06 07:18:40,2026-05-28 13:29:13,3,False,routine
P004577,4,3,1,0,2026-01-25 04:28:11,2026-04-18 21:09:28,4,True,routine
P004578,7,5,3,1,2026-01-01 23:27:20,2026-05-09 21:36:55,1,False,routine
P004579,7,4,1,0,2026-01-04 05:34:04,2026-05-21 21:01:21,2,True,routine
P004580,2,2,0,0,2026-01-26 12:13:01,2026-03-16 20:27:36,4,True,high_support_need
P004581,2,1,0,0,2026-01-31 00:30:18,2026-04-29 13:42:26,5,True,routine
P004582,3,2,1,0,2026-01-09 16:58:43,2026-03-21 19:44:55,4,True,routine
P004583,1,1,0,0,2026-03-18 11:08:30,2026-03-18 11:08:30,4,True,routine
P004584,4,4,1,0,2026-02-04 04:44:59,2026-05-18 19:40:20,2,False,routine
P004585,6,3,5,0,2026-01-16 17:20:11,2026-02-28 23:47:30,2,False,new
P004586,4,2,2,0,2026-01-22 03:52:28,2026-04-27 23:14:06,2,True,high_support_need
P004587,6,5,4,0,2026-02-26 14:21:10,2026-05-04 21:33:18,1,False,routine
P004588,6,5,2,1,2026-02-23 15:43:26,2026-05-28 06:05:30,2,False,new
P004589,1,0,0,0,2026-01-14 07:43:49,2026-01-14 07:43:49,5,True,routine
P004590,3,2,0,0,2026-01-25 02:38:15,2026-05-27 20:32:39,5,True,routine
P004591,6,5,3,1,2026-01-09 02:23:37,2026-05-20 01:33:33,2,False,routine
P004592,4,1,1,0,2026-01-21 12:39:58,2026-05-16 02:25:13,4,True,high_support_need
P004593,3,1,1,0,2026-02-07 22:41:08,2026-05-24 22:47:08,5,True,routine
P004594,3,1,1,0,2026-01-04 10:35:55,2026-04-24 12:22:09,3,True,high_support_need
P004595,4,4,2,0,2026-01-04 21:22:51,2026-05-17 03:18:10,3,False,routine
P004596,2,2,0,0,2026-04-20 02:00:34,2026-05-12 17:54:30,5,True,routine
P004597,5,4,3,0,2026-01-11 14:55:48,2026-05-24 10:38:18,3,False,routine
P004598,5,2,1,0,2026-01-16 01:26:07,2026-05-21 13:19:17,3,False,routine
P004599,4,3,1,1,2026-01-21 02:27:18,2026-04-22 23:18:13,3,True,routine
P004600,7,4,1,1,2026-01-11 12:49:47,2026-05-04 14:26:00,3,False,new
P004601,5,4,1,2,2026-01-01 21:04:15,2026-04-27 21:18:27,3,False,new
P004602,2,1,0,0,2026-02-22 23:37:21,2026-04-29 09:31:15,4,True,new
P004603,7,6,3,0,2026-02-09 20:30:15,2026-05-22 20:41:14,2,False,new
P004604,4,4,1,0,2026-03-03 10:48:19,2026-05-29 02:11:12,3,False,routine
P004605,4,3,0,1,2026-01-18 22:29:27,2026-05-20 23:55:56,4,False,routine
P004606,4,2,0,0,2026-01-09 00:33:37,2026-05-31 19:13:23,3,True,new
P004607,5,4,3,0,2026-01-02 06:29:07,2026-04-14 11:39:50,3,False,routine
P004608,3,2,1,0,2026-01-29 20:06:36,2026-03-16 11:22:21,3,True,routine
P004609,4,2,1,0,2026-01-05 06:50:05,2026-05-02 05:28:36,4,True,routine
P004610,4,2,2,0,2026-01-02 02:34:35,2026-02-04 23:45:06,3,True,routine
P004611,2,2,0,0,2026-02-24 09:48:28,2026-05-20 05:59:36,4,True,routine
P004612,3,3,0,0,2026-01-26 11:56:14,2026-03-23 05:11:11,4,True,routine
P004613,5,4,2,1,2026-01-12 05:54:43,2026-03-28 17:42:41,3,False,high_support_need
P004614,1,1,0,0,2026-01-12 02:38:09,2026-01-12 02:38:09,4,True,routine
P004615,4,3,1,0,2026-01-30 09:47:25,2026-05-22 00:50:47,4,True,routine
P004616,2,1,0,1,2026-02-20 21:23:22,2026-03-28 03:27:10,4,True,new
P004617,6,5,2,0,2026-01-01 16:44:37,2026-05-30 09:30:58,2,True,routine
P004618,1,0,0,0,2026-04-13 01:16:45,2026-04-13 01:16:45,5,False,routine
P004619,3,1,0,0,2026-01-06 14:28:56,2026-03-08 12:43:00,4,True,routine
P004620,8,5,3,0,2026-01-13 10:35:09,2026-05-18 12:49:48,2,True,high_support_need
P004621,2,1,0,0,2026-02-27 03:16:41,2026-04-14 21:21:33,4,True,new
P004622,3,3,0,0,2026-03-27 14:50:29,2026-05-14 03:42:06,3,False,new
P004623,2,2,0,0,2026-01-31 13:06:03,2026-02-26 14:01:34,3,True,routine
P004624,3,2,0,0,2026-01-16 00:14:23,2026-05-27 01:46:18,3,True,routine
P004625,3,2,0,2,2026-02-11 14:41:13,2026-05-09 09:16:26,4,True,routine
P004626,5,4,2,0,2026-01-20 08:56:33,2026-05-08 10:31:33,3,False,new
P004627,1,1,0,0,2026-01-07 04:27:05,2026-01-07 04:27:05,4,True,high_support_need
P004628,3,2,0,0,2026-01-04 10:30:52,2026-03-11 07:36:54,4,False,routine
P004629,6,5,1,0,2026-01-31 10:46:51,2026-05-23 06:15:40,2,False,high_support_need
P004630,4,3,2,1,2026-02-02 00:06:57,2026-05-16 11:47:20,3,True,routine
P004631,4,3,1,0,2026-01-07 21:39:43,2026-05-06 21:59:13,3,False,routine
P004632,5,1,1,0,2026-01-04 21:52:23,2026-03-26 06:57:03,4,True,routine
P004633,4,3,2,0,2026-01-03 19:06:54,2026-04-20 09:59:09,3,True,routine
P004634,2,2,0,0,2026-01-23 00:42:40,2026-05-25 13:06:03,4,True,routine
P004635,2,1,0,0,2026-01-07 23:56:07,2026-03-16 06:43:50,4,True,new
P004636,4,1,0,0,2026-01-05 16:52:02,2026-04-30 06:45:58,5,True,new
P004637,4,3,1,0,2026-01-23 19:43:10,2026-05-25 15:16:37,4,True,routine
P004638,1,0,0,0,2026-03-12 02:26:04,2026-03-12 02:26:04,4,True,new
P004639,1,1,0,0,2026-01-18 23:38:24,2026-01-18 23:38:24,4,True,high_support_need
P004640,4,3,2,0,2026-04-14 20:08:26,2026-05-19 20:05:15,4,True,routine
P004641,7,5,3,0,2026-01-15 04:17:31,2026-05-24 09:56:56,2,True,routine
P004642,6,3,3,0,2026-02-01 11:14:57,2026-05-10 14:51:12,3,True,routine
P004643,8,6,3,0,2026-02-01 00:40:09,2026-05-29 05:28:42,2,False,routine
P004644,3,3,1,1,2026-01-14 20:36:29,2026-04-24 06:48:23,4,True,high_support_need
P004645,5,3,1,0,2026-01-19 23:05:07,2026-05-23 06:52:32,3,True,high_support_need
P004646,3,1,0,0,2026-01-16 13:03:01,2026-03-23 00:41:43,5,True,new
P004647,3,2,1,0,2026-01-05 02:53:09,2026-05-23 01:41:28,4,False,new
P004648,4,2,0,0,2026-01-28 06:07:45,2026-04-22 09:47:39,4,True,routine
P004649,4,2,1,0,2026-01-04 20:54:10,2026-04-26 12:40:32,4,True,routine
P004650,7,4,2,0,2026-01-05 23:32:09,2026-05-16 00:37:57,3,False,new
P004651,2,1,0,0,2026-03-12 17:29:31,2026-04-03 16:50:22,3,True,routine
P004652,3,2,0,0,2026-01-24 14:29:30,2026-05-16 12:24:19,4,True,routine
P004653,3,1,1,0,2026-03-14 11:00:58,2026-05-08 04:13:36,4,False,routine
P004654,2,1,0,0,2026-02-05 03:01:03,2026-03-18 21:33:09,5,True,routine
P004655,6,5,3,0,2026-01-29 21:14:29,2026-05-26 00:47:45,2,True,routine
P004656,4,2,1,0,2026-01-15 17:46:15,2026-05-28 10:40:56,3,True,routine
P004657,4,3,0,0,2026-01-18 21:14:45,2026-05-06 11:04:26,4,True,new
P004658,2,1,0,0,2026-01-06 05:45:22,2026-04-21 01:01:40,4,True,routine
P004659,3,2,0,0,2026-01-06 19:39:46,2026-04-06 12:44:01,3,True,new
P004660,5,4,2,1,2026-01-09 12:10:01,2026-04-25 03:36:20,3,False,new
P004661,3,3,0,1,2026-02-16 22:30:42,2026-04-29 16:16:10,3,True,routine
P004662,2,0,0,0,2026-01-01 19:35:56,2026-04-07 20:05:41,5,True,routine
P004663,3,2,0,1,2026-02-13 08:12:06,2026-05-25 23:40:49,4,True,new
P004664,6,4,2,0,2026-01-30 00:25:19,2026-05-31 16:04:53,2,True,routine
P004665,2,1,0,0,2026-01-05 19:48:37,2026-03-05 16:14:05,5,True,new
P004666,4,3,1,1,2026-03-01 05:25:24,2026-05-26 09:51:57,4,True,routine
P004667,2,1,0,0,2026-02-10 07:13:53,2026-04-14 09:56:43,5,True,routine
P004668,4,2,1,0,2026-01-10 14:37:07,2026-03-14 00:22:14,4,True,high_support_need
P004669,3,3,1,0,2026-03-24 12:50:11,2026-04-13 12:48:37,4,True,new
P004670,7,7,3,1,2026-02-03 17:43:19,2026-05-29 06:38:15,2,False,routine
P004671,5,4,2,0,2026-02-03 01:25:13,2026-05-15 18:06:27,2,False,high_support_need
P004672,6,4,1,0,2026-02-09 08:37:26,2026-05-29 23:08:25,2,True,routine
P004673,5,2,1,0,2026-01-18 05:23:19,2026-05-22 20:15:14,5,True,routine
P004674,4,2,1,1,2026-03-01 22:39:12,2026-04-11 12:57:26,3,False,new
P004675,2,2,0,0,2026-02-15 15:41:25,2026-03-26 14:09:55,3,False,routine
P004676,2,1,0,0,2026-03-18 07:33:51,2026-04-12 06:27:03,4,True,new
P004677,2,0,1,0,2026-05-19 08:10:13,2026-05-26 23:45:59,4,True,new
P004678,1,1,0,0,2026-01-13 21:07:33,2026-01-13 21:07:33,4,True,routine
P004679,3,2,1,0,2026-03-02 10:00:03,2026-03-23 13:38:47,3,False,routine
P004680,2,2,0,0,2026-04-14 21:28:59,2026-05-23 01:48:38,5,True,routine
P004681,3,2,0,0,2026-01-07 12:25:02,2026-02-16 04:56:03,4,True,routine
P004682,8,5,2,1,2026-01-12 15:14:07,2026-05-27 03:45:46,3,True,routine
P004684,8,3,2,1,2026-01-28 21:21:55,2026-05-31 19:09:17,2,True,routine
P004685,3,2,0,0,2026-01-01 22:22:27,2026-04-10 17:48:56,3,True,routine
P004686,4,1,0,0,2026-01-28 18:42:47,2026-05-06 01:10:17,4,False,new
P004687,6,3,1,0,2026-01-01 02:48:15,2026-04-18 00:57:21,4,False,routine
P004688,5,4,3,0,2026-03-14 20:54:59,2026-04-26 00:59:39,2,False,routine
P004689,6,3,2,0,2026-01-07 19:54:56,2026-05-12 07:50:16,3,True,routine
P004690,4,3,1,0,2026-01-24 12:27:36,2026-05-31 06:57:48,2,True,routine
P004691,5,2,2,0,2026-03-05 04:45:06,2026-05-15 05:18:16,3,True,routine
P004692,3,2,0,0,2026-01-12 14:25:12,2026-05-05 16:54:08,4,True,routine
P004693,7,6,3,1,2026-02-11 08:28:43,2026-05-21 20:39:31,1,False,new
P004694,1,0,0,0,2026-03-06 23:31:44,2026-03-06 23:31:44,5,True,routine
P004695,5,3,2,1,2026-02-25 16:48:05,2026-05-06 09:35:01,3,True,new
P004696,4,3,1,0,2026-01-04 00:55:42,2026-04-28 19:04:57,3,False,routine
P004697,2,1,0,1,2026-01-04 04:03:16,2026-04-03 06:12:23,5,True,new
P004698,5,3,1,0,2026-01-30 15:11:19,2026-05-07 11:19:34,4,True,high_support_need
P004699,6,3,1,0,2026-01-03 09:52:20,2026-05-27 01:08:26,3,True,routine
P004700,5,3,2,1,2026-02-08 13:00:57,2026-05-30 15:09:53,2,False,routine
P004701,6,3,1,0,2026-02-10 00:33:37,2026-05-24 04:48:54,3,False,new
P004702,5,3,1,0,2026-01-22 23:27:21,2026-04-12 15:09:04,4,True,new
P004703,7,5,4,0,2026-01-15 01:55:37,2026-04-13 16:00:53,1,False,routine
P004704,5,3,0,0,2026-01-14 05:14:25,2026-05-06 07:58:17,3,True,routine
P004705,5,3,3,0,2026-04-09 18:19:49,2026-05-20 22:19:41,3,False,new
P004706,7,5,1,0,2026-01-06 14:21:31,2026-05-26 02:40:35,2,False,routine
P004707,6,5,2,0,2026-01-15 23:03:53,2026-05-23 16:47:45,2,True,routine
P004708,5,4,1,1,2026-01-02 08:15:35,2026-05-12 12:00:03,3,False,routine
P004709,5,3,2,0,2026-03-15 19:30:32,2026-05-05 11:55:09,3,True,new
P004710,6,3,1,0,2026-01-08 20:40:35,2026-05-27 17:03:30,3,True,routine
P004711,3,1,1,0,2026-02-10 06:23:19,2026-05-21 14:17:01,4,True,high_support_need
P004712,3,2,2,0,2026-01-03 00:01:20,2026-01-22 09:35:27,3,True,routine
P004713,7,5,3,0,2026-01-01 15:01:38,2026-05-21 08:43:10,2,False,routine
P004715,5,3,1,0,2026-01-18 05:07:37,2026-05-12 22:09:02,4,True,routine
P004716,8,7,4,1,2026-01-14 02:23:40,2026-04-22 00:38:42,1,False,routine
P004717,7,5,1,0,2026-01-25 14:34:03,2026-05-31 02:27:35,2,True,high_support_need
P004718,4,3,1,0,2026-02-17 02:00:13,2026-05-14 09:23:40,2,True,routine
P004719,5,3,1,0,2026-01-23 05:50:36,2026-03-29 19:34:53,4,True,routine
P004720,3,1,1,0,2026-03-26 07:33:42,2026-05-05 18:12:26,5,True,routine
P004721,1,1,0,0,2026-05-12 19:58:07,2026-05-12 19:58:07,4,True,new
P004722,3,2,1,0,2026-03-14 05:02:01,2026-04-14 02:52:25,4,True,routine
P004723,3,2,1,0,2026-04-15 19:51:26,2026-05-29 09:20:45,3,True,routine
P004724,3,3,0,0,2026-02-10 08:40:48,2026-05-03 15:32:24,3,True,routine
P004725,4,1,1,0,2026-01-14 14:57:36,2026-04-18 13:09:31,3,False,routine
P004726,8,3,4,0,2026-01-03 20:55:46,2026-05-14 21:20:08,2,False,routine
P004727,5,3,2,0,2026-02-02 19:37:59,2026-04-21 00:27:15,3,True,new
P004728,2,2,0,0,2026-01-06 20:12:29,2026-01-28 17:26:35,4,True,routine
P004729,6,3,1,0,2026-01-09 15:48:36,2026-05-23 18:04:15,4,False,routine
P004730,4,2,1,0,2026-02-12 12:50:11,2026-05-02 05:18:17,3,False,routine
P004731,4,4,1,0,2026-01-23 07:26:45,2026-05-07 14:37:23,3,True,high_support_need
P004732,4,2,1,0,2026-01-24 16:06:05,2026-05-16 22:26:56,4,True,routine
P004733,4,3,1,1,2026-02-11 02:15:05,2026-04-27 16:14:21,3,False,routine
P004734,4,3,0,1,2026-01-19 23:02:20,2026-05-20 06:40:37,3,True,high_support_need
P004735,8,6,3,0,2026-01-15 04:55:19,2026-04-28 05:10:18,1,False,routine
P004736,1,0,0,0,2026-02-21 14:16:55,2026-02-21 14:16:55,5,True,routine
P004737,6,5,3,0,2026-01-04 03:45:07,2026-05-22 03:01:08,2,True,routine
P004738,2,1,1,0,2026-01-22 19:55:42,2026-01-30 01:29:49,4,False,routine
P004739,2,1,0,0,2026-01-25 09:33:47,2026-03-24 03:22:42,4,True,routine
P004740,2,2,0,0,2026-01-15 03:46:02,2026-02-04 09:43:59,4,True,routine
P004741,2,0,0,0,2026-02-19 08:06:16,2026-04-22 13:53:29,5,True,new
P004742,3,2,0,0,2026-01-04 03:43:07,2026-05-01 13:58:01,5,True,routine
P004743,3,2,1,0,2026-04-02 15:13:07,2026-05-09 06:45:01,5,True,high_support_need
P004744,9,4,6,0,2026-01-18 22:52:38,2026-04-24 07:39:43,2,False,routine
P004745,4,3,0,0,2026-01-03 21:02:00,2026-03-25 19:47:39,3,False,routine
P004746,6,3,3,0,2026-02-12 16:15:46,2026-05-31 04:15:44,3,False,routine
P004747,8,7,5,0,2026-01-02 20:21:14,2026-04-17 15:52:03,2,False,routine
P004748,2,2,0,0,2026-03-14 08:24:40,2026-05-24 13:04:51,3,True,routine
P004749,4,3,1,0,2026-03-24 07:26:33,2026-05-28 06:05:04,3,True,new
P004751,5,2,3,0,2026-02-04 13:18:22,2026-04-21 08:02:38,3,True,routine
P004752,3,0,0,0,2026-01-15 08:14:30,2026-04-26 17:53:22,5,True,routine
P004753,7,4,3,0,2026-01-05 09:12:32,2026-05-04 10:09:51,3,True,high_support_need
P004754,7,3,4,0,2026-01-27 01:09:15,2026-05-11 01:43:52,2,True,routine
P004755,3,1,1,0,2026-02-04 13:21:26,2026-04-23 05:26:27,4,True,routine
P004756,3,1,0,0,2026-02-18 08:52:22,2026-05-08 19:58:43,5,True,routine
P004757,3,2,0,0,2026-02-08 17:06:06,2026-05-19 09:06:59,3,True,routine
P004758,4,4,1,0,2026-03-18 23:26:46,2026-05-29 14:32:12,3,True,routine
P004759,3,2,0,0,2026-01-21 06:02:50,2026-03-03 01:46:37,5,True,high_support_need
P004761,4,3,1,0,2026-01-14 10:03:33,2026-05-02 19:27:36,3,True,routine
P004762,6,5,2,0,2026-01-27 10:49:49,2026-05-31 10:20:37,2,False,new
P004763,1,1,0,0,2026-01-04 23:08:19,2026-01-04 23:08:19,4,True,routine
P004764,9,7,4,0,2026-01-25 13:11:48,2026-05-18 23:11:45,1,True,routine
P004765,3,3,0,0,2026-01-07 21:32:55,2026-05-01 19:06:03,4,True,routine
P004766,2,2,1,0,2026-01-16 21:41:45,2026-01-19 19:15:43,3,False,routine
P004767,1,1,0,0,2026-02-02 11:46:59,2026-02-02 11:46:59,4,True,routine
P004768,1,1,0,0,2026-05-16 08:33:23,2026-05-16 08:33:23,4,True,routine
P004769,3,3,0,0,2026-01-04 08:26:48,2026-04-14 05:09:22,4,True,routine
P004770,2,1,0,0,2026-01-06 03:05:32,2026-01-29 07:13:43,4,True,routine
P004771,1,0,0,0,2026-03-22 23:28:45,2026-03-22 23:28:45,4,True,new
P004772,1,0,0,0,2026-05-24 11:00:34,2026-05-24 11:00:34,4,True,routine
P004773,2,2,0,0,2026-03-23 11:55:05,2026-05-18 19:58:23,4,True,new
P004774,2,2,0,1,2026-01-16 22:41:33,2026-04-20 11:19:31,3,True,high_support_need
P004775,4,3,1,0,2026-01-28 20:49:46,2026-05-25 17:05:09,3,True,routine
P004776,9,5,4,0,2026-01-12 18:43:39,2026-04-26 15:56:30,1,True,new
P004777,4,2,0,0,2026-01-18 05:05:21,2026-04-12 12:51:16,4,True,routine
P004778,9,4,5,0,2026-02-03 02:12:47,2026-05-23 09:50:06,2,True,routine
P004779,7,7,2,0,2026-01-15 06:49:30,2026-05-22 23:10:58,1,False,routine
P004780,5,2,3,0,2026-02-21 08:21:17,2026-05-27 22:29:49,2,True,routine
P004781,5,4,0,0,2026-01-05 20:01:39,2026-05-20 11:04:59,3,True,routine
P004782,9,7,4,0,2026-01-04 14:42:06,2026-05-22 03:17:11,3,False,routine
P004783,3,2,2,0,2026-04-27 15:15:36,2026-05-15 13:40:51,3,True,routine
P004784,6,3,3,0,2026-01-10 06:33:16,2026-05-01 22:37:40,3,True,new
P004785,6,5,2,0,2026-01-10 00:16:50,2026-05-24 17:53:12,1,True,routine
P004786,2,1,0,0,2026-03-01 19:43:33,2026-03-25 21:43:49,4,True,new
P004787,5,3,1,0,2026-02-02 03:34:42,2026-04-13 08:46:02,3,True,routine
P004788,3,2,1,0,2026-02-09 06:32:00,2026-04-29 15:07:34,4,True,routine
P004789,2,0,0,0,2026-01-19 18:19:52,2026-04-17 14:00:46,5,True,routine
P004790,3,3,0,0,2026-01-23 06:15:00,2026-05-28 06:53:53,3,True,routine
P004791,3,1,1,0,2026-03-18 22:26:57,2026-05-02 11:28:05,4,True,new
P004792,4,4,1,0,2026-01-11 13:33:05,2026-05-23 04:48:18,3,True,new
P004793,8,5,4,1,2026-01-22 11:51:53,2026-05-18 00:32:06,1,False,routine
P004794,2,1,0,0,2026-03-02 21:33:22,2026-04-23 21:39:38,4,True,routine
P004795,3,1,1,0,2026-02-27 20:24:51,2026-05-28 02:56:16,3,True,routine
P004796,3,1,0,0,2026-02-01 02:05:25,2026-05-17 07:27:43,4,True,new
P004797,2,0,0,0,2026-02-20 00:22:26,2026-05-21 05:18:29,4,True,routine
P004798,4,4,2,0,2026-03-07 20:24:50,2026-05-09 18:19:52,4,False,high_support_need
P004799,5,4,1,0,2026-01-16 16:27:13,2026-05-29 18:38:52,2,True,routine
P004800,8,5,3,1,2026-01-09 15:18:13,2026-05-21 07:51:18,2,False,routine
P004801,3,2,1,0,2026-01-03 22:01:12,2026-03-25 15:10:52,3,True,new
P004802,3,1,1,0,2026-03-05 07:13:43,2026-04-14 03:08:27,5,False,routine
P004803,7,4,1,0,2026-01-14 20:44:51,2026-05-18 03:22:40,3,True,new
P004804,4,3,0,0,2026-01-01 06:53:48,2026-05-09 18:36:19,3,True,routine
P004805,5,4,3,0,2026-02-01 12:14:19,2026-05-31 00:04:31,3,True,routine
P004806,7,6,4,0,2026-01-08 15:15:02,2026-03-08 13:11:20,2,True,new
P004807,8,4,5,1,2026-01-22 23:14:30,2026-05-21 00:31:52,1,False,new
P004808,5,4,1,0,2026-01-16 10:41:59,2026-04-21 07:46:39,3,False,high_support_need
P004809,2,1,0,0,2026-01-14 18:39:40,2026-04-12 09:56:52,5,True,high_support_need
P004810,3,1,1,0,2026-02-08 11:45:33,2026-03-09 10:21:53,4,True,routine
P004811,5,3,3,0,2026-02-21 02:31:25,2026-04-24 11:33:17,3,False,routine
P004812,7,5,2,0,2026-01-23 09:11:26,2026-05-31 00:02:32,2,True,high_support_need
P004813,5,3,3,0,2026-01-24 07:58:21,2026-04-01 16:12:08,3,False,routine
P004814,2,2,0,0,2026-02-03 23:46:33,2026-03-15 20:51:48,3,True,routine
P004815,3,3,0,0,2026-01-05 04:03:56,2026-03-23 06:47:40,3,True,routine
P004816,3,2,1,0,2026-01-30 06:51:51,2026-03-16 06:53:09,4,True,routine
P004817,8,7,3,0,2026-01-09 01:48:25,2026-05-22 10:07:01,2,False,new
P004818,4,3,1,0,2026-01-28 13:21:30,2026-03-13 10:09:13,4,True,routine
P004820,5,5,0,0,2026-01-07 07:28:51,2026-05-21 21:43:50,4,False,new
P004821,2,2,0,0,2026-02-18 21:39:54,2026-03-13 07:56:38,3,True,routine
P004822,3,1,1,0,2026-04-02 05:54:03,2026-05-12 21:26:19,4,True,routine
P004823,4,3,1,0,2026-01-15 18:45:07,2026-05-05 18:34:26,3,True,high_support_need
P004824,6,4,3,0,2026-01-01 07:43:19,2026-05-30 15:42:40,3,True,new
P004825,1,1,0,0,2026-05-09 17:50:01,2026-05-09 17:50:01,5,True,routine
P004826,4,2,1,0,2026-02-04 10:06:18,2026-04-17 12:52:42,3,True,new
P004827,4,3,0,0,2026-02-01 03:23:23,2026-05-21 15:11:56,4,True,routine
P004828,2,1,0,0,2026-03-14 23:47:17,2026-05-27 11:42:30,5,True,routine
P004829,5,5,0,0,2026-01-13 16:51:50,2026-05-29 09:54:13,3,True,new
P004830,3,2,1,0,2026-03-30 19:19:31,2026-05-22 16:26:26,2,False,routine
P004831,2,1,0,0,2026-02-01 12:28:09,2026-05-14 10:23:10,5,True,routine
P004832,1,1,0,0,2026-03-26 06:28:23,2026-03-26 06:28:23,4,True,routine
P004833,10,7,7,0,2026-02-06 05:04:30,2026-05-15 17:59:48,2,True,new
P004834,4,3,1,0,2026-01-29 04:37:43,2026-05-16 05:47:24,3,True,new
P004835,5,2,1,0,2026-01-15 14:17:26,2026-05-21 18:34:59,2,False,new
P004836,5,4,2,0,2026-01-01 17:35:03,2026-05-14 02:56:32,2,True,routine
P004837,4,3,1,0,2026-01-14 14:36:31,2026-04-11 01:30:35,3,False,new
P004838,5,3,2,0,2026-02-22 03:29:52,2026-05-27 12:59:49,3,True,new
P004839,3,1,1,0,2026-04-17 06:30:04,2026-05-31 04:52:48,4,True,routine
P004840,7,4,5,0,2026-02-03 07:52:29,2026-04-30 06:55:50,1,False,routine
P004841,9,6,5,0,2026-01-02 03:50:24,2026-05-27 01:21:32,1,False,routine
P004842,5,3,2,0,2026-02-12 10:34:15,2026-04-23 01:04:47,3,True,routine
P004843,3,3,0,1,2026-01-29 23:32:58,2026-04-05 01:38:43,3,False,routine
P004844,5,4,2,0,2026-02-08 16:27:02,2026-05-05 23:12:58,3,True,new
P004845,2,2,0,0,2026-01-01 23:16:08,2026-02-24 21:19:17,4,True,new
P004846,8,3,5,0,2026-02-05 04:06:01,2026-05-05 06:19:41,3,True,new
P004847,3,2,1,0,2026-01-22 11:27:33,2026-03-29 01:08:27,3,True,routine
P004848,2,2,0,0,2026-02-19 06:55:17,2026-04-27 14:20:19,4,True,routine
P004849,3,3,1,0,2026-01-09 22:29:01,2026-03-09 11:06:19,3,True,routine
P004850,6,4,3,0,2026-01-16 05:46:54,2026-05-30 23:51:22,3,True,routine
P004851,5,4,2,0,2026-01-08 09:46:44,2026-04-12 20:29:50,3,True,routine
P004852,7,5,2,0,2026-01-26 13:12:15,2026-05-31 05:26:32,2,False,routine
P004853,6,4,2,0,2026-01-05 10:26:51,2026-05-11 20:14:18,4,False,new
P004854,7,6,3,0,2026-01-25 04:35:28,2026-05-14 12:51:50,2,False,routine
P004855,6,4,2,0,2026-02-08 18:48:36,2026-05-27 16:28:06,2,True,routine
P004856,2,1,0,0,2026-01-11 12:32:57,2026-04-29 22:41:34,4,True,new
P004857,4,2,1,0,2026-01-12 09:29:36,2026-04-20 18:12:05,4,True,routine
P004858,5,3,2,0,2026-01-13 20:08:30,2026-05-14 08:05:12,2,False,routine
P004859,2,1,0,0,2026-02-19 02:00:33,2026-03-29 12:35:21,4,True,routine
P004860,3,2,1,1,2026-02-14 11:08:49,2026-03-17 15:03:12,4,True,new
P004861,3,2,1,0,2026-01-05 20:09:43,2026-04-16 06:13:15,3,False,routine
P004862,2,1,0,0,2026-01-29 02:59:30,2026-04-30 09:34:49,4,True,routine
P004863,3,1,1,0,2026-02-12 02:41:33,2026-04-09 00:43:28,4,True,routine
P004864,2,2,0,0,2026-04-14 10:21:33,2026-05-06 03:42:19,4,True,new
P004865,2,1,0,0,2026-02-26 13:51:36,2026-03-19 17:52:37,5,False,routine
P004866,7,5,3,0,2026-01-12 12:53:32,2026-05-20 22:25:33,2,False,routine
P004867,3,1,0,0,2026-03-15 11:40:39,2026-05-29 05:23:12,5,True,routine
P004868,3,3,1,0,2026-04-13 09:25:24,2026-05-14 07:01:32,3,True,new
P004869,5,3,2,0,2026-01-21 10:48:17,2026-04-06 11:57:20,3,True,high_support_need
P004870,1,1,0,0,2026-04-01 07:25:27,2026-04-01 07:25:27,4,True,routine
P004871,4,4,1,0,2026-01-06 08:36:25,2026-05-12 15:42:24,2,True,high_support_need
P004872,5,3,2,0,2026-02-19 02:02:29,2026-04-11 02:21:40,3,True,high_support_need
P004873,6,6,3,0,2026-01-05 12:44:24,2026-05-11 21:12:55,2,True,high_support_need
P004874,10,6,7,0,2026-01-05 00:20:54,2026-05-24 14:43:11,2,True,new
P004875,4,3,1,1,2026-01-22 18:27:29,2026-04-25 17:55:28,4,True,routine
P004876,6,4,2,1,2026-01-02 15:23:27,2026-05-22 11:42:28,3,False,new
P004877,2,0,1,0,2026-01-24 03:53:10,2026-01-29 06:24:13,5,True,routine
P004878,4,4,0,0,2026-02-11 14:21:14,2026-05-27 19:28:35,3,True,routine
P004879,6,4,1,1,2026-02-09 09:28:31,2026-05-28 11:31:59,3,False,routine
P004880,6,3,4,0,2026-02-14 02:47:29,2026-05-05 01:20:18,3,False,routine
P004881,2,1,0,0,2026-03-12 04:54:09,2026-05-10 14:10:23,5,True,routine
P004882,5,4,2,0,2026-01-08 05:48:12,2026-05-12 20:46:33,2,False,new
P004883,7,3,4,0,2026-01-04 15:47:46,2026-04-26 23:38:40,1,True,new
P004884,9,7,4,0,2026-01-02 12:03:10,2026-05-26 23:47:31,1,True,routine
P004885,2,2,0,1,2026-03-15 23:23:00,2026-04-20 01:48:41,3,True,new
P004886,3,3,0,0,2026-02-10 14:30:02,2026-04-05 18:22:17,3,False,high_support_need
P004887,3,2,2,0,2026-03-17 11:38:00,2026-04-03 14:55:08,2,True,new
P004888,4,1,0,0,2026-01-05 17:43:28,2026-05-16 07:24:53,4,True,new
P004889,2,1,0,0,2026-03-19 00:21:22,2026-04-14 06:37:01,4,True,new
P004890,2,2,0,0,2026-01-16 02:49:17,2026-03-29 19:40:01,4,True,routine
P004891,5,3,2,0,2026-01-11 22:47:23,2026-05-26 03:27:16,3,True,routine
P004892,6,3,2,1,2026-01-04 19:37:35,2026-05-09 17:00:27,3,True,routine
P004893,4,3,0,0,2026-02-28 00:49:31,2026-05-24 10:13:42,3,True,routine
P004894,4,4,0,0,2026-01-25 03:18:03,2026-05-07 15:16:05,3,True,routine
P004895,2,1,0,0,2026-01-06 10:22:16,2026-02-16 06:22:28,5,True,routine
P004896,8,6,4,0,2026-01-26 11:23:26,2026-05-27 11:39:07,2,False,high_support_need
P004897,4,4,2,1,2026-01-18 03:21:00,2026-03-20 16:30:10,3,True,routine
P004898,2,2,0,0,2026-03-01 11:35:46,2026-03-20 08:32:13,4,False,high_support_need
P004899,6,3,1,0,2026-02-03 23:41:28,2026-05-21 14:52:00,3,True,new
P004900,3,2,0,0,2026-03-30 12:56:31,2026-05-18 16:26:33,4,True,routine
P004901,6,6,2,0,2026-03-07 19:46:07,2026-05-26 06:13:49,1,False,routine
P004902,3,2,1,0,2026-02-06 15:57:32,2026-03-04 11:09:41,4,False,new
P004903,3,2,0,0,2026-03-23 20:46:08,2026-05-06 04:52:25,4,True,routine
P004904,1,1,0,0,2026-03-25 07:29:09,2026-03-25 07:29:09,5,True,routine
P004905,6,4,2,0,2026-02-10 07:30:35,2026-05-05 21:02:09,2,False,routine
P004906,5,4,3,1,2026-01-24 14:06:32,2026-03-22 11:26:09,2,False,routine
P004907,8,3,4,1,2026-01-03 15:18:54,2026-05-30 22:02:02,2,False,routine
P004908,4,1,0,0,2026-01-15 20:41:01,2026-04-04 07:52:23,5,True,routine
P004909,4,3,1,0,2026-01-15 03:49:33,2026-05-06 10:22:03,4,True,routine
P004910,1,1,0,0,2026-01-14 08:07:43,2026-01-14 08:07:43,4,True,routine
P004911,2,1,1,0,2026-02-07 10:29:17,2026-02-13 11:54:18,4,True,new
P004912,4,4,0,1,2026-01-12 18:12:24,2026-05-03 08:31:04,3,True,routine
P004913,4,3,2,0,2026-01-05 02:57:28,2026-04-28 17:26:40,2,True,routine
P004914,2,2,0,0,2026-02-20 00:58:09,2026-04-01 18:06:33,3,True,routine
P004915,1,1,0,0,2026-04-28 09:34:21,2026-04-28 09:34:21,5,True,high_support_need
P004916,1,1,0,0,2026-04-14 14:45:37,2026-04-14 14:45:37,4,True,high_support_need
P004917,3,2,1,0,2026-01-14 04:06:20,2026-05-15 17:33:14,4,True,high_support_need
P004918,6,5,2,0,2026-01-13 07:47:23,2026-05-21 18:18:29,3,True,new
P004919,1,0,0,0,2026-03-31 11:04:09,2026-03-31 11:04:09,4,True,high_support_need
P004920,9,8,6,0,2026-01-12 08:47:41,2026-05-19 15:44:28,2,False,routine
P004921,4,4,1,0,2026-01-18 01:22:23,2026-05-02 08:16:29,4,False,new
P004923,3,2,0,0,2026-01-17 01:57:29,2026-04-26 14:55:38,4,True,routine
P004924,10,6,7,0,2026-01-04 16:50:52,2026-05-09 22:42:44,1,True,routine
P004925,4,4,0,0,2026-01-09 01:12:57,2026-03-28 07:43:54,3,True,routine
P004926,4,2,1,0,2026-01-25 09:46:26,2026-05-03 08:53:25,3,True,routine
P004928,1,0,0,0,2026-02-20 00:07:28,2026-02-20 00:07:28,4,True,new
P004929,8,4,5,1,2026-02-15 04:12:24,2026-05-30 14:23:18,1,False,routine
P004930,3,1,0,0,2026-02-10 01:36:49,2026-05-11 20:00:55,4,True,routine
P004931,3,2,1,0,2026-01-31 00:42:22,2026-04-25 22:35:09,3,True,routine
P004932,3,3,1,0,2026-01-06 05:09:00,2026-05-17 03:08:56,3,True,high_support_need
P004933,2,1,1,0,2026-05-12 22:47:53,2026-05-21 03:17:04,4,True,routine
P004934,3,2,1,0,2026-02-16 03:33:55,2026-04-25 06:08:11,3,True,new
P004935,3,3,1,0,2026-04-26 22:32:14,2026-05-25 14:03:15,3,True,routine
P004936,3,1,0,0,2026-01-28 17:21:43,2026-04-18 13:19:49,4,True,routine
P004937,3,1,0,0,2026-02-21 04:47:16,2026-04-10 19:12:46,4,True,routine
P004938,3,1,0,0,2026-03-16 07:50:08,2026-04-26 04:55:23,4,True,routine
P004939,3,2,0,0,2026-01-01 12:03:58,2026-04-22 22:01:21,4,False,routine
P004940,2,1,0,0,2026-02-11 06:03:53,2026-04-12 11:38:10,4,True,new
P004941,6,5,4,0,2026-02-04 04:30:21,2026-05-19 10:16:48,1,False,high_support_need
P004942,6,5,3,1,2026-01-07 01:48:32,2026-05-18 10:23:56,2,False,routine
P004943,4,3,1,0,2026-01-17 19:21:11,2026-03-22 12:51:57,2,True,routine
P004944,6,5,0,0,2026-01-09 21:49:48,2026-05-30 09:00:59,2,True,routine
P004945,1,0,0,0,2026-01-11 17:36:31,2026-01-11 17:36:31,4,True,routine
P004946,1,0,0,0,2026-05-25 06:04:49,2026-05-25 06:04:49,4,True,routine
P004947,2,2,0,0,2026-02-11 19:16:17,2026-04-05 06:34:59,4,True,routine
P004948,6,6,2,1,2026-01-16 20:47:15,2026-05-30 13:49:48,2,False,new
P004949,2,1,1,0,2026-01-15 01:26:03,2026-01-21 02:57:02,4,True,routine
P004950,4,3,0,1,2026-01-22 03:28:39,2026-05-24 10:59:18,4,False,routine
P004951,2,1,0,0,2026-02-27 15:12:18,2026-05-22 07:39:22,5,False,routine
P004952,4,3,0,0,2026-01-30 11:58:24,2026-05-25 20:20:58,2,True,routine
P004953,4,2,3,0,2026-03-02 17:07:05,2026-03-11 18:43:59,3,False,new
P004954,4,2,2,0,2026-02-03 00:33:21,2026-03-22 20:53:02,3,True,routine
P004955,3,1,0,0,2026-01-05 04:14:37,2026-04-17 21:00:57,5,True,high_support_need
P004956,4,3,0,0,2026-01-03 22:17:45,2026-05-09 13:27:35,3,True,routine
P004957,1,1,0,1,2026-04-17 19:28:53,2026-04-17 19:28:53,5,True,routine
P004958,1,1,0,0,2026-02-22 12:34:56,2026-02-22 12:34:56,5,False,new
P004959,5,2,2,0,2026-01-22 11:28:13,2026-05-21 17:16:27,2,False,routine
P004960,2,0,0,0,2026-04-28 03:29:27,2026-05-17 17:53:41,5,True,new
P004961,1,0,0,0,2026-05-26 02:14:04,2026-05-26 02:14:04,5,True,routine
P004962,4,1,2,0,2026-03-27 04:57:44,2026-05-06 19:02:39,4,True,routine
P004963,4,2,1,0,2026-01-14 13:11:03,2026-03-20 02:16:13,4,True,routine
P004964,4,3,0,0,2026-01-27 02:06:41,2026-05-28 18:31:35,4,True,routine
P004965,8,5,4,0,2026-01-07 11:23:24,2026-05-15 22:58:15,2,True,high_support_need
P004966,3,1,1,0,2026-02-16 19:29:25,2026-05-10 20:32:01,4,True,new
P004967,2,2,1,0,2026-01-04 13:51:57,2026-01-05 17:20:39,5,False,routine
P004968,4,2,1,0,2026-01-07 22:12:27,2026-05-23 06:23:25,4,False,routine
P004969,3,1,1,0,2026-03-19 04:38:56,2026-05-29 00:02:27,4,True,routine
P004970,6,5,3,0,2026-02-13 10:56:39,2026-05-11 13:18:46,2,False,routine
P004971,3,2,1,0,2026-01-19 05:58:32,2026-03-07 02:33:40,3,True,new
P004972,5,3,1,0,2026-01-20 04:06:04,2026-05-28 13:17:23,3,True,new
P004973,2,1,0,0,2026-03-12 23:43:41,2026-05-06 12:34:25,4,False,high_support_need
P004974,4,3,2,0,2026-01-17 18:35:19,2026-05-24 17:37:56,2,False,routine
P004975,3,3,0,1,2026-01-10 23:31:07,2026-03-02 01:55:23,4,True,routine
P004976,7,4,4,0,2026-01-08 18:16:17,2026-03-08 01:39:15,2,False,routine
P004977,4,3,0,0,2026-01-27 08:26:39,2026-05-07 19:50:13,3,True,routine
P004978,5,3,3,0,2026-01-07 17:34:42,2026-05-04 10:38:46,2,True,high_support_need
P004979,3,3,0,0,2026-01-07 01:39:27,2026-03-17 03:43:07,4,False,new
P004980,6,4,2,0,2026-01-10 21:43:17,2026-04-27 06:02:17,3,True,routine
P004981,5,4,3,0,2026-03-19 02:18:58,2026-05-20 18:21:32,3,True,routine
P004982,2,1,0,0,2026-03-21 14:28:52,2026-05-20 10:17:50,4,False,high_support_need
P004983,4,2,1,0,2026-01-29 11:26:00,2026-04-26 03:52:56,4,True,new
P004984,7,5,3,0,2026-02-17 11:39:13,2026-05-28 05:15:48,2,True,high_support_need
P004985,3,3,1,0,2026-02-20 07:56:13,2026-03-15 07:43:51,3,True,high_support_need
P004986,5,4,3,0,2026-01-19 00:46:04,2026-05-31 12:42:43,3,True,new
P004987,2,1,1,0,2026-01-20 21:03:08,2026-01-21 09:45:56,5,False,routine
P004988,1,1,0,0,2026-03-18 04:55:59,2026-03-18 04:55:59,4,True,high_support_need
P004989,4,2,1,1,2026-01-19 04:43:02,2026-04-03 00:49:07,5,True,high_support_need
P004990,2,1,0,0,2026-04-01 12:18:02,2026-04-29 01:38:58,3,True,routine
P004991,7,6,1,0,2026-01-05 00:02:30,2026-05-28 10:55:10,2,False,routine
P004992,2,2,0,0,2026-04-02 10:35:40,2026-05-28 10:55:51,4,True,new
P004993,5,2,2,0,2026-01-04 21:31:18,2026-05-29 08:25:40,2,True,high_support_need
P004994,3,3,0,1,2026-01-22 19:00:28,2026-04-08 13:28:06,4,False,routine
P004995,4,3,0,0,2026-01-19 03:37:14,2026-05-10 05:10:13,4,False,routine
P004996,6,5,2,0,2026-01-23 14:41:11,2026-05-17 18:01:51,3,True,routine
P004997,4,3,0,0,2026-01-29 11:26:07,2026-05-19 03:58:36,4,True,new
P004998,7,5,4,0,2026-01-12 01:00:26,2026-05-19 23:39:36,2,False,routine
P004999,2,2,1,0,2026-05-02 20:02:43,2026-05-08 07:11:57,4,True,routine
P005000,2,1,0,0,2026-02-02 14:46:11,2026-04-06 03:07:19,4,True,routine
P005001,1,1,0,0,2026-01-29 17:01:56,2026-01-29 17:01:56,4,True,new
P005002,2,2,0,0,2026-03-29 02:05:44,2026-05-28 17:17:09,4,True,new
P005003,3,3,0,0,2026-02-13 04:18:39,2026-04-27 14:10:41,3,True,new
P005004,5,5,1,0,2026-01-07 19:31:07,2026-04-26 13:38:50,3,False,routine
P005005,4,3,1,0,2026-01-06 06:51:54,2026-05-28 15:14:47,3,True,routine
P005006,6,4,3,0,2026-01-01 04:40:09,2026-05-17 03:46:00,2,True,routine
P005007,4,2,1,0,2026-01-20 06:48:29,2026-05-31 05:17:03,4,True,high_support_need
P005008,2,2,1,0,2026-01-01 06:10:52,2026-01-15 08:35:25,4,True,routine
P005009,9,7,5,0,2026-01-16 12:31:48,2026-05-28 03:23:24,2,False,routine
P005010,2,1,0,0,2026-02-24 04:18:57,2026-05-22 19:36:16,5,True,routine
P005011,4,3,0,1,2026-01-05 09:00:04,2026-05-04 09:50:40,3,True,new
P005012,2,2,0,0,2026-02-11 07:20:57,2026-03-27 22:47:30,3,True,new
P005013,8,3,7,0,2026-02-03 23:04:23,2026-03-23 22:44:13,2,False,routine
P005014,2,2,0,0,2026-04-08 01:37:19,2026-05-12 02:12:41,4,False,routine
P005015,5,2,2,0,2026-03-19 01:32:20,2026-05-26 19:48:36,3,True,routine
P005016,3,3,2,1,2026-01-16 02:25:00,2026-02-01 22:08:31,3,True,routine
P005017,6,4,4,0,2026-01-26 11:08:05,2026-03-23 05:25:10,3,False,routine
P005018,4,2,1,0,2026-02-10 22:15:31,2026-05-10 19:47:54,5,True,routine
P005019,1,0,0,0,2026-01-21 01:30:53,2026-01-21 01:30:53,5,True,high_support_need
P005020,3,2,1,0,2026-01-16 04:32:15,2026-05-14 04:20:07,3,True,routine
P005021,2,2,1,1,2026-05-04 00:46:19,2026-05-05 13:31:47,3,False,routine
P005022,9,7,4,1,2026-01-09 17:34:53,2026-05-18 18:24:30,2,False,routine
P005023,3,2,0,0,2026-02-06 09:28:16,2026-05-20 20:17:09,4,True,routine
P005024,5,5,0,0,2026-01-16 05:18:29,2026-04-30 06:22:56,3,False,new
P005025,8,5,4,0,2026-01-02 06:41:33,2026-04-01 14:39:20,1,False,routine
P005026,2,2,1,0,2026-01-13 21:09:14,2026-01-24 23:56:35,3,True,routine
P005027,6,2,1,0,2026-01-26 07:19:04,2026-05-27 02:26:36,3,True,routine
P005028,1,1,0,0,2026-05-25 12:57:29,2026-05-25 12:57:29,5,True,new
P005029,4,3,1,0,2026-01-29 11:23:28,2026-05-13 07:46:37,4,True,new
P005030,5,2,0,0,2026-01-16 04:40:02,2026-05-13 01:50:13,4,True,routine
P005031,1,0,0,0,2026-03-19 05:04:59,2026-03-19 05:04:59,4,True,routine
P005032,2,2,0,0,2026-02-05 02:25:54,2026-02-28 19:28:04,4,True,routine
P005033,5,4,1,1,2026-01-26 10:56:42,2026-03-26 20:41:43,2,True,routine
P005034,5,4,1,0,2026-01-24 09:13:20,2026-05-25 05:58:03,2,False,routine
P005035,3,3,1,0,2026-02-16 17:52:23,2026-04-19 20:49:05,2,False,routine
P005036,7,2,4,0,2026-01-05 04:30:46,2026-05-10 18:41:12,2,False,routine
P005037,4,3,1,0,2026-01-27 20:04:49,2026-04-14 11:28:14,4,True,routine
P005038,5,3,3,0,2026-03-19 00:48:56,2026-05-09 17:51:24,2,False,high_support_need
P005039,4,3,1,0,2026-02-23 12:59:58,2026-05-06 07:03:23,3,True,high_support_need
P005040,8,7,3,0,2026-02-16 06:29:58,2026-05-27 13:20:18,1,False,routine
P005041,5,4,2,1,2026-01-06 02:11:32,2026-05-22 21:07:37,3,True,routine
P005042,4,4,1,1,2026-02-25 15:39:58,2026-04-12 15:49:35,4,True,routine
P005043,5,3,2,0,2026-03-11 17:07:18,2026-05-30 22:20:27,4,True,routine
P005044,3,3,0,0,2026-01-21 04:44:21,2026-05-27 02:39:38,3,True,routine
P005045,4,4,1,1,2026-03-22 23:45:01,2026-05-29 07:43:22,3,False,routine
P005046,2,0,0,0,2026-03-04 15:35:35,2026-05-11 19:42:46,4,True,routine
P005047,5,3,2,0,2026-03-03 05:53:12,2026-05-27 16:14:58,3,False,high_support_need
P005049,4,1,0,0,2026-01-05 20:58:35,2026-05-04 06:07:44,4,False,high_support_need
P005050,2,1,0,0,2026-04-06 19:34:04,2026-04-23 08:57:01,4,True,routine
P005051,2,2,0,0,2026-03-03 05:33:58,2026-05-06 17:08:34,4,True,routine
P005052,2,1,1,0,2026-03-02 03:55:47,2026-03-09 16:39:31,4,False,new
P005053,5,3,1,0,2026-01-05 21:53:40,2026-04-26 04:32:25,3,False,high_support_need
P005054,5,4,0,0,2026-01-25 15:31:22,2026-05-07 05:02:20,4,True,routine
P005055,2,1,0,0,2026-03-07 19:20:11,2026-04-12 08:47:48,4,False,routine
P005056,4,2,1,0,2026-01-09 10:06:40,2026-05-18 20:19:05,3,False,routine
P005057,2,2,1,0,2026-05-28 23:18:13,2026-05-29 21:02:19,4,False,routine
P005058,6,4,2,0,2026-01-06 07:54:28,2026-03-15 04:29:32,3,True,routine
P005059,6,2,2,0,2026-01-23 11:10:13,2026-05-20 09:47:11,3,True,routine
P005060,5,1,1,1,2026-02-16 11:50:56,2026-05-10 12:16:31,4,True,routine
P005061,5,3,3,0,2026-02-18 10:03:58,2026-05-29 16:11:49,4,True,new
P005062,2,1,0,0,2026-02-14 21:31:17,2026-05-13 14:35:17,5,True,routine
P005063,2,0,0,0,2026-04-22 19:02:55,2026-05-11 00:26:50,4,True,routine
P005064,3,2,0,0,2026-02-27 17:23:53,2026-05-27 19:38:11,4,True,new
P005066,3,2,1,0,2026-03-01 12:35:20,2026-05-24 02:14:29,3,True,high_support_need
P005067,4,2,1,0,2026-01-22 00:07:33,2026-04-27 08:20:24,4,False,routine
P005068,5,3,2,0,2026-04-10 19:06:36,2026-05-27 04:33:47,3,False,new
P005069,3,3,0,0,2026-01-08 16:35:50,2026-03-04 20:09:14,4,True,routine
P005070,5,4,1,0,2026-01-18 04:27:16,2026-05-20 20:11:23,4,True,routine
P005071,2,0,1,0,2026-04-29 18:52:20,2026-05-07 11:49:39,5,True,routine
P005072,5,3,3,0,2026-03-24 01:00:46,2026-05-31 21:03:41,4,False,routine
P005073,6,3,1,0,2026-01-03 01:51:32,2026-04-26 21:32:46,3,True,new
P005074,6,3,2,0,2026-02-05 21:33:58,2026-05-24 16:48:19,3,True,high_support_need
P005075,1,1,0,0,2026-03-13 07:52:12,2026-03-13 07:52:12,4,True,new
P005076,5,3,0,1,2026-01-14 08:15:28,2026-05-23 07:44:38,4,True,routine
P005077,6,4,3,0,2026-02-09 21:58:07,2026-05-29 16:27:58,3,True,new
P005078,6,5,3,1,2026-01-17 23:31:10,2026-05-21 10:27:11,2,True,routine
P005079,3,3,0,0,2026-02-05 08:11:25,2026-03-27 23:26:44,4,True,routine
P005080,3,2,0,0,2026-02-26 07:16:36,2026-05-18 15:00:32,5,True,routine
P005081,6,3,2,0,2026-01-11 21:09:15,2026-05-25 03:40:33,3,False,routine
P005082,5,3,1,0,2026-03-04 09:12:13,2026-05-30 16:16:48,3,True,routine
P005083,5,4,1,0,2026-01-07 16:58:58,2026-03-24 13:54:53,3,False,routine
P005084,7,2,3,0,2026-02-25 00:12:15,2026-05-11 14:02:40,4,True,routine
P005085,2,1,0,0,2026-01-14 20:26:37,2026-02-21 10:26:30,4,True,routine
P005086,4,1,1,0,2026-04-02 13:12:47,2026-05-27 18:51:44,4,True,routine
P005087,3,1,1,0,2026-03-18 09:39:12,2026-05-29 05:01:06,4,False,routine
P005088,4,3,2,0,2026-01-01 05:10:18,2026-05-18 04:35:10,3,True,routine
P005089,3,1,1,0,2026-01-04 10:26:48,2026-04-25 19:07:46,4,True,routine
P005091,6,5,4,0,2026-01-02 19:24:41,2026-04-02 15:51:45,2,False,routine
P005092,2,1,0,0,2026-01-21 07:49:05,2026-04-29 18:13:02,4,True,high_support_need
P005093,4,2,2,0,2026-03-30 03:57:36,2026-05-02 15:50:02,4,False,new
P005094,4,2,1,1,2026-02-16 14:05:44,2026-05-25 13:07:51,2,True,routine
P005095,2,1,0,0,2026-01-20 21:57:37,2026-04-29 03:28:57,4,True,routine
P005096,2,2,0,0,2026-02-27 17:06:02,2026-04-23 13:33:20,4,True,new
P005097,3,2,0,0,2026-03-10 16:29:41,2026-05-21 18:53:53,4,False,high_support_need
P005098,6,4,4,1,2026-01-04 07:22:20,2026-04-23 14:43:58,2,True,new
P005099,4,2,1,0,2026-01-07 11:41:17,2026-05-13 07:01:29,4,True,new
P005100,3,2,0,0,2026-01-27 09:05:13,2026-05-31 21:56:28,3,True,routine
P005101,3,3,1,0,2026-03-25 21:36:05,2026-05-25 10:13:02,3,True,routine
P005102,4,2,1,1,2026-02-02 00:13:59,2026-04-13 08:04:58,4,True,high_support_need
P005103,4,3,3,0,2026-03-23 14:27:45,2026-04-19 21:14:40,3,True,routine
P005104,7,5,2,0,2026-01-15 15:13:25,2026-05-15 23:57:08,2,False,new
P005105,6,2,3,1,2026-01-19 14:33:07,2026-05-20 06:05:47,2,False,routine
P005106,3,2,0,0,2026-01-12 08:41:00,2026-05-02 16:13:24,4,True,routine
P005107,8,5,4,0,2026-01-16 13:32:28,2026-05-25 09:01:53,2,True,routine
P005108,5,2,1,0,2026-01-15 11:17:36,2026-05-14 23:26:00,4,True,high_support_need
P005109,2,2,0,0,2026-01-17 08:39:53,2026-04-24 00:21:06,4,False,routine
P005110,3,3,1,1,2026-02-24 12:43:55,2026-03-18 15:56:41,2,False,high_support_need
P005111,1,1,0,0,2026-03-31 22:26:49,2026-03-31 22:26:49,4,True,high_support_need
P005112,7,5,4,0,2026-01-09 22:02:24,2026-05-22 06:43:49,2,True,routine
P005114,3,3,0,0,2026-01-09 21:57:57,2026-05-06 18:26:49,4,True,routine
P005115,3,2,0,0,2026-01-07 17:53:47,2026-03-24 17:25:17,4,True,routine
P005116,12,8,6,0,2026-01-21 15:45:40,2026-05-31 19:28:53,2,False,routine
P005117,4,3,1,0,2026-01-23 16:27:16,2026-05-18 12:19:00,3,False,new
P005118,3,3,1,0,2026-02-24 06:44:44,2026-05-30 05:52:02,4,True,routine
P005119,3,3,0,1,2026-01-20 15:11:40,2026-04-21 19:19:28,3,True,high_support_need
P005120,4,4,1,0,2026-01-02 00:11:08,2026-04-22 17:38:07,3,True,routine
P005121,5,2,3,0,2026-01-24 18:39:02,2026-03-11 03:38:20,3,True,routine
P005122,5,3,1,0,2026-01-11 23:29:48,2026-05-02 17:45:38,4,True,routine
P005123,4,1,0,0,2026-01-08 12:22:43,2026-05-23 20:22:03,4,True,routine
P005124,3,2,1,0,2026-01-01 05:11:02,2026-04-03 04:17:33,3,False,routine
P005125,7,5,4,0,2026-01-02 21:14:41,2026-05-25 10:13:02,2,True,new
P005126,6,5,2,1,2026-01-28 15:38:06,2026-05-23 13:27:22,4,False,routine
P005127,2,0,1,0,2026-01-01 16:50:26,2026-01-10 11:25:59,4,True,routine
P005128,2,2,0,0,2026-04-26 18:53:06,2026-05-28 04:47:58,3,True,routine
P005129,4,2,1,0,2026-01-15 14:32:40,2026-05-19 07:28:24,4,True,routine
P005130,5,4,1,0,2026-01-12 06:39:39,2026-04-26 20:44:41,3,True,routine
P005131,2,0,1,0,2026-01-18 14:19:52,2026-01-23 08:56:43,5,True,routine
P005132,3,2,1,0,2026-04-04 10:21:03,2026-05-17 12:36:37,4,True,high_support_need
P005133,4,3,1,1,2026-01-15 03:50:18,2026-03-21 15:44:13,4,False,routine
P005134,3,1,0,0,2026-01-24 01:33:58,2026-05-30 21:28:21,4,True,new
P005135,3,2,1,0,2026-02-27 03:28:29,2026-05-10 16:56:54,4,True,new
P005136,1,0,0,0,2026-05-22 23:50:43,2026-05-22 23:50:43,4,True,routine
P005137,5,4,1,0,2026-01-10 12:21:37,2026-05-17 14:20:13,4,False,routine
P005138,4,3,0,0,2026-01-07 12:58:57,2026-04-03 00:31:52,4,False,high_support_need
P005139,5,4,2,0,2026-01-02 08:39:51,2026-05-28 11:25:05,2,False,routine
P005140,9,5,6,0,2026-02-14 05:24:46,2026-05-21 08:22:52,1,True,routine
P005141,2,2,1,0,2026-04-07 22:51:18,2026-04-15 21:33:06,4,True,routine
P005142,2,1,0,0,2026-01-11 08:35:11,2026-02-07 19:15:38,4,True,new
P005143,2,0,0,0,2026-04-14 17:06:11,2026-05-27 19:21:15,4,True,routine
P005144,2,2,0,0,2026-02-22 20:17:35,2026-03-26 16:09:30,4,True,routine
P005145,5,3,2,0,2026-01-07 22:04:21,2026-05-02 21:56:09,3,False,high_support_need
P005146,3,1,0,0,2026-01-13 04:11:15,2026-05-25 03:23:45,4,True,routine
P005147,2,1,0,0,2026-03-17 21:22:51,2026-04-21 01:50:58,5,True,routine
P005148,9,5,4,0,2026-01-13 06:38:42,2026-05-21 11:54:50,2,True,routine
P005149,1,0,0,0,2026-04-28 01:07:58,2026-04-28 01:07:58,5,True,routine
P005150,2,2,0,0,2026-01-17 20:24:39,2026-02-24 21:19:45,4,True,routine
P005151,4,1,1,0,2026-03-10 12:53:08,2026-05-26 01:02:53,4,True,routine
P005152,4,2,1,0,2026-01-09 17:25:42,2026-05-27 04:50:51,4,True,routine
P005153,7,6,5,1,2026-01-11 04:01:05,2026-04-20 10:49:57,2,False,routine
P005154,3,2,1,0,2026-01-26 23:40:17,2026-03-08 03:47:27,3,False,routine
P005155,7,6,2,0,2026-01-02 15:05:13,2026-05-14 18:55:12,1,True,routine
P005156,4,2,1,0,2026-01-16 09:38:33,2026-03-29 12:38:24,4,True,high_support_need
P005157,7,2,3,0,2026-01-16 05:23:41,2026-05-21 14:45:29,2,True,routine
P005158,3,2,0,0,2026-01-20 16:49:57,2026-05-16 18:35:00,5,True,routine
P005159,6,6,1,1,2026-01-03 04:22:39,2026-05-17 18:30:36,2,True,routine
P005160,3,3,0,0,2026-01-14 15:43:18,2026-03-22 13:27:16,3,True,routine
P005161,5,2,1,0,2026-01-25 00:17:16,2026-04-20 21:05:53,3,True,routine
P005162,3,2,0,0,2026-01-15 04:40:10,2026-03-07 06:01:51,4,True,routine
P005163,2,1,0,0,2026-01-30 08:53:03,2026-05-08 22:37:19,5,True,routine
P005164,3,2,0,0,2026-03-09 01:42:26,2026-05-24 22:35:22,3,True,routine
P005165,9,4,6,0,2026-01-09 06:12:34,2026-04-27 10:48:10,2,True,high_support_need
P005166,2,1,0,0,2026-01-20 23:08:50,2026-02-07 13:26:01,5,True,routine
P005167,3,1,0,0,2026-01-15 04:29:36,2026-03-04 05:17:14,4,False,high_support_need
P005168,4,2,1,0,2026-03-02 00:41:59,2026-05-23 13:35:46,2,True,routine
P005169,3,3,0,0,2026-02-07 00:52:24,2026-05-18 02:03:16,3,True,new
P005170,1,0,0,0,2026-04-15 04:00:19,2026-04-15 04:00:19,5,True,routine
P005171,1,0,0,0,2026-03-22 09:03:53,2026-03-22 09:03:53,5,True,routine
P005172,9,8,4,0,2026-01-04 23:58:19,2026-05-24 05:19:45,2,True,high_support_need
P005173,3,2,0,0,2026-01-13 13:08:11,2026-05-01 21:07:14,5,False,routine
P005174,6,2,3,0,2026-02-17 22:23:56,2026-04-22 13:13:52,3,True,new
P005175,5,4,0,0,2026-01-12 02:46:04,2026-05-21 16:28:37,4,True,routine
P005176,2,0,0,0,2026-03-10 23:55:20,2026-05-10 19:39:33,4,True,routine
P005177,4,1,0,0,2026-02-08 20:49:34,2026-04-23 19:33:00,4,False,routine
P005178,4,2,1,0,2026-02-22 02:10:55,2026-04-28 11:40:45,4,True,high_support_need
P005179,6,4,2,0,2026-01-09 14:36:17,2026-05-13 15:27:13,2,True,routine
P005180,4,3,2,0,2026-01-20 05:19:20,2026-05-12 16:45:19,3,False,routine
P005181,9,4,6,0,2026-01-06 13:20:56,2026-05-28 17:58:00,2,False,new
P005182,4,3,0,0,2026-01-21 09:28:38,2026-05-15 03:48:45,4,True,routine
P005183,3,1,1,0,2026-02-08 22:03:52,2026-03-08 05:07:12,4,True,routine
P005184,2,1,0,1,2026-03-29 13:50:13,2026-05-16 08:59:06,4,True,routine
P005185,2,1,0,0,2026-03-05 02:48:21,2026-05-24 13:24:00,4,True,routine
P005186,3,1,1,0,2026-03-18 04:55:59,2026-04-30 23:10:32,5,True,high_support_need
P005187,8,5,4,1,2026-01-03 04:47:00,2026-04-26 09:59:06,2,False,new
P005188,7,5,3,2,2026-01-08 10:48:44,2026-05-10 20:07:49,2,True,new
P005189,5,5,3,0,2026-04-12 22:00:26,2026-05-30 22:08:36,2,True,routine
P005190,3,2,0,0,2026-01-22 13:57:03,2026-05-22 07:29:03,3,True,routine
P005191,7,4,5,0,2026-02-02 05:28:03,2026-05-26 09:43:25,2,False,routine
P005192,6,5,2,0,2026-02-06 20:47:53,2026-05-28 13:14:03,1,True,new
P005193,2,1,0,0,2026-04-24 22:50:46,2026-05-18 13:24:47,4,True,routine
P005194,3,1,1,0,2026-01-07 22:13:10,2026-04-04 16:47:28,4,True,routine
P005195,3,1,0,0,2026-03-07 02:09:56,2026-05-27 19:00:24,4,True,new
P005196,3,2,0,0,2026-03-15 09:26:44,2026-05-29 12:10:33,4,True,routine
P005197,3,2,1,0,2026-02-10 18:00:01,2026-05-01 07:37:16,3,True,routine
P005198,4,1,0,0,2026-02-07 20:47:50,2026-05-29 13:32:15,4,False,routine
P005199,5,4,1,0,2026-01-05 23:26:22,2026-05-29 03:40:21,3,True,routine
P005200,2,2,1,0,2026-01-06 14:14:54,2026-01-17 16:01:43,3,True,new
P005201,5,3,2,0,2026-01-17 10:46:24,2026-03-10 12:50:08,3,False,routine
P005202,8,6,5,0,2026-01-10 00:42:44,2026-05-12 01:12:12,1,True,routine
P005203,5,2,1,0,2026-01-13 17:08:45,2026-04-28 08:59:29,3,True,routine
P005204,3,2,0,0,2026-02-18 02:27:12,2026-05-12 23:53:22,5,True,routine
P005205,4,3,1,0,2026-01-01 03:53:30,2026-05-19 04:14:34,4,True,routine
P005206,2,2,0,0,2026-01-04 11:48:29,2026-02-17 15:23:34,5,True,routine
P005207,5,5,1,1,2026-01-05 17:06:57,2026-05-12 22:41:55,3,True,new
P005208,2,1,0,0,2026-02-04 20:34:12,2026-02-20 11:25:18,4,True,routine
P005209,2,1,0,0,2026-01-02 09:31:54,2026-05-22 18:20:05,4,True,new
P005210,3,3,0,0,2026-02-13 02:26:33,2026-04-25 07:48:56,3,True,new
P005211,2,2,0,0,2026-01-05 22:40:59,2026-02-11 01:34:42,4,True,high_support_need
P005212,5,2,2,0,2026-02-04 10:40:41,2026-04-29 14:16:20,3,True,routine
P005213,7,5,3,0,2026-01-03 16:16:09,2026-05-08 08:38:54,2,True,routine
P005214,3,2,2,0,2026-04-07 20:57:07,2026-04-22 00:01:13,3,False,routine
P005215,4,4,1,0,2026-02-28 16:05:47,2026-05-14 04:30:24,3,True,routine
P005216,4,2,1,0,2026-01-03 11:51:42,2026-03-08 15:37:01,4,True,routine
P005217,1,1,0,0,2026-01-02 11:42:30,2026-01-02 11:42:30,4,True,routine
P005218,8,6,5,0,2026-01-29 11:56:56,2026-05-13 22:26:24,2,False,routine
P005219,2,2,0,0,2026-04-16 02:24:41,2026-05-25 02:22:40,5,True,routine
P005220,2,1,0,0,2026-04-16 15:53:43,2026-05-11 02:41:40,4,True,routine
P005221,4,3,1,0,2026-01-15 21:18:51,2026-04-13 19:15:10,3,False,routine
P005222,3,1,1,0,2026-02-05 19:38:16,2026-03-14 15:30:18,4,True,routine
P005223,2,2,0,0,2026-03-01 09:27:10,2026-04-09 05:25:05,4,True,routine
P005224,9,6,6,1,2026-02-01 17:39:58,2026-05-12 07:59:23,1,True,routine
P005225,7,6,4,1,2026-01-28 21:36:39,2026-05-30 07:07:18,2,False,routine
P005226,6,4,2,0,2026-01-21 00:08:13,2026-04-22 19:53:07,3,False,routine
P005227,5,1,2,0,2026-03-09 12:47:50,2026-05-21 10:17:39,4,True,routine
P005228,4,2,0,0,2026-01-15 12:51:32,2026-05-27 14:15:06,4,True,routine
P005229,1,1,0,0,2026-02-19 16:41:00,2026-02-19 16:41:00,4,True,routine
P005230,2,1,0,0,2026-02-10 08:03:21,2026-04-24 00:47:22,5,True,routine
P005231,5,5,1,0,2026-01-08 11:13:22,2026-05-29 03:49:59,3,False,new
P005232,5,4,3,0,2026-01-07 20:17:16,2026-04-25 04:21:19,2,True,routine
P005233,6,2,1,0,2026-01-27 22:18:11,2026-05-17 12:51:25,4,False,new
P005234,2,1,1,0,2026-01-01 04:46:25,2026-01-07 20:31:13,4,False,routine
P005235,4,3,3,0,2026-05-10 03:45:54,2026-05-30 20:52:39,3,True,routine
P005236,3,2,1,0,2026-01-16 09:15:37,2026-04-12 21:06:19,4,True,routine
P005237,3,3,0,1,2026-01-18 12:58:38,2026-03-24 17:08:04,4,True,routine
P005238,6,2,1,0,2026-02-15 08:34:44,2026-05-31 21:22:32,3,True,routine
P005239,4,1,2,0,2026-02-01 04:45:39,2026-04-21 08:30:43,4,True,routine
P005240,3,1,0,0,2026-02-27 09:47:14,2026-05-03 23:12:56,4,True,routine
P005241,5,2,2,0,2026-01-13 01:07:33,2026-05-25 18:56:49,3,True,routine
P005243,7,4,3,0,2026-01-27 07:25:32,2026-05-22 20:50:32,3,False,high_support_need
P005244,3,1,0,0,2026-02-05 10:30:28,2026-03-15 19:02:17,4,True,new
P005245,10,6,6,0,2026-01-27 12:15:13,2026-05-11 21:34:07,2,True,new
P005246,8,4,3,0,2026-01-17 19:27:18,2026-05-15 09:35:55,2,False,high_support_need
P005247,1,1,0,0,2026-04-16 21:43:11,2026-04-16 21:43:11,3,True,routine
P005248,2,1,0,0,2026-01-25 01:03:57,2026-03-10 18:37:50,5,True,high_support_need
P005249,5,3,3,0,2026-01-18 11:10:51,2026-04-17 16:52:02,3,True,routine
P005250,5,5,3,0,2026-02-09 09:05:10,2026-03-28 21:38:12,3,False,routine
P005251,2,0,0,0,2026-02-20 12:15:21,2026-04-20 17:50:44,5,True,new
P005252,8,6,5,1,2026-01-26 12:16:00,2026-05-05 20:21:50,1,False,routine
P005253,2,1,1,0,2026-05-04 00:42:55,2026-05-17 09:51:03,4,False,high_support_need
P005254,3,1,0,0,2026-01-29 17:27:51,2026-04-26 22:24:50,4,True,routine
P005255,2,2,1,0,2026-04-02 19:27:05,2026-04-09 15:48:53,4,False,routine
P005256,3,2,0,0,2026-02-04 00:52:14,2026-04-24 22:08:34,4,True,new
P005257,7,3,4,0,2026-02-15 20:41:57,2026-04-27 13:55:42,2,False,routine
P005258,5,2,1,0,2026-01-06 20:52:24,2026-03-30 18:45:40,3,True,new
P005259,2,2,1,0,2026-02-21 22:48:56,2026-03-01 13:12:46,3,True,new
P005260,2,2,0,0,2026-01-01 05:52:53,2026-02-19 02:37:13,3,True,routine
P005261,5,5,3,0,2026-01-18 00:52:23,2026-03-18 13:05:23,1,False,high_support_need
P005262,6,5,4,1,2026-01-09 16:18:10,2026-05-18 14:10:08,2,True,routine
P005263,6,6,4,0,2026-01-22 08:16:32,2026-04-06 01:23:44,2,True,routine
P005264,1,1,0,0,2026-02-02 19:50:10,2026-02-02 19:50:10,5,True,high_support_need
P005265,2,0,0,0,2026-02-16 22:19:11,2026-04-28 04:58:25,5,False,routine
P005266,2,2,0,0,2026-04-06 17:46:37,2026-05-02 17:25:14,4,True,high_support_need
P005267,6,4,3,0,2026-02-15 21:20:46,2026-05-17 00:17:41,2,True,routine
P005268,6,2,3,0,2026-01-04 03:04:44,2026-04-30 04:56:41,3,True,routine
P005269,3,1,0,0,2026-01-15 16:06:24,2026-04-08 05:58:22,4,True,routine
P005270,9,6,5,0,2026-01-07 17:20:44,2026-04-24 09:54:37,2,False,routine
P005271,2,1,0,0,2026-03-10 18:58:19,2026-04-06 04:03:58,4,True,routine
P005272,6,3,2,0,2026-01-21 10:11:39,2026-03-30 16:03:28,4,True,routine
P005273,4,4,1,0,2026-02-07 22:33:14,2026-04-28 23:43:38,3,True,routine
P005274,1,1,0,0,2026-02-10 04:47:56,2026-02-10 04:47:56,4,True,new
P005275,5,4,1,0,2026-02-17 11:32:55,2026-05-17 01:00:59,3,False,new
P005276,7,6,4,0,2026-01-27 14:09:48,2026-05-11 03:27:29,1,False,routine
P005277,1,1,0,0,2026-01-22 23:43:15,2026-01-22 23:43:15,4,True,new
P005278,5,3,1,0,2026-01-09 15:08:24,2026-05-22 14:16:18,3,True,new
P005279,6,3,1,0,2026-01-24 00:01:03,2026-05-17 07:37:44,3,True,new
P005280,3,2,0,0,2026-01-01 06:25:40,2026-03-06 02:16:21,3,True,routine
P005281,2,2,0,1,2026-01-16 07:19:30,2026-03-15 00:20:06,4,True,routine
P005282,6,4,3,0,2026-01-17 13:47:44,2026-05-07 22:02:58,1,False,routine
P005283,2,1,0,0,2026-01-25 01:33:21,2026-03-15 04:18:23,4,True,routine
P005284,2,1,0,0,2026-01-22 16:01:21,2026-04-17 23:21:12,4,True,high_support_need
P005285,4,2,1,0,2026-01-27 04:56:47,2026-05-16 21:36:53,3,True,routine
P005286,5,3,2,0,2026-01-30 09:31:02,2026-05-16 09:31:29,3,True,high_support_need
P005287,3,2,0,1,2026-03-18 20:07:36,2026-05-27 03:08:44,3,True,routine
P005288,3,3,0,0,2026-01-09 11:02:51,2026-03-25 09:04:07,3,True,high_support_need
P005289,3,1,1,0,2026-01-31 15:27:59,2026-04-17 05:41:29,4,False,high_support_need
P005290,1,1,0,0,2026-03-17 22:40:07,2026-03-17 22:40:07,4,True,routine
P005292,4,2,1,0,2026-01-07 20:29:29,2026-05-25 07:49:19,4,True,routine
P005293,6,5,4,0,2026-01-28 21:03:12,2026-05-31 04:35:02,2,True,routine
P005294,7,6,2,0,2026-01-05 21:11:04,2026-05-24 10:55:35,2,True,high_support_need
P005295,4,4,2,0,2026-01-04 04:15:22,2026-02-09 00:00:04,2,False,routine
P005296,4,3,1,0,2026-01-08 06:20:54,2026-04-24 21:54:36,2,True,routine
P005297,5,4,1,0,2026-01-02 19:19:05,2026-05-10 15:06:35,4,True,routine
P005298,8,6,3,1,2026-01-09 16:56:37,2026-05-04 04:41:45,2,False,routine
P005299,2,0,1,0,2026-02-05 05:31:55,2026-02-05 09:11:08,4,True,routine
P005300,4,1,1,0,2026-03-20 10:29:37,2026-05-27 09:28:23,4,True,routine
P005301,2,2,0,0,2026-01-30 19:12:08,2026-05-02 23:16:19,3,True,routine
P005302,3,1,0,0,2026-01-24 01:56:02,2026-03-18 11:58:38,4,False,routine
P005303,4,2,1,0,2026-02-06 12:42:24,2026-04-01 01:30:11,5,True,routine
P005304,3,0,0,0,2026-03-02 18:38:07,2026-05-25 11:41:45,5,True,new
P005305,5,3,2,0,2026-01-15 13:37:01,2026-04-23 06:45:03,4,True,high_support_need
P005306,4,1,1,0,2026-03-09 12:08:13,2026-05-28 20:21:19,4,True,new
P005307,2,1,1,0,2026-05-16 15:12:35,2026-05-20 19:17:05,4,True,routine
P005308,3,2,1,0,2026-02-17 21:39:11,2026-05-30 16:28:36,3,True,new
P005309,1,0,0,0,2026-01-21 19:53:52,2026-01-21 19:53:52,4,True,new
P005310,7,3,5,0,2026-01-29 18:06:05,2026-05-23 18:01:08,1,True,routine
P005311,4,3,1,0,2026-01-10 07:04:05,2026-05-22 18:10:59,3,True,routine
P005312,6,4,3,0,2026-02-16 04:45:56,2026-05-20 07:31:10,2,True,routine
P005313,4,2,1,0,2026-02-20 00:32:22,2026-04-29 12:32:07,3,False,routine
P005314,7,4,5,2,2026-01-18 11:31:56,2026-04-04 20:18:54,2,False,routine
P005315,4,3,2,0,2026-01-12 12:38:05,2026-05-25 08:37:00,4,False,routine
P005316,3,3,0,0,2026-02-12 19:15:47,2026-05-24 00:17:17,3,True,routine
P005317,7,7,2,1,2026-01-16 12:16:38,2026-05-30 21:50:23,1,False,new
P005318,2,0,0,0,2026-02-23 05:13:26,2026-03-24 14:09:33,5,True,routine
P005319,3,1,0,0,2026-02-03 12:12:27,2026-05-26 01:23:29,4,True,routine
P005320,4,3,0,0,2026-01-27 01:31:37,2026-05-29 02:07:15,3,False,high_support_need
P005321,6,3,1,0,2026-01-06 14:00:36,2026-05-23 20:33:57,4,False,routine
P005322,1,1,0,0,2026-01-23 03:11:06,2026-01-23 03:11:06,4,True,routine
P005323,6,4,3,0,2026-02-06 16:24:33,2026-04-25 23:31:40,2,False,high_support_need
P005324,6,5,1,0,2026-01-31 07:22:38,2026-05-17 05:14:18,1,True,routine
P005325,3,1,1,0,2026-04-12 23:48:37,2026-05-21 23:29:19,4,True,routine
P005326,5,3,0,0,2026-01-12 04:44:06,2026-05-28 16:01:14,3,True,new
P005327,4,3,1,1,2026-01-11 12:00:11,2026-05-14 10:09:39,4,True,high_support_need
P005328,7,4,3,1,2026-02-10 20:19:16,2026-05-18 06:24:34,2,True,routine
P005329,5,3,0,0,2026-01-05 10:53:30,2026-05-01 13:54:55,4,True,routine
P005330,4,3,2,0,2026-01-15 08:10:56,2026-03-05 18:19:46,3,True,routine
P005331,4,2,2,0,2026-01-19 21:25:15,2026-05-25 03:43:34,3,True,routine
P005332,1,1,0,0,2026-05-25 09:48:50,2026-05-25 09:48:50,5,True,routine
P005333,5,4,2,0,2026-01-09 01:23:50,2026-05-26 21:29:58,2,True,routine
P005334,5,5,2,0,2026-01-22 06:19:06,2026-05-09 22:22:35,2,False,routine
P005335,5,4,2,0,2026-01-22 04:24:25,2026-05-04 13:44:15,3,False,new
P005336,2,2,0,0,2026-01-06 05:22:14,2026-04-30 12:37:57,4,True,routine
P005337,3,2,1,0,2026-03-10 23:32:42,2026-05-05 16:14:34,4,True,new
P005338,4,4,1,1,2026-03-22 14:07:06,2026-05-10 15:15:51,3,False,high_support_need
P005339,3,2,0,0,2026-02-11 19:55:01,2026-05-19 10:36:42,4,True,routine
P005340,1,0,0,0,2026-01-04 09:59:42,2026-01-04 09:59:42,5,True,high_support_need
P005341,4,3,2,0,2026-02-10 20:50:14,2026-03-12 01:33:34,3,True,routine
P005342,3,3,1,0,2026-03-13 23:08:22,2026-04-05 17:17:58,3,True,new
P005343,6,4,3,0,2026-01-22 07:22:36,2026-05-08 18:58:48,3,False,new
P005344,1,1,0,0,2026-05-20 00:05:14,2026-05-20 00:05:14,5,True,routine
P005345,4,3,0,0,2026-01-10 10:28:59,2026-04-09 14:29:36,4,True,routine
P005346,2,1,0,0,2026-01-13 21:17:50,2026-04-27 08:33:35,4,True,routine
P005347,1,0,0,0,2026-01-11 04:56:02,2026-01-11 04:56:02,5,True,routine
P005348,3,1,0,0,2026-02-21 03:06:05,2026-04-24 18:57:49,4,True,new
P005349,2,1,0,0,2026-02-01 03:09:12,2026-04-24 05:49:02,5,True,routine
P005350,5,4,0,0,2026-01-06 02:18:01,2026-05-30 12:27:52,4,True,high_support_need
P005351,5,3,2,0,2026-01-30 10:33:27,2026-05-23 20:26:23,3,False,new
P005352,4,4,1,0,2026-01-15 17:05:43,2026-04-24 16:56:05,3,True,routine
P005353,2,1,0,0,2026-01-20 19:26:20,2026-03-05 18:42:37,3,True,routine
P005354,5,3,4,1,2026-04-04 11:14:09,2026-05-04 20:44:57,2,False,routine
P005355,3,2,0,0,2026-01-12 15:33:00,2026-05-07 20:45:10,4,True,new
P005356,6,3,2,0,2026-01-07 14:20:06,2026-04-16 03:51:58,4,True,routine
P005357,6,5,3,0,2026-01-10 04:22:39,2026-04-05 11:51:40,3,False,routine
P005358,5,1,2,0,2026-01-10 12:25:48,2026-04-09 04:32:41,4,False,routine
P005359,4,3,0,0,2026-01-20 12:04:16,2026-04-17 05:38:32,4,False,routine
P005360,5,4,2,0,2026-01-07 08:00:32,2026-05-29 19:23:55,3,True,new
P005361,1,1,0,0,2026-01-18 09:44:53,2026-01-18 09:44:53,4,True,high_support_need
P005362,1,0,0,0,2026-02-16 11:45:42,2026-02-16 11:45:42,5,True,high_support_need
P005363,4,3,1,0,2026-01-25 00:06:38,2026-05-01 13:52:14,4,True,high_support_need
P005364,6,6,2,0,2026-01-03 13:51:22,2026-05-03 00:26:07,2,False,routine
P005365,5,4,1,1,2026-01-06 02:17:04,2026-05-22 18:29:54,4,True,high_support_need
P005366,1,1,0,0,2026-04-21 08:17:08,2026-04-21 08:17:08,5,True,new
P005367,8,6,3,0,2026-01-06 17:17:52,2026-05-31 20:44:14,1,False,routine
P005368,4,4,3,0,2026-04-05 02:11:00,2026-04-18 18:02:13,4,True,routine
P005369,4,2,0,1,2026-02-02 12:46:58,2026-05-29 05:03:55,4,True,routine
P005370,5,3,1,1,2026-01-06 11:14:40,2026-05-24 12:01:46,2,True,routine
P005371,6,5,1,0,2026-02-12 20:53:29,2026-05-20 01:35:09,2,True,new
P005372,3,3,1,0,2026-02-15 04:27:21,2026-03-23 02:04:58,3,True,routine
P005373,3,2,0,0,2026-01-07 22:58:45,2026-04-04 23:27:10,4,True,new
P005374,4,2,1,0,2026-01-20 17:35:28,2026-05-22 09:18:09,3,True,high_support_need
P005375,6,5,2,0,2026-01-19 10:16:50,2026-05-03 16:41:04,2,False,routine
P005376,5,3,3,0,2026-02-23 08:32:30,2026-05-01 22:15:24,3,True,routine
P005377,4,2,2,0,2026-02-18 00:42:37,2026-05-11 01:26:57,3,True,routine
P005378,3,1,0,0,2026-02-15 13:35:41,2026-04-15 03:26:01,5,False,routine
P005379,7,3,3,0,2026-02-07 10:23:34,2026-05-16 15:50:15,2,True,routine
P005380,8,5,4,1,2026-01-23 15:11:09,2026-05-04 17:59:00,1,False,routine
P005381,4,3,2,0,2026-02-14 15:53:50,2026-05-28 17:03:26,3,True,new
P005382,7,4,3,0,2026-01-07 04:00:35,2026-05-26 01:42:40,2,True,routine
P005383,6,4,2,0,2026-01-04 16:07:57,2026-05-12 19:50:41,2,True,routine
P005384,6,3,2,0,2026-01-15 09:52:21,2026-05-27 13:47:28,1,True,routine
P005385,2,1,0,0,2026-02-06 23:33:02,2026-05-26 01:20:41,4,True,routine
P005386,4,2,0,0,2026-02-08 19:48:13,2026-05-09 04:27:52,4,True,new
P005387,2,2,0,0,2026-01-24 12:18:55,2026-02-12 13:18:28,3,True,new
P005388,5,4,3,0,2026-03-07 18:21:24,2026-05-04 19:03:06,2,False,routine
P005389,2,2,0,0,2026-01-08 17:32:43,2026-05-21 19:59:38,4,False,routine
P005390,4,3,2,1,2026-04-11 13:11:27,2026-05-16 15:34:44,4,True,new
P005391,3,2,0,0,2026-02-23 16:30:52,2026-05-13 10:50:53,4,True,new
P005392,5,3,1,0,2026-01-03 17:10:23,2026-05-01 06:26:47,3,True,new
P005393,5,3,2,0,2026-01-25 03:41:06,2026-05-15 06:51:01,3,True,routine
P005394,4,3,1,0,2026-01-10 12:52:49,2026-04-17 05:25:49,3,True,routine
P005395,7,6,5,0,2026-02-05 09:25:59,2026-04-21 19:40:42,1,False,routine
P005396,5,3,2,0,2026-03-05 20:24:18,2026-05-25 17:47:32,2,True,high_support_need
P005397,4,2,2,0,2026-01-10 08:57:09,2026-05-31 01:26:48,5,False,routine
P005398,5,3,1,0,2026-02-18 15:03:43,2026-05-22 12:21:41,3,True,routine
P005399,8,5,3,0,2026-01-08 12:01:34,2026-05-28 02:30:09,2,True,routine
P005400,5,3,0,0,2026-01-08 18:02:14,2026-05-14 12:37:52,4,True,new
P005401,2,2,0,0,2026-03-13 23:20:24,2026-04-16 05:19:54,3,True,high_support_need
P005402,4,3,2,1,2026-01-12 20:36:55,2026-05-24 16:55:58,3,True,routine
P005403,3,2,1,0,2026-01-04 13:38:57,2026-03-15 13:14:45,2,True,routine
P005404,4,2,1,0,2026-02-12 09:22:35,2026-05-05 01:50:11,4,True,routine
P005405,2,0,0,0,2026-02-02 09:15:13,2026-05-08 16:08:30,4,True,routine
P005406,4,2,1,0,2026-01-28 10:41:45,2026-03-28 06:40:13,4,True,routine
P005407,4,4,1,0,2026-03-07 16:56:41,2026-05-31 01:49:32,3,True,routine
P005408,3,1,1,0,2026-01-08 17:30:06,2026-02-02 23:43:16,4,True,routine
P005409,3,3,0,1,2026-02-24 21:25:22,2026-05-14 07:18:49,4,True,routine
P005410,3,3,1,0,2026-01-30 07:15:43,2026-03-11 16:31:16,3,True,new
P005411,6,4,1,0,2026-01-15 10:13:58,2026-05-19 06:23:14,2,True,high_support_need
P005412,5,4,1,0,2026-01-02 13:15:01,2026-05-28 23:16:52,2,True,routine
P005413,3,3,1,0,2026-01-26 16:07:20,2026-02-25 04:52:51,3,True,routine
P005414,4,2,2,0,2026-02-17 13:32:34,2026-04-24 20:08:49,5,True,routine
P005415,3,1,0,0,2026-01-12 21:03:42,2026-04-10 19:33:11,5,True,new
P005416,5,4,2,0,2026-01-25 21:48:14,2026-05-05 01:54:39,3,True,routine
P005417,4,2,1,0,2026-02-02 04:59:10,2026-04-15 20:05:58,4,True,routine
P005418,7,5,2,0,2026-01-17 01:41:33,2026-05-02 23:04:45,1,False,high_support_need
P005419,5,4,1,1,2026-01-06 15:15:55,2026-05-06 14:14:07,2,False,routine
P005420,4,2,1,0,2026-02-01 17:05:37,2026-04-28 12:20:13,4,True,high_support_need
P005421,5,5,1,0,2026-01-19 22:07:49,2026-05-21 09:36:29,2,True,routine
P005422,2,1,1,0,2026-02-12 19:20:54,2026-02-21 08:46:38,5,True,routine
P005423,3,1,1,0,2026-02-07 23:41:23,2026-03-27 03:35:57,4,False,high_support_need
P005424,5,3,2,0,2026-01-12 01:51:32,2026-04-21 12:48:24,2,True,high_support_need
P005425,8,5,3,0,2026-01-03 21:45:00,2026-05-27 02:15:26,2,True,routine
P005426,4,2,0,0,2026-01-02 23:15:59,2026-05-25 08:46:45,4,True,routine
P005427,8,5,3,0,2026-01-16 02:39:26,2026-05-20 08:06:03,2,False,routine
P005428,7,6,3,0,2026-01-17 20:40:19,2026-05-23 02:39:16,2,True,new
P005429,5,2,2,0,2026-01-06 08:11:36,2026-03-13 11:02:31,4,True,routine
P005430,7,6,3,0,2026-01-30 07:43:54,2026-05-29 23:32:34,2,False,routine
P005431,6,4,3,0,2026-01-20 15:02:12,2026-05-31 09:29:40,2,False,high_support_need
P005432,1,1,0,0,2026-03-16 13:13:22,2026-03-16 13:13:22,4,True,routine
P005433,6,5,2,0,2026-01-23 15:22:18,2026-05-13 05:08:09,3,False,routine
P005434,4,3,0,0,2026-01-04 12:58:29,2026-04-27 05:53:58,4,True,high_support_need
P005435,3,2,0,0,2026-02-11 16:31:37,2026-04-14 23:18:24,3,True,new
P005436,2,1,0,0,2026-01-19 11:42:46,2026-03-09 16:46:56,5,True,high_support_need
P005437,4,2,1,0,2026-02-02 04:03:48,2026-05-15 03:43:16,4,True,routine
P005438,6,4,2,0,2026-01-15 17:08:43,2026-05-28 20:16:51,2,False,new
P005439,5,3,3,0,2026-02-08 08:24:03,2026-05-28 15:12:08,3,True,high_support_need
P005440,3,1,0,0,2026-01-15 08:10:32,2026-03-21 17:07:32,4,True,routine
P005441,6,5,4,0,2026-01-07 23:39:15,2026-03-27 17:17:21,2,False,routine
P005442,2,1,0,0,2026-04-03 11:59:55,2026-05-09 11:55:25,5,True,high_support_need
P005443,2,0,0,0,2026-01-24 08:25:46,2026-04-05 23:24:40,4,True,routine
P005444,4,1,0,0,2026-01-06 23:57:26,2026-04-05 17:29:05,3,True,routine
P005445,4,2,0,0,2026-01-07 13:23:12,2026-05-03 18:08:03,4,True,routine
P005446,4,2,2,0,2026-01-27 15:09:45,2026-03-22 16:19:05,3,False,routine
P005447,3,3,0,0,2026-01-25 14:11:51,2026-05-15 18:50:21,4,True,routine
P005448,3,2,0,0,2026-01-20 17:39:48,2026-05-12 02:41:40,4,False,routine
P005449,2,1,0,0,2026-01-16 15:27:51,2026-02-05 10:09:35,4,True,routine
P005450,5,3,2,0,2026-02-18 16:02:15,2026-04-14 03:38:26,3,False,routine
P005451,8,6,3,0,2026-02-04 23:06:15,2026-05-31 22:26:34,2,False,routine
P005452,1,1,0,0,2026-05-14 23:40:32,2026-05-14 23:40:32,5,True,routine
P005453,1,1,0,0,2026-02-26 12:51:42,2026-02-26 12:51:42,5,True,new
P005454,5,3,2,0,2026-01-19 17:58:17,2026-05-16 00:27:21,3,True,new
P005455,5,3,1,0,2026-01-09 11:22:34,2026-05-22 02:31:10,4,False,new
P005456,3,2,0,1,2026-01-21 15:06:08,2026-05-21 17:03:03,4,True,new
P005457,3,1,2,0,2026-05-01 01:49:18,2026-05-25 10:47:23,3,True,new
P005458,5,2,2,0,2026-01-10 04:38:40,2026-05-04 13:40:39,3,True,routine
P005459,3,1,1,0,2026-02-23 10:55:16,2026-03-15 03:15:37,4,True,high_support_need
P005461,2,2,0,1,2026-02-25 04:27:16,2026-05-10 05:42:36,3,True,new
P005462,5,3,1,0,2026-03-09 16:03:36,2026-05-19 08:06:07,3,False,routine
P005463,4,3,1,0,2026-01-25 01:13:05,2026-04-26 16:17:02,3,True,routine
P005464,3,2,1,1,2026-01-06 15:41:59,2026-04-29 10:07:17,4,False,routine
P005465,7,6,3,0,2026-01-13 22:26:15,2026-05-27 08:30:30,2,False,routine
P005466,7,5,3,0,2026-01-13 06:46:24,2026-05-14 05:59:20,1,True,new
P005467,2,1,0,0,2026-02-03 12:06:03,2026-05-15 00:15:43,4,True,routine
P005468,3,2,1,0,2026-01-04 07:05:36,2026-02-09 06:13:45,4,True,new
P005469,4,2,0,0,2026-01-28 15:12:24,2026-05-20 14:04:48,4,True,routine
P005470,1,1,0,0,2026-04-16 13:01:05,2026-04-16 13:01:05,4,True,new
P005471,3,1,0,0,2026-01-08 10:16:04,2026-04-07 22:44:02,4,True,routine
P005472,5,3,1,0,2026-01-18 23:16:38,2026-05-21 07:11:11,3,True,routine
P005473,7,3,2,0,2026-01-19 05:36:05,2026-05-28 05:08:06,3,True,routine
P005474,6,5,3,1,2026-01-03 20:13:43,2026-05-30 04:02:51,2,False,routine
P005475,4,2,1,0,2026-01-25 04:18:42,2026-03-31 23:47:58,5,True,new
P005476,6,6,2,1,2026-03-15 05:46:20,2026-05-22 21:35:00,2,False,high_support_need
P005477,3,3,0,0,2026-03-14 15:04:22,2026-05-18 21:27:00,3,True,high_support_need
P005478,3,2,0,0,2026-01-11 07:57:39,2026-04-22 22:47:33,3,True,routine
P005479,4,4,0,0,2026-01-26 00:30:09,2026-05-08 00:47:54,4,False,new
P005480,7,6,2,0,2026-01-27 20:48:45,2026-05-18 11:01:12,2,True,routine
P005481,2,0,0,0,2026-04-03 23:11:35,2026-05-02 04:43:58,4,True,routine
P005482,3,1,1,0,2026-01-20 04:12:17,2026-05-12 18:12:12,5,True,routine
P005483,6,4,2,0,2026-02-19 21:39:07,2026-05-27 04:38:16,3,True,routine
P005484,3,2,1,0,2026-02-03 13:05:54,2026-03-16 02:09:01,5,True,routine
P005485,4,3,1,0,2026-03-13 23:32:40,2026-05-19 10:27:32,4,True,high_support_need
P005486,8,6,4,0,2026-01-31 03:50:06,2026-05-23 11:13:54,1,False,routine
P005487,5,2,3,0,2026-02-07 06:07:58,2026-04-06 06:34:23,3,True,new
P005489,3,0,1,0,2026-03-15 05:47:09,2026-05-10 23:10:07,4,True,routine
P005490,3,2,0,0,2026-01-15 02:03:46,2026-05-13 10:56:44,4,True,routine
P005491,3,3,1,0,2026-03-28 04:38:16,2026-05-25 20:00:29,3,True,new
P005492,6,0,2,0,2026-01-07 12:19:16,2026-03-26 15:18:23,3,True,routine
P005493,3,3,0,0,2026-03-03 08:03:15,2026-05-15 01:11:36,3,False,routine
P005494,6,2,3,1,2026-01-29 05:51:54,2026-05-14 04:33:20,3,True,routine
P005495,5,3,2,0,2026-01-09 21:35:06,2026-05-12 12:09:30,3,True,routine
P005496,4,2,1,0,2026-03-09 09:21:23,2026-05-30 21:25:11,3,True,routine
P005497,5,5,3,0,2026-02-10 07:23:51,2026-04-18 01:35:36,2,False,routine
P005498,9,5,5,0,2026-01-11 20:55:14,2026-04-27 00:12:51,1,False,high_support_need
P005499,7,3,2,0,2026-01-01 22:07:47,2026-04-29 01:49:39,2,True,routine
P005500,7,4,2,0,2026-01-05 16:30:41,2026-05-09 00:59:14,2,False,routine
P005501,8,5,5,0,2026-01-09 00:38:58,2026-04-03 11:26:16,1,False,routine
P005502,4,2,1,0,2026-03-15 00:33:46,2026-05-05 04:51:06,3,True,new
P005503,6,5,1,0,2026-01-04 10:41:28,2026-05-09 10:37:59,2,False,new
P005504,2,2,0,0,2026-04-27 00:34:34,2026-05-15 01:03:19,4,True,routine
P005505,3,3,1,0,2026-02-03 03:02:47,2026-03-14 17:42:34,3,True,routine
P005506,6,5,3,0,2026-01-08 04:30:04,2026-04-17 04:08:31,2,True,routine
P005507,3,3,1,0,2026-02-11 16:15:24,2026-04-17 09:08:25,2,True,routine
P005508,5,4,1,0,2026-01-18 03:45:36,2026-04-04 18:26:39,4,False,new
P005509,2,1,1,0,2026-04-23 21:39:15,2026-04-28 17:56:47,4,False,high_support_need
P005510,2,2,0,0,2026-01-16 18:22:58,2026-02-28 23:58:20,4,True,high_support_need
P005511,6,4,3,0,2026-01-12 14:07:49,2026-05-10 10:53:48,3,False,new
P005512,3,2,0,0,2026-01-04 03:36:30,2026-05-29 16:33:40,4,True,routine
P005513,3,3,2,0,2026-05-10 18:02:20,2026-05-24 21:29:44,3,False,routine
P005514,4,1,1,0,2026-01-08 23:40:49,2026-04-04 17:22:34,4,True,new
P005515,6,3,4,0,2026-02-02 21:21:26,2026-05-25 18:40:54,2,False,high_support_need
P005516,4,4,0,1,2026-01-29 11:48:40,2026-05-30 21:45:09,3,True,high_support_need
P005517,2,2,0,0,2026-01-26 18:59:35,2026-05-09 04:42:55,3,True,new
P005518,1,1,0,0,2026-03-21 10:20:28,2026-03-21 10:20:28,3,True,new
P005519,1,1,0,0,2026-01-18 22:31:04,2026-01-18 22:31:04,4,True,routine
P005520,7,2,3,0,2026-01-06 06:13:36,2026-05-26 00:22:03,3,True,routine
P005521,4,2,2,0,2026-02-28 16:53:46,2026-04-25 00:21:49,4,True,new
P005522,6,5,2,0,2026-01-27 09:34:19,2026-05-11 01:50:48,2,True,routine
P005523,3,3,0,0,2026-01-19 22:16:06,2026-05-31 07:18:34,4,False,routine
P005524,3,3,1,0,2026-02-19 20:00:39,2026-03-19 09:21:01,4,True,routine
P005525,2,2,0,0,2026-04-18 02:11:55,2026-05-29 03:34:45,4,True,new
P005526,6,3,2,0,2026-01-22 15:03:52,2026-05-28 11:34:03,2,True,routine
P005527,1,1,0,0,2026-01-17 00:44:58,2026-01-17 00:44:58,4,True,routine
P005528,2,2,0,0,2026-02-13 06:52:10,2026-03-11 20:00:30,4,True,routine
P005529,4,2,1,0,2026-01-19 02:30:08,2026-05-16 13:03:28,4,True,high_support_need
P005530,4,3,2,0,2026-01-01 14:25:01,2026-04-04 04:08:49,3,True,routine
P005531,5,3,2,0,2026-01-03 07:18:01,2026-05-01 16:27:10,3,True,routine
P005532,5,5,2,0,2026-01-23 13:46:00,2026-03-24 21:13:30,3,False,routine
P005533,4,2,0,0,2026-01-29 13:14:26,2026-04-30 08:55:46,4,True,routine
P005534,5,1,1,0,2026-01-16 10:48:24,2026-04-29 09:54:01,5,True,new
P005535,5,3,2,1,2026-03-14 09:03:34,2026-05-24 13:59:12,2,True,routine
P005536,3,2,0,0,2026-01-15 00:47:54,2026-04-12 12:04:32,4,False,routine
P005537,7,6,2,0,2026-01-09 12:09:12,2026-05-27 04:32:19,1,False,routine
P005538,5,3,3,0,2026-03-03 02:22:34,2026-04-21 11:30:04,3,True,routine
P005539,8,7,4,1,2026-01-13 22:27:01,2026-05-17 04:22:23,2,True,new
P005540,3,2,1,0,2026-02-24 11:52:40,2026-04-11 20:09:36,4,False,high_support_need
P005541,4,2,1,0,2026-01-03 01:53:04,2026-05-02 07:04:22,4,True,routine
P005542,7,3,3,0,2026-01-09 23:15:58,2026-05-20 16:50:58,2,True,high_support_need
P005543,8,5,2,0,2026-01-15 04:04:09,2026-05-29 10:23:21,3,True,routine
P005544,8,6,3,1,2026-01-10 19:46:20,2026-04-24 17:09:40,1,False,new
P005545,2,1,0,0,2026-01-14 14:09:41,2026-04-19 00:48:32,3,True,new
P005546,3,3,1,0,2026-02-20 09:05:13,2026-05-20 19:18:47,3,False,new
P005547,1,1,0,0,2026-02-06 09:45:12,2026-02-06 09:45:12,3,True,routine
P005549,3,3,1,1,2026-02-28 19:42:01,2026-03-24 04:57:45,4,False,routine
P005550,4,2,0,0,2026-02-05 19:51:18,2026-05-30 23:55:08,4,True,routine
P005551,4,3,1,0,2026-01-12 17:07:28,2026-05-12 01:41:38,4,True,routine
P005552,3,0,1,0,2026-02-24 02:19:06,2026-04-04 17:41:40,4,True,routine
P005553,7,3,4,0,2026-02-18 05:46:25,2026-05-22 15:30:25,2,True,routine
P005554,4,1,2,0,2026-01-02 10:06:25,2026-02-15 01:35:57,4,True,routine
P005555,4,4,1,0,2026-01-17 19:28:47,2026-03-21 10:59:01,3,True,routine
P005556,2,1,0,0,2026-01-08 17:34:08,2026-03-30 12:49:46,4,True,new
P005557,3,2,1,0,2026-03-03 00:13:50,2026-05-22 21:14:54,4,True,new
P005558,2,2,1,0,2026-03-18 17:16:31,2026-03-22 06:06:58,3,False,routine
P005559,4,4,0,0,2026-01-07 23:14:32,2026-04-20 16:39:13,2,True,routine
P005560,4,2,1,0,2026-01-24 09:47:54,2026-05-01 04:56:12,3,True,high_support_need
P005561,5,4,1,0,2026-01-19 01:48:45,2026-05-22 10:55:33,2,True,new
P005562,1,0,0,0,2026-01-09 08:55:53,2026-01-09 08:55:53,4,True,routine
P005563,4,3,0,0,2026-01-16 16:13:14,2026-05-30 16:56:50,4,False,routine
P005564,5,3,1,0,2026-02-11 00:47:24,2026-05-08 13:27:32,3,False,routine
P005565,2,2,1,0,2026-01-29 13:26:15,2026-02-02 15:49:27,4,True,routine
P005566,3,2,0,0,2026-03-03 14:06:22,2026-04-04 09:21:36,5,False,routine
P005567,4,1,0,0,2026-01-03 02:12:07,2026-05-25 15:01:06,4,True,routine
P005568,4,4,1,0,2026-01-30 12:57:40,2026-05-15 14:33:56,2,True,routine
P005569,1,0,0,0,2026-02-22 14:29:56,2026-02-22 14:29:56,5,True,high_support_need
P005570,5,3,1,0,2026-02-05 19:42:48,2026-05-14 13:45:46,3,False,routine
P005571,3,1,1,0,2026-03-02 17:18:57,2026-05-18 14:09:05,3,True,routine
P005572,5,4,3,0,2026-01-11 05:38:02,2026-03-12 04:04:53,1,True,routine
P005573,4,4,1,0,2026-01-09 10:19:23,2026-04-18 08:36:47,3,True,routine
P005574,2,1,0,0,2026-02-21 23:14:05,2026-05-01 03:42:46,4,True,routine
P005575,2,1,1,0,2026-03-24 00:36:30,2026-04-04 01:28:55,4,True,routine
P005577,4,4,2,0,2026-01-30 22:21:00,2026-03-20 15:04:39,3,True,routine
P005578,4,2,1,1,2026-01-22 07:39:48,2026-05-06 02:06:56,3,True,routine
P005579,4,3,1,0,2026-01-04 22:23:34,2026-04-08 17:56:18,3,True,routine
P005580,6,5,1,0,2026-01-06 13:02:17,2026-04-15 14:29:43,2,True,new
P005581,3,3,0,0,2026-01-27 03:35:23,2026-03-27 13:45:47,4,True,routine
P005582,1,1,0,0,2026-01-06 22:51:40,2026-01-06 22:51:40,5,True,routine
P005583,5,4,1,0,2026-01-18 14:36:39,2026-05-28 19:05:11,2,True,routine
P005584,5,3,1,0,2026-01-19 00:53:25,2026-05-15 11:24:46,3,True,routine
P005585,3,3,1,0,2026-01-02 08:33:28,2026-03-16 02:37:50,4,False,high_support_need
P005586,4,4,0,0,2026-03-04 02:11:30,2026-05-26 14:09:53,4,False,routine
P005587,4,1,2,0,2026-01-12 15:53:35,2026-03-22 16:09:28,5,True,routine
P005588,5,4,2,0,2026-03-12 16:15:55,2026-05-26 02:19:18,3,True,routine
P005589,5,3,2,0,2026-02-05 06:45:57,2026-05-10 09:39:16,2,True,routine
P005590,3,2,1,0,2026-04-05 02:03:30,2026-04-28 12:05:42,3,True,routine
P005591,4,4,1,0,2026-02-03 19:42:04,2026-05-02 01:41:54,4,True,routine
P005592,3,2,1,0,2026-04-13 17:10:18,2026-05-20 00:04:39,5,True,routine
P005593,4,3,2,0,2026-01-18 09:45:31,2026-03-03 01:23:24,2,False,routine
P005594,6,4,3,0,2026-01-12 11:49:32,2026-04-30 16:33:11,2,True,high_support_need
P005595,2,1,0,0,2026-01-23 19:24:39,2026-05-15 13:41:26,5,True,routine
P005596,5,2,2,0,2026-02-04 04:41:50,2026-04-28 17:16:07,4,True,routine
P005597,1,1,0,0,2026-04-09 11:38:41,2026-04-09 11:38:41,5,True,routine
P005598,3,3,0,1,2026-02-20 19:15:12,2026-05-17 16:00:24,3,True,routine
P005599,5,2,2,0,2026-01-01 00:10:00,2026-05-15 22:09:37,3,True,routine
P005600,4,4,2,0,2026-03-13 17:45:04,2026-05-30 18:13:32,3,True,new
P005601,4,3,0,0,2026-01-15 03:10:43,2026-05-10 19:39:21,3,True,routine
P005602,6,2,3,0,2026-03-15 09:50:01,2026-05-04 17:28:28,4,True,new
P005603,4,2,0,0,2026-02-27 18:46:07,2026-05-14 07:33:33,4,True,new
P005604,4,1,1,0,2026-03-03 19:07:33,2026-05-15 20:07:37,4,True,routine
P005605,1,0,0,0,2026-03-30 04:02:51,2026-03-30 04:02:51,4,True,new
P005606,8,4,5,0,2026-01-13 13:27:09,2026-03-29 04:03:52,2,False,new
P005607,4,2,2,0,2026-01-18 18:58:53,2026-03-04 00:03:40,3,True,routine
P005608,3,3,0,0,2026-02-08 20:03:36,2026-03-30 03:50:33,4,False,routine
P005609,3,3,1,0,2026-01-18 23:52:38,2026-04-13 15:43:25,3,True,routine
P005610,6,4,3,0,2026-02-23 21:13:25,2026-05-30 01:39:38,2,True,routine
P005611,7,6,3,0,2026-02-16 12:02:43,2026-05-26 05:48:32,2,False,routine
P005612,3,2,1,0,2026-01-24 03:38:52,2026-04-11 06:46:00,4,False,routine
P005613,1,1,0,0,2026-05-19 11:15:37,2026-05-19 11:15:37,4,True,new
P005614,5,3,1,0,2026-01-28 09:15:58,2026-04-19 01:18:14,3,True,routine
P005615,5,2,1,0,2026-02-14 09:48:58,2026-05-12 04:27:32,4,True,new
P005616,1,1,0,0,2026-04-09 01:06:50,2026-04-09 01:06:50,4,True,new
P005617,5,5,1,0,2026-02-22 11:14:29,2026-05-22 06:57:52,2,True,routine
P005618,4,2,1,0,2026-01-20 07:29:53,2026-05-24 10:42:20,4,True,routine
P005619,5,3,2,0,2026-01-15 13:27:45,2026-04-01 23:18:58,3,True,routine
P005620,1,1,0,0,2026-05-06 11:18:47,2026-05-06 11:18:47,4,True,routine
P005621,2,1,0,0,2026-01-18 22:59:15,2026-05-04 00:44:56,4,True,routine
P005622,8,6,5,0,2026-02-05 10:04:25,2026-05-03 23:00:05,1,False,new
P005623,2,0,0,0,2026-01-13 18:46:21,2026-03-02 08:08:52,4,True,routine
P005624,3,2,1,0,2026-03-16 13:15:36,2026-04-24 22:35:59,3,False,routine
P005625,5,5,1,0,2026-01-30 19:13:13,2026-05-17 21:07:15,3,False,routine
P005626,4,2,0,0,2026-01-03 02:24:53,2026-04-22 14:25:58,4,True,new
P005627,7,4,3,0,2026-01-02 18:33:39,2026-05-31 09:22:53,3,False,routine
P005628,6,4,2,0,2026-01-24 04:53:39,2026-05-30 02:02:20,2,False,new
P005629,6,5,4,1,2026-02-20 18:18:54,2026-04-10 22:00:12,1,False,routine
P005630,3,2,0,0,2026-01-01 02:52:37,2026-04-06 16:34:43,3,True,routine
P005631,1,1,0,0,2026-03-25 15:43:55,2026-03-25 15:43:55,4,True,routine
P005632,7,3,3,0,2026-01-03 05:31:45,2026-05-26 01:51:06,2,True,routine
P005633,6,6,4,0,2026-03-08 04:22:34,2026-04-26 21:52:19,2,True,routine
P005634,4,1,2,0,2026-01-03 14:12:06,2026-02-17 19:23:08,4,False,routine
P005635,4,3,1,0,2026-01-17 02:17:14,2026-03-08 03:56:58,3,False,routine
P005636,5,4,0,0,2026-01-16 02:59:18,2026-05-23 04:19:27,3,False,routine
P005637,6,5,4,0,2026-01-06 12:43:45,2026-05-20 09:37:36,2,True,routine
P005638,3,3,0,0,2026-02-18 11:02:58,2026-04-27 07:08:52,4,True,routine
P005639,1,1,0,0,2026-01-10 13:44:29,2026-01-10 13:44:29,4,True,new
P005640,2,2,0,0,2026-02-27 14:20:14,2026-05-30 21:03:44,4,True,new
P005641,4,3,0,0,2026-02-15 06:09:03,2026-05-25 01:32:37,3,True,new
P005642,4,3,2,0,2026-03-16 23:23:16,2026-05-31 12:01:02,1,False,high_support_need
P005643,4,3,1,0,2026-02-20 17:58:00,2026-05-23 17:41:23,3,True,high_support_need
P005644,1,1,0,0,2026-03-20 15:56:32,2026-03-20 15:56:32,5,True,routine
P005645,9,7,3,0,2026-01-05 22:09:24,2026-05-20 21:36:16,2,False,routine
P005646,5,4,2,0,2026-01-04 19:27:53,2026-03-01 13:06:42,4,True,routine
P005647,6,3,2,0,2026-01-09 02:33:04,2026-04-11 01:40:51,3,True,routine
P005648,4,2,1,0,2026-01-13 19:14:36,2026-03-25 03:16:42,4,True,routine
P005650,6,4,2,0,2026-01-09 19:08:49,2026-03-16 20:57:02,3,False,new
P005651,4,1,1,0,2026-04-03 20:06:15,2026-05-23 03:31:03,4,False,routine
P005652,2,0,0,0,2026-03-07 03:13:10,2026-04-15 14:51:21,5,True,routine
P005653,6,4,3,0,2026-01-15 12:24:03,2026-05-09 10:03:02,3,False,routine
P005654,3,2,0,1,2026-01-11 17:19:34,2026-03-01 00:43:22,5,False,routine
P005655,3,2,1,1,2026-01-17 01:17:41,2026-04-14 09:10:49,4,True,new
P005656,2,1,1,0,2026-03-24 19:22:16,2026-03-30 13:41:27,5,True,routine
P005657,2,1,0,0,2026-02-05 16:14:13,2026-03-31 16:53:50,5,True,routine
P005658,3,3,2,0,2026-05-05 00:27:03,2026-05-21 10:18:58,3,False,high_support_need
P005659,4,3,1,0,2026-03-23 16:12:01,2026-05-22 12:28:42,3,False,routine
P005660,6,2,3,0,2026-01-28 09:06:24,2026-05-17 01:56:09,3,False,routine
P005661,4,4,2,0,2026-01-15 10:55:23,2026-02-16 16:09:26,3,True,high_support_need
P005662,6,6,1,1,2026-03-02 11:10:25,2026-05-31 18:58:11,2,False,routine
P005663,7,5,3,0,2026-01-02 03:42:49,2026-04-29 20:21:27,2,False,routine
P005664,4,3,1,0,2026-02-14 02:06:24,2026-05-09 05:24:34,3,True,routine
P005665,3,3,0,0,2026-02-02 21:03:32,2026-05-27 11:55:07,3,True,high_support_need
P005666,10,6,6,1,2026-01-12 09:19:24,2026-05-30 17:40:57,2,False,routine
P005667,4,3,0,0,2026-01-17 03:45:50,2026-05-14 14:38:47,3,False,new
P005668,3,1,0,0,2026-02-28 11:22:04,2026-04-21 13:02:24,5,True,routine
P005669,4,2,2,1,2026-02-27 01:17:06,2026-04-04 17:42:24,3,True,new
P005670,4,2,1,0,2026-02-17 07:28:43,2026-04-28 12:03:34,4,True,new
P005671,5,4,1,0,2026-02-26 03:34:35,2026-05-19 14:23:27,3,False,routine
P005672,3,2,0,0,2026-01-11 10:07:05,2026-05-18 05:54:16,4,True,routine
P005673,6,4,3,0,2026-01-03 14:35:34,2026-05-19 06:46:02,2,False,routine
P005674,8,7,4,0,2026-01-07 08:02:35,2026-05-05 21:51:08,2,True,new
P005675,3,3,0,1,2026-01-21 07:00:48,2026-05-23 21:28:54,3,True,routine
P005676,2,2,0,1,2026-02-17 02:32:14,2026-03-12 03:00:44,4,True,new
P005677,2,2,1,0,2026-02-10 05:54:48,2026-02-22 14:03:54,4,False,high_support_need
P005678,2,1,0,0,2026-01-18 01:03:29,2026-02-22 06:43:50,5,True,high_support_need
P005679,6,4,2,0,2026-01-25 13:25:37,2026-05-01 16:54:38,2,True,routine
P005680,3,1,0,0,2026-01-01 12:56:36,2026-04-30 12:22:44,4,True,new
P005681,4,3,0,0,2026-01-14 15:58:16,2026-05-03 17:48:43,3,False,routine
P005682,7,3,3,1,2026-01-30 12:57:46,2026-05-09 18:02:45,2,False,new
P005683,6,4,3,0,2026-01-27 06:33:00,2026-05-08 14:40:53,2,True,routine
P005684,4,3,1,0,2026-02-01 21:29:10,2026-05-08 04:25:36,5,False,routine
P005685,2,0,0,0,2026-02-19 10:00:43,2026-03-19 12:20:39,4,True,routine
P005686,3,3,2,0,2026-03-31 11:44:28,2026-04-16 00:40:19,3,False,routine
P005687,4,2,1,0,2026-01-03 13:40:34,2026-03-08 08:24:47,4,True,high_support_need
P005688,4,3,0,0,2026-02-28 21:04:34,2026-05-16 10:50:02,3,True,high_support_need
P005689,1,0,0,0,2026-02-19 00:09:45,2026-02-19 00:09:45,5,True,routine
P005690,3,2,1,0,2026-03-25 13:56:10,2026-05-29 07:35:47,3,True,high_support_need
P005691,5,2,2,0,2026-02-13 15:22:01,2026-04-30 15:53:42,4,True,new
P005692,4,2,2,0,2026-02-24 14:19:25,2026-05-04 12:54:09,4,True,high_support_need
P005693,5,4,2,0,2026-01-26 21:56:42,2026-05-12 04:37:44,3,True,high_support_need
P005694,5,2,1,0,2026-01-16 02:03:44,2026-04-07 18:35:23,2,True,new
P005695,3,2,0,0,2026-01-02 17:34:30,2026-05-08 12:46:43,3,True,routine
P005696,5,3,2,0,2026-01-08 23:54:27,2026-05-20 09:59:38,4,True,routine
P005697,4,3,0,0,2026-01-05 08:16:02,2026-05-03 13:36:21,3,False,routine
P005698,3,2,0,0,2026-03-02 23:45:24,2026-05-22 09:35:33,4,True,routine
P005699,1,0,0,0,2026-05-27 10:33:44,2026-05-27 10:33:44,5,True,routine
P005700,8,5,3,0,2026-01-16 13:32:49,2026-05-08 15:41:56,2,True,routine
P005701,3,3,1,1,2026-03-07 21:21:11,2026-04-04 20:20:20,3,True,new
P005702,1,0,0,0,2026-05-06 13:13:32,2026-05-06 13:13:32,5,True,routine
P005703,2,1,0,0,2026-01-12 04:42:55,2026-04-25 05:11:52,4,True,routine
P005704,5,3,2,0,2026-01-28 08:21:08,2026-05-14 02:35:49,3,True,routine
P005705,3,1,1,0,2026-01-29 05:46:19,2026-04-12 21:14:01,4,True,routine
P005706,4,2,0,0,2026-01-31 20:19:33,2026-05-03 16:56:23,4,True,routine
P005707,4,4,1,0,2026-02-03 06:47:21,2026-05-26 22:42:05,3,False,high_support_need
P005708,1,1,0,0,2026-03-04 05:45:44,2026-03-04 05:45:44,4,True,routine
P005709,4,3,1,0,2026-02-05 17:08:50,2026-04-16 08:07:58,4,True,routine
P005710,8,4,6,0,2026-01-03 12:40:19,2026-04-21 23:22:38,2,True,routine
P005711,5,5,3,0,2026-01-07 04:56:18,2026-03-23 22:37:03,3,False,high_support_need
P005712,3,2,1,0,2026-04-02 06:03:01,2026-05-20 05:37:48,3,False,high_support_need
P005713,5,5,3,0,2026-01-14 10:58:19,2026-04-04 04:41:48,2,False,new
P005714,5,1,3,0,2026-01-26 17:49:25,2026-03-01 23:31:12,3,False,high_support_need
P005715,1,0,0,0,2026-04-10 21:01:43,2026-04-10 21:01:43,3,True,routine
P005716,6,4,2,0,2026-01-18 05:34:48,2026-05-10 02:40:08,3,True,routine
P005717,4,4,1,1,2026-02-09 04:58:29,2026-04-27 14:46:58,3,True,routine
P005718,6,5,3,1,2026-01-04 07:33:24,2026-04-03 09:02:05,1,True,new
P005719,2,1,0,0,2026-02-27 14:29:31,2026-04-21 22:43:19,5,True,high_support_need
P005720,3,2,0,0,2026-03-03 00:49:48,2026-05-26 12:30:16,4,True,new
P005721,1,0,0,0,2026-03-01 19:01:09,2026-03-01 19:01:09,4,True,routine
P005722,6,3,2,0,2026-01-01 06:56:44,2026-04-23 00:43:24,3,True,new
P005723,2,0,1,0,2026-03-09 06:11:00,2026-03-14 11:52:05,4,True,routine
P005724,5,3,3,1,2026-01-06 19:17:39,2026-03-19 07:00:39,3,False,new
P005725,4,3,0,0,2026-01-21 11:46:33,2026-04-19 15:38:17,5,True,high_support_need
P005726,5,4,2,0,2026-02-03 23:25:14,2026-04-24 20:09:58,3,False,routine
P005727,3,3,0,0,2026-01-10 23:44:22,2026-04-22 14:24:52,3,False,routine
P005728,4,3,2,0,2026-03-08 01:13:37,2026-04-13 06:10:33,3,True,routine
P005729,6,4,3,1,2026-01-04 06:10:34,2026-05-03 09:09:07,2,True,new
P005730,4,4,1,0,2026-02-07 06:40:25,2026-05-13 05:51:46,3,True,routine
P005731,7,4,3,1,2026-02-04 14:29:55,2026-05-25 03:00:42,2,True,new
P005732,6,4,3,0,2026-03-11 16:58:57,2026-05-18 12:21:53,3,True,routine
P005733,3,2,0,0,2026-02-24 13:53:21,2026-04-30 10:53:00,3,True,routine
P005734,4,3,1,0,2026-01-17 01:23:06,2026-05-27 04:34:46,3,False,routine
P005735,5,4,1,0,2026-01-12 15:23:06,2026-04-23 18:54:33,2,False,routine
P005736,3,3,1,0,2026-01-25 09:06:54,2026-05-20 21:10:25,4,True,routine
P005737,2,0,0,0,2026-03-11 08:55:58,2026-04-24 17:35:44,5,True,new
P005738,3,2,1,0,2026-03-15 09:23:07,2026-04-20 11:21:47,4,True,new
P005739,2,2,0,0,2026-02-14 16:09:54,2026-05-29 15:56:04,4,True,routine
P005740,6,2,1,0,2026-01-23 04:08:58,2026-05-20 10:43:37,3,False,routine
P005741,3,1,0,0,2026-01-08 16:22:04,2026-04-18 17:10:10,5,True,routine
P005742,3,2,1,0,2026-03-14 12:00:51,2026-04-04 16:59:48,3,True,high_support_need
P005743,4,3,0,0,2026-01-23 03:47:28,2026-05-11 17:34:05,4,True,routine
P005744,6,5,1,0,2026-01-12 09:09:03,2026-05-22 01:14:58,3,True,routine
P005745,5,5,2,0,2026-01-29 12:13:03,2026-05-10 02:49:50,3,True,routine
P005746,2,2,0,0,2026-05-01 18:24:11,2026-05-19 18:44:28,4,True,new
P005747,1,0,0,0,2026-03-15 11:43:19,2026-03-15 11:43:19,4,True,new
P005748,3,1,1,0,2026-03-03 03:00:54,2026-05-10 21:51:17,4,True,high_support_need
P005749,5,4,1,0,2026-01-21 07:56:12,2026-05-23 15:25:29,3,True,routine
P005750,4,3,1,0,2026-02-13 06:09:51,2026-04-16 15:08:27,3,True,new
P005751,5,3,3,1,2026-01-25 18:43:48,2026-05-25 12:52:19,4,True,routine
P005752,6,6,2,0,2026-01-17 20:37:04,2026-05-26 00:39:24,2,True,routine
P005753,4,4,0,1,2026-01-14 06:40:49,2026-05-29 08:22:11,3,True,routine
P005754,6,3,2,0,2026-01-04 00:24:34,2026-04-23 01:10:46,3,False,new
P005755,3,2,0,0,2026-01-13 19:21:13,2026-05-31 19:44:39,4,True,routine
P005756,3,3,1,0,2026-04-07 01:38:32,2026-05-21 01:20:00,3,True,routine
P005757,2,2,0,0,2026-03-07 11:45:47,2026-03-24 18:05:12,3,False,routine
P005758,5,1,1,0,2026-01-01 02:43:46,2026-05-28 23:39:34,4,True,routine
P005759,6,5,2,0,2026-01-05 00:36:43,2026-04-11 09:41:00,3,True,new
P005760,5,4,3,0,2026-03-12 09:52:51,2026-05-31 05:46:54,3,False,routine
P005761,2,2,0,0,2026-01-06 08:05:07,2026-02-10 17:36:36,4,True,high_support_need
P005762,3,3,1,0,2026-04-07 10:46:52,2026-05-03 18:48:13,3,True,routine
P005763,7,4,3,0,2026-01-08 16:39:18,2026-04-13 14:48:08,2,True,routine
P005764,3,3,0,0,2026-02-03 16:27:22,2026-04-24 05:46:57,4,True,new
P005765,2,2,0,1,2026-02-24 11:34:09,2026-03-23 19:33:40,4,False,routine
P005766,3,2,1,0,2026-02-14 14:23:02,2026-04-08 12:02:44,4,True,high_support_need
P005767,3,3,0,0,2026-01-08 12:57:02,2026-05-29 15:50:55,3,True,routine
P005768,3,2,0,0,2026-02-08 09:33:06,2026-05-01 03:41:58,4,False,routine
P005769,2,1,1,0,2026-04-19 12:25:58,2026-04-20 19:39:17,5,True,routine
P005770,3,1,1,0,2026-01-08 09:43:00,2026-04-04 02:53:50,2,True,routine
P005771,3,1,1,0,2026-02-26 16:43:27,2026-04-04 03:46:06,4,True,new
P005772,4,0,0,0,2026-02-06 16:49:29,2026-04-26 23:08:54,4,True,routine
P005773,5,4,2,0,2026-01-15 09:56:51,2026-05-24 00:27:15,4,False,routine
P005774,2,1,0,0,2026-01-17 09:20:43,2026-04-14 04:13:54,4,True,routine
P005775,4,3,1,0,2026-02-10 01:34:38,2026-05-10 16:00:12,2,True,routine
P005776,3,3,1,0,2026-04-09 17:50:29,2026-05-22 05:16:52,4,True,routine
P005777,3,1,1,0,2026-03-15 05:05:48,2026-05-06 22:38:19,4,True,routine
P005778,4,1,1,0,2026-01-17 09:09:48,2026-03-01 12:33:37,4,True,routine
P005779,4,2,2,0,2026-01-24 07:08:20,2026-05-10 18:44:56,4,False,new
P005780,5,2,2,0,2026-01-08 20:11:24,2026-04-23 05:44:41,3,False,new
P005781,9,6,6,2,2026-01-17 18:14:03,2026-05-10 02:54:39,3,False,routine
P005782,2,2,0,0,2026-02-03 07:28:15,2026-05-31 18:26:28,4,False,routine
P005783,2,2,0,1,2026-03-16 01:33:48,2026-04-15 04:02:55,4,True,routine
P005784,7,3,4,0,2026-01-12 15:25:17,2026-04-21 16:09:10,2,True,new
P005785,5,3,1,0,2026-01-25 07:31:17,2026-04-21 06:54:56,3,True,routine
P005786,5,4,2,0,2026-01-11 17:47:37,2026-04-15 06:05:37,2,True,high_support_need
P005787,5,5,3,0,2026-01-25 22:50:07,2026-03-11 22:48:12,2,True,routine
P005788,6,4,3,1,2026-01-07 18:36:31,2026-04-15 12:40:08,2,False,routine
P005789,4,2,1,0,2026-01-27 19:12:15,2026-04-28 13:28:39,3,True,routine
P005790,4,1,2,0,2026-01-03 19:17:52,2026-02-23 22:14:41,5,True,routine
P005791,3,2,0,0,2026-01-11 22:23:17,2026-05-09 05:58:42,3,True,new
P005792,7,5,4,0,2026-01-24 08:58:14,2026-04-20 06:41:50,2,False,routine
P005793,3,1,0,0,2026-01-07 03:48:22,2026-05-12 06:15:38,4,True,routine
P005794,4,3,0,1,2026-02-15 15:08:19,2026-04-30 09:10:13,4,True,routine
P005795,2,2,0,0,2026-05-04 06:19:32,2026-05-28 11:41:42,3,True,routine
P005796,2,2,0,0,2026-03-19 23:09:36,2026-04-17 21:04:39,4,False,routine
P005797,3,2,1,0,2026-03-11 03:07:13,2026-05-22 22:25:29,4,True,routine
P005798,5,4,1,0,2026-01-12 10:01:26,2026-05-03 15:38:20,3,False,routine
P005799,2,0,0,0,2026-05-02 20:58:51,2026-05-24 21:50:36,4,True,routine
P005800,2,1,0,0,2026-04-04 08:25:26,2026-05-17 22:20:59,3,True,high_support_need
P005801,2,1,0,0,2026-01-03 17:06:55,2026-05-31 07:07:58,5,True,routine
P005802,5,3,3,0,2026-02-07 12:50:10,2026-03-31 15:38:06,2,True,new
P005803,4,2,1,0,2026-01-01 07:16:22,2026-05-31 08:14:40,4,True,new
P005804,3,1,1,0,2026-02-16 03:27:36,2026-04-30 08:49:26,5,True,high_support_need
P005805,3,2,0,0,2026-01-16 06:17:06,2026-05-28 06:38:15,4,True,new
P005806,4,2,1,0,2026-01-12 13:54:49,2026-05-25 12:00:51,4,True,routine
P005807,9,7,5,0,2026-01-06 11:37:22,2026-05-10 03:45:28,2,False,high_support_need
P005808,4,3,2,0,2026-03-06 17:41:13,2026-04-01 06:27:18,3,True,routine
P005809,10,7,4,0,2026-01-01 22:58:31,2026-05-28 14:00:01,2,False,new
P005810,1,0,0,0,2026-05-22 15:52:22,2026-05-22 15:52:22,5,True,routine
P005811,5,2,2,0,2026-01-21 09:02:23,2026-04-11 05:03:55,3,True,routine
P005812,2,1,0,0,2026-03-28 09:13:01,2026-05-15 05:36:42,4,True,new
P005814,6,5,1,1,2026-01-15 12:25:15,2026-05-23 11:15:49,3,False,routine
P005815,3,1,0,0,2026-03-17 09:41:36,2026-05-30 04:08:01,3,True,routine
P005816,6,3,2,0,2026-01-06 12:17:19,2026-05-25 03:52:19,4,True,new
P005817,11,6,5,0,2026-01-03 15:41:07,2026-05-29 16:10:23,1,True,high_support_need
P005818,2,1,0,0,2026-03-28 01:23:56,2026-05-17 05:13:24,4,True,routine
P005819,3,1,0,0,2026-03-07 16:16:08,2026-04-16 09:49:14,4,True,routine
P005820,4,4,2,0,2026-01-27 23:40:24,2026-03-22 07:46:42,3,True,routine
P005821,3,2,0,0,2026-01-09 22:21:39,2026-03-28 09:12:11,4,False,new
P005822,3,1,1,0,2026-01-02 10:37:21,2026-03-31 14:53:48,5,True,high_support_need
P005823,1,1,0,0,2026-04-12 10:10:47,2026-04-12 10:10:47,4,True,routine
P005824,2,2,0,0,2026-01-18 01:22:45,2026-03-11 03:49:04,5,True,routine
P005825,3,3,0,0,2026-03-12 22:48:43,2026-05-24 17:00:10,4,True,high_support_need
P005826,3,3,0,0,2026-01-26 07:40:20,2026-05-13 14:18:46,4,False,routine
P005827,4,3,0,1,2026-01-22 03:43:56,2026-05-28 13:08:01,4,True,high_support_need
P005828,2,2,0,0,2026-03-22 04:57:23,2026-04-10 14:48:50,3,True,routine
P005829,6,6,2,0,2026-02-21 15:14:30,2026-05-28 18:58:59,2,False,new
P005830,8,6,4,1,2026-01-10 10:07:56,2026-05-21 18:36:37,2,False,routine
P005831,3,2,1,0,2026-02-02 17:33:58,2026-05-15 18:15:23,3,True,routine
P005832,5,4,2,0,2026-01-21 14:29:39,2026-05-31 05:41:23,3,True,routine
P005833,3,3,0,0,2026-01-23 19:34:08,2026-05-16 20:12:55,4,True,routine
P005834,5,3,1,0,2026-01-06 17:53:57,2026-03-31 13:26:19,3,True,routine
P005835,7,4,3,0,2026-01-17 21:57:38,2026-05-08 11:57:00,3,True,routine
P005836,1,1,0,1,2026-02-27 12:48:42,2026-02-27 12:48:42,4,True,new
P005837,7,3,3,0,2026-01-21 22:05:26,2026-04-22 06:10:07,3,True,new
P005838,1,1,0,0,2026-02-27 14:02:21,2026-02-27 14:02:21,3,True,new
P005839,5,4,2,0,2026-02-04 04:15:32,2026-05-11 09:42:20,3,True,routine
P005840,4,2,0,0,2026-01-17 13:38:26,2026-05-24 06:46:14,3,True,new
P005841,4,2,2,1,2026-04-04 21:08:10,2026-05-15 23:51:59,3,True,high_support_need
P005842,6,4,2,0,2026-01-08 01:57:03,2026-05-31 10:47:57,2,True,high_support_need
P005843,2,1,0,0,2026-02-26 15:29:14,2026-04-17 23:34:47,4,True,routine
P005844,1,1,0,0,2026-02-12 16:17:02,2026-02-12 16:17:02,4,True,high_support_need
P005845,5,4,3,0,2026-02-16 18:23:39,2026-04-25 14:27:21,3,True,routine
P005846,3,2,0,0,2026-01-02 04:23:21,2026-03-23 18:55:38,3,True,routine
P005847,3,1,0,0,2026-01-13 10:51:17,2026-05-25 14:27:39,3,True,routine
P005848,7,3,2,0,2026-01-02 11:02:49,2026-04-29 11:44:29,3,False,routine
P005849,6,4,3,0,2026-01-09 07:11:17,2026-04-03 00:26:05,3,False,routine
P005850,3,2,0,0,2026-01-07 06:02:49,2026-04-02 16:03:55,4,True,routine
P005851,2,2,0,0,2026-01-24 02:07:43,2026-05-03 05:13:16,4,True,routine
P005852,5,4,1,0,2026-02-20 09:02:00,2026-05-17 23:58:19,3,True,routine
P005853,2,2,0,0,2026-01-28 06:40:53,2026-05-25 09:44:50,3,True,new
P005854,6,2,3,0,2026-02-20 19:41:12,2026-05-03 22:57:00,3,False,routine
P005855,9,5,4,0,2026-01-01 20:48:33,2026-05-19 04:37:59,2,False,routine
P005857,4,2,1,0,2026-02-14 19:02:05,2026-04-29 10:44:49,4,True,routine
P005858,4,3,1,0,2026-01-24 00:02:45,2026-05-07 05:12:31,4,True,routine
P005859,3,2,2,0,2026-01-23 10:01:55,2026-02-13 11:30:03,4,True,routine
P005860,3,1,1,0,2026-02-19 07:32:48,2026-05-11 09:04:59,3,True,routine
P005861,7,5,4,0,2026-01-05 14:50:54,2026-03-11 09:48:00,1,True,routine
P005862,7,5,2,0,2026-02-07 19:07:53,2026-05-31 14:16:59,3,True,routine
P005863,10,7,6,0,2026-02-05 20:07:39,2026-05-26 15:43:48,1,False,routine
P005864,6,2,3,0,2026-01-08 02:08:57,2026-05-26 07:40:20,4,True,routine
P005865,3,0,1,0,2026-02-07 11:52:16,2026-03-26 06:45:24,4,True,routine
P005866,5,3,1,1,2026-01-07 12:53:43,2026-04-03 07:26:43,4,True,routine
P005867,6,2,3,0,2026-01-23 14:34:35,2026-05-25 01:49:02,3,False,routine
P005868,4,3,1,0,2026-03-10 23:43:09,2026-05-25 14:14:39,3,True,new
P005869,1,1,0,0,2026-02-25 08:17:45,2026-02-25 08:17:45,4,True,high_support_need
P005870,5,4,2,0,2026-02-27 03:46:38,2026-05-16 22:05:18,3,False,routine
P005871,5,3,2,0,2026-02-12 09:24:36,2026-05-26 01:08:34,3,True,high_support_need
P005872,2,1,1,0,2026-02-10 04:33:29,2026-02-18 23:21:41,4,True,routine
P005873,7,7,3,0,2026-01-07 13:16:37,2026-05-15 19:54:23,1,False,new
P005874,6,4,2,0,2026-01-13 12:52:50,2026-05-31 23:25:31,2,True,routine
P005875,1,0,0,0,2026-05-11 02:21:42,2026-05-11 02:21:42,5,True,routine
P005876,4,1,2,0,2026-01-07 14:36:33,2026-03-26 23:29:25,5,True,new
P005877,4,4,1,0,2026-01-29 21:31:33,2026-04-17 15:15:55,2,False,routine
P005878,5,3,2,0,2026-01-01 03:53:43,2026-02-28 02:19:55,4,False,routine
P005879,4,3,1,0,2026-03-05 06:27:53,2026-04-28 19:53:21,3,False,routine
P005880,4,1,1,0,2026-01-29 07:51:17,2026-04-16 15:07:52,4,False,routine
P005881,7,3,3,1,2026-01-20 14:11:25,2026-04-01 20:09:58,3,False,new
P005882,2,2,0,0,2026-02-10 16:18:35,2026-04-18 16:30:09,4,True,routine
P005883,8,7,3,1,2026-02-03 07:19:13,2026-05-26 18:12:03,2,True,routine
P005884,5,4,4,0,2026-02-02 14:52:57,2026-02-21 19:01:31,3,False,routine
P005885,2,1,0,0,2026-02-09 11:37:35,2026-04-13 20:33:53,4,True,high_support_need
P005886,5,4,1,0,2026-01-05 09:27:05,2026-03-27 14:43:58,3,True,high_support_need
P005887,4,2,1,0,2026-02-19 12:13:54,2026-05-15 19:46:54,4,True,new
P005888,4,3,1,0,2026-03-18 01:40:33,2026-05-31 04:23:54,3,False,routine
P005889,6,5,5,0,2026-01-23 21:16:18,2026-02-28 09:56:23,2,False,high_support_need
P005890,2,1,0,0,2026-01-18 16:28:21,2026-03-28 01:09:21,5,True,new
P005891,5,1,2,0,2026-01-07 03:53:50,2026-03-07 22:29:33,4,True,high_support_need
P005892,5,4,2,0,2026-01-09 18:32:54,2026-05-14 08:01:08,3,True,routine
P005893,2,1,1,0,2026-01-21 04:17:24,2026-01-26 12:58:33,4,True,routine
P005894,3,2,0,0,2026-01-02 01:56:22,2026-05-16 16:38:57,4,True,high_support_need
P005895,5,2,2,0,2026-02-19 13:56:01,2026-05-08 11:45:11,5,True,routine
P005896,5,2,1,0,2026-01-21 09:11:26,2026-04-26 05:22:31,3,True,routine
P005897,2,1,1,0,2026-04-15 05:18:56,2026-04-25 22:57:48,4,True,routine
P005898,6,4,2,0,2026-01-02 17:31:04,2026-05-18 22:59:06,2,True,new
P005899,3,2,1,0,2026-01-20 02:56:21,2026-04-24 06:07:58,4,True,routine
P005900,5,4,0,0,2026-01-08 07:09:06,2026-05-24 14:44:07,3,False,new
P005901,5,4,1,0,2026-01-26 13:57:52,2026-04-21 21:25:29,2,True,new
P005902,4,2,1,1,2026-01-01 04:37:36,2026-05-15 16:36:56,4,True,high_support_need
P005903,4,2,2,0,2026-02-15 00:07:30,2026-05-19 14:47:12,4,True,high_support_need
P005906,4,0,1,0,2026-03-01 00:34:19,2026-05-11 11:54:29,4,True,high_support_need
P005907,1,1,0,0,2026-03-06 02:10:47,2026-03-06 02:10:47,4,True,routine
P005908,6,3,2,0,2026-01-10 22:09:14,2026-05-22 16:04:35,4,True,routine
P005909,5,3,0,0,2026-01-10 20:36:29,2026-05-26 15:47:55,3,True,routine
P005910,4,2,1,0,2026-03-01 16:47:58,2026-05-12 03:43:22,4,True,routine
P005911,8,5,5,0,2026-01-04 20:50:43,2026-03-30 15:32:25,1,False,new
P005912,2,1,0,0,2026-01-09 12:34:05,2026-02-13 03:57:20,5,True,routine
P005913,2,0,0,0,2026-04-24 22:52:33,2026-05-23 11:51:37,5,True,new
P005914,3,1,2,0,2026-05-23 07:25:08,2026-05-30 21:02:41,4,False,routine
P005915,8,5,4,1,2026-01-20 11:27:33,2026-05-20 13:54:45,1,False,routine
P005916,3,2,0,0,2026-01-02 21:52:57,2026-05-31 17:56:07,4,True,routine
P005917,1,0,0,0,2026-04-16 19:33:12,2026-04-16 19:33:12,5,True,routine
P005918,3,3,1,0,2026-02-15 18:18:27,2026-04-26 02:22:10,4,True,routine
P005919,5,3,2,0,2026-01-24 15:15:54,2026-05-29 08:30:54,3,True,high_support_need
P005920,4,4,0,0,2026-01-22 19:17:07,2026-04-27 21:56:37,3,True,routine
P005921,4,3,1,0,2026-02-07 12:27:08,2026-05-29 16:03:17,2,True,routine
P005922,3,2,0,0,2026-04-09 15:16:26,2026-05-27 07:27:47,4,True,new
P005923,3,3,1,0,2026-03-04 07:47:58,2026-05-27 03:12:19,3,True,routine
P005924,3,1,0,0,2026-02-09 06:05:06,2026-05-29 12:25:43,4,True,routine
P005925,2,0,0,0,2026-01-16 17:00:54,2026-05-15 17:04:24,4,True,routine
P005926,1,1,0,0,2026-01-08 00:03:35,2026-01-08 00:03:35,3,True,high_support_need
P005927,7,6,2,0,2026-01-15 02:01:49,2026-05-29 12:23:50,2,False,routine
P005928,4,4,1,0,2026-02-07 04:19:51,2026-04-14 12:46:00,2,False,routine
P005929,4,2,1,0,2026-03-19 10:24:37,2026-05-13 17:28:37,3,True,routine
P005930,2,2,1,0,2026-04-06 09:00:25,2026-04-19 02:59:08,4,False,new
P005931,4,3,1,0,2026-03-17 17:57:22,2026-04-22 13:42:19,4,False,routine
P005932,5,5,2,0,2026-01-27 09:08:41,2026-04-10 00:39:48,2,False,routine
P005933,4,2,0,0,2026-01-18 18:17:47,2026-05-11 17:19:35,4,True,routine
P005934,6,3,2,0,2026-01-14 00:52:58,2026-05-21 16:19:11,3,True,new
P005935,6,4,3,0,2026-01-30 01:30:37,2026-05-16 00:18:43,4,False,routine
P005936,3,2,0,0,2026-01-15 04:11:01,2026-04-19 15:27:19,3,True,routine
P005938,4,2,1,0,2026-01-25 01:35:50,2026-05-21 12:48:50,4,False,routine
P005939,3,1,1,0,2026-01-02 06:35:33,2026-04-27 15:38:19,4,True,routine
P005940,8,7,4,0,2026-01-11 16:27:49,2026-05-21 01:37:46,1,False,routine
P005941,8,6,4,0,2026-01-06 08:06:11,2026-05-21 23:28:12,2,True,new
P005942,7,3,3,0,2026-01-13 06:48:58,2026-04-25 17:14:55,3,False,routine
P005943,3,3,0,0,2026-02-14 01:00:55,2026-04-27 02:10:00,4,False,routine
P005944,4,2,2,0,2026-01-06 14:40:36,2026-04-30 02:20:39,3,True,new
P005945,3,3,0,0,2026-01-04 18:43:15,2026-05-17 06:53:23,3,True,routine
P005946,6,5,1,0,2026-01-27 11:50:47,2026-05-28 21:56:22,3,False,routine
P005947,5,3,2,0,2026-02-14 05:51:41,2026-04-15 19:28:24,4,False,routine
P005948,6,3,2,0,2026-01-09 21:37:34,2026-05-18 08:08:41,3,False,routine
P005949,3,3,0,0,2026-01-20 00:28:14,2026-04-05 03:29:43,3,False,routine
P005950,1,0,0,0,2026-01-15 16:24:22,2026-01-15 16:24:22,4,False,routine
P005951,1,1,0,0,2026-03-10 20:22:04,2026-03-10 20:22:04,5,True,routine
P005952,3,3,2,0,2026-04-10 21:52:15,2026-04-21 05:25:38,3,True,routine
P005953,5,5,2,0,2026-01-12 00:49:39,2026-04-14 20:12:47,2,True,routine
P005954,8,6,5,0,2026-01-08 14:07:52,2026-03-23 22:29:46,2,False,new
P005955,9,8,4,0,2026-01-06 12:31:04,2026-05-22 14:28:27,1,True,routine
P005956,5,4,3,0,2026-02-05 08:16:29,2026-05-07 23:25:46,2,True,routine
P005957,1,1,0,0,2026-03-19 18:03:30,2026-03-19 18:03:30,4,True,routine
P005958,4,2,1,0,2026-02-06 18:22:01,2026-05-18 05:33:01,4,False,routine
P005959,5,4,1,0,2026-01-10 13:30:09,2026-05-27 11:28:31,3,False,routine
P005960,4,1,0,0,2026-01-04 14:43:54,2026-05-19 10:04:34,4,True,routine
P005961,1,1,0,0,2026-01-15 10:38:02,2026-01-15 10:38:02,4,True,routine
P005962,4,2,0,0,2026-02-01 08:14:27,2026-05-27 09:19:34,4,True,routine
P005963,5,2,1,0,2026-01-12 21:12:52,2026-04-19 20:34:47,3,False,high_support_need
P005964,5,2,2,0,2026-01-09 10:52:10,2026-04-08 08:46:49,2,True,routine
P005965,4,3,0,0,2026-01-14 04:03:23,2026-05-16 19:03:42,4,True,routine
P005966,2,2,0,0,2026-02-02 19:39:31,2026-03-21 08:05:02,5,True,routine
P005967,6,5,3,1,2026-02-07 23:38:32,2026-05-15 14:30:26,2,True,routine
P005968,2,0,0,0,2026-02-11 16:47:40,2026-03-11 21:10:27,5,True,routine
P005969,2,1,0,0,2026-01-13 21:50:08,2026-05-31 11:00:19,4,True,routine
P005970,4,4,1,0,2026-01-16 11:10:23,2026-04-23 22:54:02,4,True,routine
P005971,3,2,0,1,2026-03-06 03:19:35,2026-04-28 11:59:42,4,True,new
P005972,5,4,3,0,2026-04-03 14:48:02,2026-05-30 01:03:00,3,False,routine
P005973,3,2,1,0,2026-03-01 18:50:45,2026-05-14 09:48:31,4,True,routine
P005974,5,4,2,0,2026-02-07 09:14:30,2026-05-29 17:38:03,3,True,routine
P005975,11,7,6,0,2026-01-27 11:26:34,2026-05-31 07:05:16,1,False,routine
P005976,3,1,0,0,2026-01-30 09:38:24,2026-05-21 01:14:40,5,True,high_support_need
P005977,9,5,6,1,2026-01-14 03:04:24,2026-04-26 18:47:07,1,True,new
P005978,2,1,0,0,2026-01-19 22:45:19,2026-05-01 07:21:22,4,True,new
P005979,2,1,1,0,2026-03-10 09:17:16,2026-03-13 21:01:05,3,True,routine
P005980,3,3,1,0,2026-01-12 15:58:33,2026-05-21 15:50:45,3,True,routine
P005981,3,0,0,0,2026-01-11 13:36:17,2026-05-12 10:08:46,5,True,routine
P005982,5,5,3,0,2026-03-27 12:27:36,2026-05-07 18:01:37,2,False,routine
P005983,5,4,1,0,2026-02-05 05:24:10,2026-05-30 07:17:00,3,True,high_support_need
P005984,2,1,0,0,2026-01-24 08:20:53,2026-04-29 03:32:05,4,True,routine
P005985,1,0,0,0,2026-05-15 10:35:20,2026-05-15 10:35:20,4,True,routine
P005986,8,7,3,0,2026-01-08 04:59:27,2026-05-23 10:19:55,1,False,routine
P005987,7,5,4,0,2026-01-10 03:49:06,2026-05-16 01:12:15,2,True,new
P005988,3,3,0,0,2026-01-09 04:55:27,2026-04-07 22:32:19,3,True,routine
P005989,2,1,0,0,2026-03-05 01:02:54,2026-05-18 03:57:45,5,True,routine
P005990,3,2,0,0,2026-02-13 07:07:47,2026-04-14 07:23:31,4,True,routine
P005991,3,3,1,1,2026-03-19 12:12:44,2026-04-17 15:48:08,3,True,routine
P005992,4,3,1,0,2026-02-21 17:58:11,2026-05-18 19:51:25,3,False,new
P005993,3,2,0,0,2026-02-06 11:23:48,2026-05-09 11:58:41,4,True,routine
P005994,6,4,2,0,2026-01-01 15:46:29,2026-05-16 09:44:10,3,False,routine
P005995,7,7,3,1,2026-01-03 13:12:47,2026-04-19 18:08:11,2,True,routine
P005996,5,2,1,0,2026-02-15 12:25:43,2026-05-24 11:49:59,3,True,routine
P005997,1,1,0,1,2026-05-29 05:50:19,2026-05-29 05:50:19,5,False,routine
P005998,4,3,0,0,2026-01-12 22:06:46,2026-04-20 00:48:28,3,True,new
P005999,5,2,3,0,2026-02-26 23:02:57,2026-04-16 02:02:37,3,False,routine
P006001,1,1,0,0,2026-02-22 16:18:34,2026-02-22 16:18:34,4,True,routine
P006002,2,2,0,0,2026-01-08 22:12:45,2026-03-30 07:11:56,4,False,routine
P006003,3,3,0,0,2026-01-02 13:04:46,2026-05-11 21:06:35,3,False,high_support_need
P006004,4,4,1,0,2026-02-15 05:54:09,2026-05-27 10:54:44,3,True,new
P006005,3,1,1,0,2026-03-15 14:36:33,2026-04-14 11:39:33,4,True,new
P006006,1,1,0,0,2026-02-16 10:32:24,2026-02-16 10:32:24,4,True,routine
P006007,3,2,0,0,2026-01-04 04:09:09,2026-05-17 03:56:47,4,True,routine
P006008,3,1,1,0,2026-03-10 09:57:21,2026-04-17 11:32:50,4,True,routine
P006009,1,1,0,0,2026-05-02 04:17:48,2026-05-02 04:17:48,4,True,high_support_need
P006010,5,2,1,0,2026-02-15 10:23:03,2026-05-18 14:46:22,3,True,routine
P006011,6,4,3,0,2026-01-14 20:15:10,2026-05-25 23:47:42,2,False,routine
P006012,7,6,4,0,2026-02-11 22:20:01,2026-05-24 17:27:36,2,False,high_support_need
P006013,6,4,2,0,2026-01-21 12:36:36,2026-05-22 21:40:41,3,False,routine
P006014,1,0,0,0,2026-03-04 12:06:22,2026-03-04 12:06:22,5,False,high_support_need
P006015,6,3,3,0,2026-01-16 22:22:43,2026-05-01 00:31:54,2,False,routine
P006016,2,2,1,0,2026-05-09 18:59:49,2026-05-21 04:19:57,3,True,routine
P006017,2,0,0,0,2026-02-13 12:37:51,2026-03-04 18:17:25,5,True,routine
P006018,6,3,2,0,2026-01-03 11:43:49,2026-04-04 02:28:21,3,True,new
P006019,6,5,1,1,2026-02-09 15:51:29,2026-05-26 08:26:29,3,False,routine
P006020,5,4,2,0,2026-01-21 21:08:18,2026-05-28 04:55:21,3,True,routine
P006021,3,1,1,0,2026-02-04 20:41:30,2026-03-11 01:08:54,4,True,new
P006022,5,3,2,0,2026-01-06 15:02:08,2026-05-19 11:06:27,3,True,routine
P006023,6,5,2,0,2026-01-01 12:08:50,2026-04-23 23:05:21,2,False,routine
P006024,2,2,1,0,2026-01-17 01:46:51,2026-01-31 03:57:06,3,True,new
P006025,3,2,0,0,2026-01-11 01:47:40,2026-03-07 17:28:31,3,True,new
P006026,8,6,2,0,2026-01-03 12:14:54,2026-05-20 12:44:19,2,True,high_support_need
P006027,1,0,0,0,2026-04-28 18:31:17,2026-04-28 18:31:17,4,True,high_support_need
P006028,3,3,0,0,2026-02-02 10:11:01,2026-05-23 08:17:32,4,True,high_support_need
P006029,1,1,0,0,2026-02-10 05:23:51,2026-02-10 05:23:51,4,False,routine
P006030,4,2,0,0,2026-02-11 07:54:58,2026-05-21 21:55:58,4,True,routine
P006031,4,3,0,0,2026-01-27 20:56:49,2026-05-17 08:44:24,3,False,routine
P006032,9,6,5,0,2026-01-25 12:19:50,2026-05-22 21:22:12,2,False,routine
P006033,4,2,1,0,2026-02-14 10:07:51,2026-04-15 17:20:13,4,True,routine
P006034,2,2,1,0,2026-05-21 13:04:29,2026-05-26 11:50:32,3,True,routine
P006035,5,2,3,0,2026-02-25 22:39:33,2026-04-22 05:13:20,4,False,new
P006036,4,4,1,0,2026-01-23 13:17:31,2026-04-22 18:36:37,4,True,routine
P006037,9,5,4,0,2026-01-26 20:54:46,2026-05-29 17:07:31,2,False,routine
P006038,3,3,1,0,2026-01-20 18:52:39,2026-05-19 07:35:54,4,True,routine
P006039,3,3,1,0,2026-03-20 07:43:18,2026-05-30 09:25:45,3,True,routine
P006040,5,4,2,1,2026-02-10 02:42:14,2026-05-21 09:31:10,2,True,routine
P006041,6,5,3,0,2026-02-15 05:03:59,2026-05-25 03:21:58,2,False,routine
P006042,8,7,4,0,2026-01-31 22:07:53,2026-05-19 06:54:27,1,True,new
P006043,5,3,1,0,2026-02-05 07:18:33,2026-05-16 09:49:31,3,True,routine
P006044,1,0,0,0,2026-03-29 10:06:09,2026-03-29 10:06:09,5,True,routine
P006045,2,2,0,0,2026-02-03 05:01:22,2026-03-04 09:26:49,4,True,routine
P006046,5,4,0,0,2026-01-01 11:42:45,2026-05-15 03:02:27,3,True,new
P006047,5,5,2,2,2026-01-29 09:26:11,2026-05-31 02:19:29,3,False,routine
P006048,5,3,2,0,2026-01-17 05:49:55,2026-04-14 15:00:44,3,True,routine
P006049,5,4,2,0,2026-01-03 20:09:44,2026-05-09 00:45:10,2,True,routine
P006050,7,6,3,0,2026-01-07 23:10:09,2026-05-23 20:49:02,2,False,routine
P006051,3,2,1,0,2026-02-08 13:52:14,2026-03-17 07:38:40,4,True,high_support_need
P006052,3,3,1,0,2026-01-20 04:10:48,2026-05-03 13:36:45,1,True,routine
P006053,8,5,5,1,2026-01-06 21:44:23,2026-05-29 03:07:36,2,False,routine
P006054,2,1,0,0,2026-01-09 16:46:32,2026-03-08 03:44:40,5,True,routine
P006055,4,3,2,0,2026-03-19 04:54:18,2026-05-25 14:30:41,3,True,new
P006056,1,0,0,0,2026-02-10 02:42:44,2026-02-10 02:42:44,4,True,routine
P006057,1,1,0,0,2026-01-24 10:06:36,2026-01-24 10:06:36,4,False,high_support_need
P006058,4,2,1,0,2026-01-27 17:14:54,2026-03-07 15:36:46,4,True,routine
P006059,4,2,0,0,2026-01-09 17:39:38,2026-05-09 19:13:49,4,True,routine
P006060,5,3,1,0,2026-01-02 17:33:33,2026-05-19 02:31:58,4,True,routine
P006061,5,3,0,0,2026-01-10 13:26:06,2026-05-07 05:33:11,3,True,routine
P006062,9,6,3,1,2026-01-03 19:13:33,2026-05-26 04:59:01,1,True,routine
P006063,7,6,3,1,2026-01-16 20:18:09,2026-05-18 07:38:03,2,True,routine
P006064,4,4,1,0,2026-01-11 06:31:23,2026-05-31 14:05:23,3,True,high_support_need
P006065,1,1,0,0,2026-01-16 01:58:45,2026-01-16 01:58:45,5,True,new
P006066,5,5,0,0,2026-02-16 16:25:40,2026-05-31 19:54:45,3,True,routine
P006067,1,1,0,0,2026-05-12 10:44:31,2026-05-12 10:44:31,5,True,routine
P006068,3,1,1,0,2026-03-15 11:33:55,2026-05-05 04:07:39,3,True,routine
P006069,5,1,2,0,2026-02-22 15:12:35,2026-04-21 08:55:15,4,False,routine
P006070,6,1,3,0,2026-01-28 19:02:35,2026-05-17 02:23:53,3,True,new
P006071,5,5,1,0,2026-01-06 08:19:32,2026-05-02 06:33:26,3,False,routine
P006072,6,4,2,0,2026-02-11 02:58:17,2026-05-16 23:25:04,3,True,new
P006073,7,6,3,0,2026-01-26 00:57:26,2026-05-08 14:55:40,2,True,routine
P006074,7,5,2,0,2026-01-03 05:06:48,2026-05-25 12:08:36,3,False,routine
P006075,2,2,1,0,2026-04-07 19:05:51,2026-04-22 18:26:48,4,True,routine
P006076,4,4,0,0,2026-01-21 07:12:59,2026-04-26 11:17:20,4,False,routine
P006077,2,2,0,0,2026-04-10 06:35:10,2026-05-12 04:20:49,5,False,routine
P006078,3,2,1,0,2026-01-15 07:21:04,2026-05-28 10:08:40,4,False,routine
P006079,4,3,1,0,2026-01-14 05:05:39,2026-04-02 16:18:52,4,False,routine
P006080,3,1,1,1,2026-01-27 01:05:36,2026-04-19 21:04:56,4,True,new
P006081,6,3,2,0,2026-01-18 10:03:37,2026-05-25 02:03:59,2,True,new
P006082,2,1,0,0,2026-01-03 13:26:48,2026-04-07 10:01:46,4,True,high_support_need
P006083,3,2,1,0,2026-01-11 05:02:21,2026-02-19 14:40:14,4,True,routine
P006084,3,1,0,0,2026-03-30 03:09:02,2026-05-27 11:58:22,4,True,routine
P006085,2,0,0,0,2026-01-14 16:45:17,2026-04-10 21:33:53,5,True,high_support_need
P006086,4,3,0,1,2026-01-05 22:29:41,2026-03-19 11:33:36,4,False,routine
P006087,5,3,0,0,2026-01-02 19:09:53,2026-05-27 02:42:46,5,True,routine
P006088,4,3,1,0,2026-01-12 20:58:27,2026-05-17 10:07:42,3,True,new
P006089,4,2,0,0,2026-01-13 04:50:10,2026-04-29 11:55:21,5,False,new
P006090,3,2,1,0,2026-02-23 10:03:15,2026-05-02 22:29:39,4,True,routine
P006091,3,1,0,0,2026-01-31 21:35:02,2026-05-14 19:44:26,4,True,routine
P006092,9,7,6,1,2026-01-08 07:10:58,2026-05-21 07:21:26,3,False,routine
P006094,3,2,0,0,2026-01-23 00:49:25,2026-05-28 20:41:01,4,True,routine
P006095,3,1,1,0,2026-01-21 07:37:27,2026-05-15 20:41:26,4,False,routine
P006096,5,5,2,0,2026-01-21 09:08:13,2026-04-24 13:18:17,2,True,routine
P006097,1,1,0,0,2026-04-10 02:34:17,2026-04-10 02:34:17,5,True,routine
P006098,4,3,1,0,2026-01-07 02:21:05,2026-04-05 01:03:59,4,False,routine
P006100,7,6,3,0,2026-02-06 08:26:34,2026-05-18 02:48:53,2,True,routine
P006101,11,6,6,0,2026-01-27 15:35:25,2026-05-25 07:24:09,2,False,routine
P006102,4,4,1,1,2026-01-03 14:01:19,2026-04-09 15:44:37,3,False,routine
P006103,2,2,1,0,2026-05-17 02:07:33,2026-05-23 01:16:56,4,True,new
P006104,5,4,2,0,2026-01-10 11:44:30,2026-04-06 20:21:50,2,False,routine
P006105,13,7,8,1,2026-01-01 15:58:49,2026-05-28 14:18:36,2,True,high_support_need
P006106,4,3,0,0,2026-01-02 07:45:22,2026-05-31 19:20:34,3,True,routine
P006107,6,4,3,1,2026-03-13 09:56:33,2026-05-15 10:29:07,3,True,routine
P006108,5,3,2,0,2026-01-23 00:26:49,2026-05-19 08:06:14,2,False,routine
P006109,2,1,0,0,2026-01-14 07:04:49,2026-05-01 21:06:51,4,True,routine
P006110,4,3,1,0,2026-01-09 14:36:59,2026-05-17 09:28:33,4,True,routine
P006111,3,0,0,0,2026-01-05 13:11:40,2026-03-27 18:12:52,4,True,routine
P006112,5,3,3,0,2026-02-06 15:41:05,2026-03-08 05:23:04,3,False,routine
P006113,4,2,1,1,2026-03-06 11:38:20,2026-05-16 18:06:34,4,True,new
P006114,2,1,0,0,2026-02-01 11:35:46,2026-02-27 11:06:18,4,True,routine
P006115,3,2,1,0,2026-03-12 00:35:54,2026-04-03 14:23:02,4,False,routine
P006116,3,2,0,0,2026-03-21 04:40:05,2026-04-27 20:27:06,5,True,new
P006117,7,6,4,0,2026-01-11 15:05:27,2026-04-29 02:13:23,1,False,routine
P006118,2,2,0,0,2026-02-07 04:49:50,2026-05-03 03:30:04,3,True,new
P006119,7,5,3,0,2026-01-11 17:34:37,2026-05-13 08:51:08,2,True,routine
P006120,4,1,1,0,2026-01-20 04:45:13,2026-05-11 06:04:47,5,True,routine
P006121,2,2,0,0,2026-01-28 02:43:49,2026-03-13 11:54:26,3,True,new
P006122,8,6,3,1,2026-01-07 08:12:35,2026-05-02 11:12:40,1,False,routine
P006123,2,0,0,0,2026-02-27 23:39:51,2026-04-30 14:29:58,4,True,high_support_need
P006124,4,4,2,0,2026-01-05 23:48:21,2026-02-19 21:02:06,2,True,routine
P006125,4,2,2,0,2026-04-06 05:18:43,2026-05-29 18:56:06,3,False,routine
P006126,5,4,2,0,2026-01-07 21:54:52,2026-05-19 20:19:35,2,True,high_support_need
P006127,3,3,1,0,2026-01-13 20:04:43,2026-02-17 14:09:34,3,True,routine
P006128,5,3,3,0,2026-03-02 21:24:21,2026-04-08 18:43:49,2,False,routine
P006129,5,3,2,0,2026-03-11 11:31:52,2026-05-28 07:19:19,3,False,high_support_need
P006130,3,3,0,0,2026-01-25 11:34:16,2026-05-12 23:49:44,3,False,routine
P006131,1,0,0,0,2026-01-15 03:08:15,2026-01-15 03:08:15,5,True,routine
P006132,5,3,1,0,2026-02-05 04:05:51,2026-05-21 19:08:22,3,True,routine
P006133,5,4,1,0,2026-02-18 16:24:49,2026-05-03 05:04:24,2,True,high_support_need
P006134,6,4,2,0,2026-01-26 10:05:10,2026-05-25 13:28:00,3,True,new
P006135,1,1,0,0,2026-02-10 07:37:10,2026-02-10 07:37:10,5,True,routine
P006136,4,3,2,0,2026-01-23 05:31:30,2026-03-05 22:28:09,2,False,high_support_need
P006137,5,4,0,1,2026-01-20 08:05:30,2026-05-18 05:59:49,3,True,routine
P006138,1,1,0,0,2026-02-17 00:02:36,2026-02-17 00:02:36,4,True,routine
P006139,4,3,1,1,2026-02-12 05:46:28,2026-05-22 03:54:54,4,True,routine
P006140,3,3,0,0,2026-03-02 01:10:32,2026-05-05 05:56:53,3,False,new
P006141,2,1,0,1,2026-01-21 06:40:25,2026-03-11 09:56:47,3,True,routine
P006142,9,5,4,0,2026-01-05 20:21:04,2026-05-14 07:08:47,2,True,new
P006143,3,2,1,0,2026-04-06 12:07:58,2026-05-25 09:30:45,4,False,new
P006144,3,2,1,0,2026-03-19 22:03:16,2026-05-07 21:16:06,4,True,high_support_need
P006145,3,3,0,0,2026-01-10 11:42:28,2026-03-29 05:40:09,3,True,high_support_need
P006146,1,0,0,0,2026-02-10 05:39:09,2026-02-10 05:39:09,4,False,new
P006147,5,4,1,0,2026-01-03 01:37:10,2026-05-21 15:46:54,3,False,high_support_need
P006148,2,0,0,0,2026-02-23 16:40:26,2026-04-24 23:54:40,4,True,new
P006149,2,2,0,0,2026-01-16 10:36:12,2026-02-24 07:29:42,4,True,routine
P006150,5,5,0,1,2026-02-13 15:34:28,2026-05-30 09:39:38,4,True,high_support_need
P006151,5,2,0,1,2026-01-19 07:20:09,2026-05-03 04:49:54,2,True,routine
P006152,4,2,2,0,2026-01-12 10:08:26,2026-03-07 15:37:58,3,False,routine
P006153,7,7,2,0,2026-01-18 10:50:36,2026-04-27 21:20:43,2,False,new
P006154,3,1,0,0,2026-03-20 06:07:13,2026-05-30 00:51:49,5,True,new
P006155,3,3,1,1,2026-02-06 12:53:33,2026-04-15 06:32:14,3,False,routine
P006156,4,1,1,0,2026-01-09 21:21:56,2026-05-05 04:15:50,3,True,routine
P006157,4,4,0,0,2026-01-09 08:41:08,2026-04-30 13:51:28,3,False,routine
P006158,3,0,0,0,2026-01-19 01:17:30,2026-04-29 14:10:23,4,True,routine
P006159,3,2,1,0,2026-01-22 15:15:24,2026-03-16 18:36:32,3,True,routine
P006160,2,2,1,0,2026-02-01 12:51:06,2026-02-15 13:49:41,4,True,high_support_need
P006161,3,2,0,0,2026-03-06 13:17:50,2026-05-06 07:06:47,4,True,new
P006162,2,1,0,0,2026-01-09 09:17:47,2026-03-18 13:11:58,3,True,new
P006163,4,3,1,0,2026-02-13 05:19:08,2026-04-18 11:54:10,3,True,new
P006164,2,2,0,0,2026-01-05 02:40:58,2026-03-21 13:30:46,4,True,new
P006165,5,3,2,1,2026-02-15 01:18:22,2026-05-19 16:08:29,3,True,routine
P006166,7,7,3,0,2026-01-06 15:14:42,2026-05-28 17:14:56,1,False,routine
P006167,8,7,2,0,2026-01-18 05:46:59,2026-05-16 14:06:10,2,True,routine
P006168,7,4,4,1,2026-01-15 03:24:18,2026-04-19 23:45:54,3,True,routine
P006169,9,6,4,0,2026-01-11 06:09:42,2026-04-17 17:31:47,1,True,routine
P006170,7,2,4,0,2026-02-27 21:27:49,2026-05-13 00:03:39,4,False,high_support_need
P006171,4,3,2,1,2026-02-10 04:44:04,2026-04-05 20:42:21,2,True,routine
P006172,8,5,5,0,2026-02-01 02:56:14,2026-05-21 11:49:27,1,False,routine
P006173,4,3,2,0,2026-03-18 08:14:23,2026-04-26 17:00:52,3,True,routine
P006174,3,1,1,0,2026-03-30 03:22:44,2026-05-03 20:24:10,4,True,routine
P006175,1,1,0,0,2026-02-06 12:02:40,2026-02-06 12:02:40,5,False,routine
P006176,5,4,3,0,2026-03-15 16:09:31,2026-05-25 02:15:57,3,False,routine
P006177,2,1,0,0,2026-02-08 11:30:38,2026-03-29 16:31:06,5,True,routine
P006178,2,2,0,0,2026-02-21 15:54:46,2026-05-01 06:51:19,3,True,routine
P006179,8,7,4,0,2026-01-01 23:56:26,2026-05-31 00:45:49,2,False,routine
P006180,3,3,0,0,2026-01-22 17:42:10,2026-05-06 19:44:53,4,False,routine
P006181,2,1,0,0,2026-02-02 12:23:55,2026-03-04 02:36:29,5,True,routine
P006182,4,1,1,0,2026-02-27 17:43:11,2026-05-26 01:36:24,4,True,routine
P006183,4,2,1,0,2026-01-06 22:05:29,2026-05-24 00:36:04,5,True,routine
P006184,5,3,1,1,2026-01-14 14:14:23,2026-05-10 19:58:33,3,True,routine
P006185,5,3,3,0,2026-01-10 02:26:01,2026-04-12 16:19:18,2,True,new
P006186,3,2,1,0,2026-01-06 14:34:06,2026-02-24 01:52:34,3,True,new
P006187,1,1,0,0,2026-05-06 11:55:10,2026-05-06 11:55:10,4,True,routine
P006188,5,3,3,0,2026-02-02 00:33:08,2026-05-05 18:06:57,3,True,routine
P006189,3,1,0,0,2026-03-10 11:16:00,2026-05-26 02:41:51,5,True,new
P006190,2,2,0,0,2026-01-18 12:45:37,2026-02-26 07:49:57,4,True,routine
P006191,5,5,3,1,2026-03-15 14:24:52,2026-05-03 01:49:00,2,True,routine
P006192,5,4,0,0,2026-01-02 06:46:22,2026-05-26 07:04:30,3,False,new
P006193,1,1,0,0,2026-01-08 09:07:18,2026-01-08 09:07:18,5,True,routine
P006194,6,5,1,0,2026-02-25 17:36:50,2026-05-25 14:54:58,3,False,routine
P006196,4,2,1,0,2026-01-09 15:45:05,2026-05-04 17:19:05,4,False,routine
P006197,5,3,1,0,2026-01-18 15:53:30,2026-05-02 15:37:54,3,False,new
P006198,3,3,1,1,2026-01-03 06:51:20,2026-03-15 05:22:04,3,True,new
P006199,4,3,0,0,2026-03-03 21:05:20,2026-05-13 02:27:57,3,True,routine
P006200,2,1,0,1,2026-04-14 00:27:50,2026-05-29 05:29:19,5,True,new
P006201,4,2,1,0,2026-01-09 22:43:01,2026-05-17 12:04:01,4,False,new
P006202,4,2,2,0,2026-03-17 17:18:44,2026-04-20 23:18:27,3,True,routine
P006203,3,2,0,0,2026-01-03 22:01:41,2026-05-31 06:29:18,3,True,new
P006204,1,1,0,0,2026-03-15 21:18:55,2026-03-15 21:18:55,4,True,routine
P006205,4,4,0,0,2026-02-20 19:53:43,2026-05-15 06:41:16,4,True,new
P006206,1,1,0,0,2026-04-01 14:53:32,2026-04-01 14:53:32,4,False,new
P006207,2,2,0,0,2026-02-09 12:58:21,2026-04-02 06:01:10,5,True,routine
P006208,8,7,3,1,2026-01-01 16:25:17,2026-05-15 14:03:17,1,False,new
P006209,2,2,1,0,2026-04-02 23:51:41,2026-04-14 02:49:31,4,True,routine
P006210,4,2,1,1,2026-03-10 14:45:40,2026-05-07 23:30:38,4,True,routine
P006211,1,1,0,0,2026-04-15 14:00:22,2026-04-15 14:00:22,5,False,new
P006212,2,0,0,0,2026-02-16 15:21:18,2026-03-16 01:43:31,4,True,routine
P006213,5,4,3,0,2026-02-24 17:17:26,2026-04-27 07:58:24,3,False,routine
P006214,6,4,3,0,2026-01-15 04:19:16,2026-04-09 02:57:44,3,False,routine
P006215,3,2,0,0,2026-01-10 04:01:12,2026-04-18 04:47:40,3,True,routine
P006216,8,4,3,0,2026-01-10 23:01:28,2026-05-24 14:56:31,3,True,routine
P006217,2,2,0,0,2026-01-13 08:52:00,2026-03-06 18:16:55,5,True,routine
P006218,7,7,3,2,2026-01-02 02:58:46,2026-05-09 00:00:55,1,True,high_support_need
P006219,1,1,0,0,2026-03-27 19:24:45,2026-03-27 19:24:45,4,True,routine
P006220,5,4,1,0,2026-02-05 17:47:31,2026-05-20 00:24:16,3,True,routine
P006221,1,1,0,0,2026-05-02 01:26:40,2026-05-02 01:26:40,4,True,routine
P006222,4,3,1,0,2026-01-02 00:01:54,2026-05-03 03:59:19,2,True,routine
P006223,2,2,0,0,2026-03-31 07:06:59,2026-05-23 20:49:28,4,True,new
P006224,2,2,1,0,2026-04-27 00:10:31,2026-04-28 07:41:21,3,True,routine
P006225,6,4,1,0,2026-01-27 13:15:44,2026-05-31 17:16:28,2,False,new
P006226,1,0,0,0,2026-01-21 03:29:25,2026-01-21 03:29:25,5,True,high_support_need
P006227,4,2,0,0,2026-01-16 08:26:13,2026-04-30 11:28:47,3,True,new
P006228,3,1,1,0,2026-01-05 02:49:15,2026-05-16 07:27:37,4,True,routine
P006229,7,4,4,1,2026-01-10 10:38:49,2026-03-16 23:13:16,1,True,routine
P006230,5,2,2,0,2026-02-06 09:15:39,2026-05-14 03:48:56,4,False,routine
P006231,8,4,4,0,2026-01-01 10:00:39,2026-04-10 17:35:55,1,False,routine
P006232,4,3,1,0,2026-02-03 21:31:46,2026-05-19 16:02:20,3,True,routine
P006233,2,2,1,0,2026-04-09 13:25:00,2026-04-22 01:34:04,4,True,high_support_need
P006234,4,2,2,0,2026-01-17 03:36:00,2026-05-18 03:25:49,5,False,routine
P006235,6,5,2,1,2026-01-08 18:09:13,2026-05-07 20:28:10,1,True,routine
P006236,3,1,1,1,2026-01-09 20:39:16,2026-04-15 12:48:00,4,True,high_support_need
P006237,3,3,0,0,2026-02-11 13:16:26,2026-04-28 02:32:24,2,False,routine
P006238,3,1,0,0,2026-01-19 18:12:20,2026-04-19 11:21:09,5,True,routine
P006239,7,4,2,0,2026-01-15 17:37:54,2026-04-16 04:47:13,4,True,routine
P006241,5,4,3,1,2026-01-12 06:58:45,2026-04-19 11:20:04,3,True,new
P006242,6,4,2,0,2026-01-12 08:15:34,2026-05-27 10:59:12,2,True,routine
P006243,4,3,0,0,2026-01-08 22:21:43,2026-05-30 07:36:21,3,False,routine
P006244,1,1,0,0,2026-02-14 23:13:58,2026-02-14 23:13:58,5,True,routine
P006245,5,5,2,0,2026-01-19 11:41:18,2026-05-17 15:40:43,2,True,routine
P006246,4,2,1,0,2026-01-11 15:23:11,2026-05-10 11:19:08,4,False,routine
P006247,12,7,7,2,2026-01-16 14:51:54,2026-05-27 12:22:17,2,False,new
P006248,5,3,1,0,2026-02-15 07:42:25,2026-05-08 06:16:06,3,True,routine
P006249,6,6,3,0,2026-02-08 07:00:28,2026-04-29 20:12:48,1,True,routine
P006250,5,3,0,0,2026-02-14 05:08:15,2026-05-16 20:32:54,3,True,routine
P006251,4,4,1,0,2026-01-15 02:34:11,2026-05-26 00:31:01,3,True,routine
P006252,2,1,0,0,2026-02-03 01:31:35,2026-04-22 07:09:37,4,True,routine
P006253,2,1,0,0,2026-01-26 14:35:42,2026-03-19 02:02:45,3,True,routine
P006254,6,3,1,0,2026-01-25 14:50:13,2026-05-28 21:06:02,3,True,new
P006255,2,1,0,0,2026-01-15 06:31:49,2026-03-11 21:16:27,4,True,routine
P006256,2,1,0,0,2026-02-07 09:59:13,2026-05-21 04:31:02,5,True,routine
P006257,4,3,0,0,2026-01-07 21:09:37,2026-05-26 20:30:39,3,False,high_support_need
P006258,2,1,0,0,2026-02-03 08:43:31,2026-04-14 08:11:18,4,True,routine
P006259,5,3,3,0,2026-03-11 02:29:25,2026-05-24 06:22:20,3,True,routine
P006260,6,4,3,1,2026-02-14 11:35:26,2026-05-30 15:11:21,2,False,routine
P006261,4,2,1,0,2026-01-05 14:12:57,2026-05-28 22:49:24,4,True,routine
P006262,5,4,1,0,2026-01-11 02:19:54,2026-05-21 19:25:59,3,True,routine
P006263,6,5,2,0,2026-02-03 13:18:11,2026-05-25 23:18:15,2,True,new
P006264,4,1,1,0,2026-01-31 14:08:28,2026-05-03 22:54:17,3,True,high_support_need
P006265,6,4,3,0,2026-02-02 11:27:48,2026-04-29 04:44:40,2,False,high_support_need
P006266,4,1,1,0,2026-01-13 18:21:29,2026-03-21 17:47:08,4,True,new
P006267,4,3,1,0,2026-02-02 16:57:45,2026-05-25 00:29:10,4,True,routine
P006268,1,1,0,0,2026-02-16 12:20:16,2026-02-16 12:20:16,4,True,routine
P006269,4,4,2,1,2026-01-01 13:18:30,2026-04-12 06:00:52,3,True,routine
P006270,8,4,5,0,2026-02-04 05:54:38,2026-05-01 08:37:04,1,False,routine
P006271,3,2,1,0,2026-03-29 04:06:31,2026-05-03 05:44:10,4,True,high_support_need
P006272,5,4,0,0,2026-01-04 16:23:40,2026-04-21 14:44:42,3,True,routine
P006273,7,4,3,2,2026-01-11 21:21:50,2026-04-13 04:18:55,2,False,routine
P006274,3,2,0,0,2026-01-18 07:39:14,2026-05-19 06:45:51,3,True,routine
P006275,2,2,0,0,2026-01-08 02:31:52,2026-05-18 21:59:12,4,True,new
P006276,3,2,0,0,2026-02-15 14:55:28,2026-05-23 14:10:14,3,False,routine
P006277,3,1,1,0,2026-01-21 12:01:18,2026-05-13 07:35:57,5,False,routine
P006279,7,5,3,2,2026-01-19 03:14:29,2026-05-19 11:23:42,1,False,high_support_need
P006280,1,1,0,0,2026-02-15 23:19:31,2026-02-15 23:19:31,4,True,routine
P006281,4,4,0,0,2026-01-16 18:21:43,2026-04-27 16:16:43,3,True,routine
P006282,5,3,2,0,2026-01-01 13:55:29,2026-03-09 19:53:53,3,True,routine
P006283,5,3,1,0,2026-01-30 22:47:08,2026-05-13 03:49:26,3,True,routine
P006284,5,5,1,0,2026-01-16 03:59:31,2026-05-08 22:29:16,3,True,routine
P006285,5,4,1,0,2026-01-13 03:46:12,2026-04-25 19:24:40,3,False,routine
P006286,3,2,2,0,2026-03-30 18:51:31,2026-04-18 17:45:24,3,False,routine
P006287,6,4,0,0,2026-01-24 16:29:53,2026-05-22 22:46:35,3,False,routine
P006288,5,2,2,0,2026-01-08 17:04:37,2026-04-29 00:17:18,4,False,routine
P006289,5,3,1,0,2026-01-30 09:29:24,2026-05-25 06:02:40,3,False,routine
P006290,3,3,0,0,2026-03-09 02:52:38,2026-05-12 04:34:27,3,True,new
P006291,4,3,0,0,2026-01-08 11:49:16,2026-05-01 03:44:19,3,True,new
P006292,5,2,0,0,2026-01-13 23:05:27,2026-05-26 18:32:39,4,False,new
P006293,2,1,0,0,2026-02-04 19:18:59,2026-05-20 10:34:12,4,True,routine
P006294,3,3,1,0,2026-01-19 18:29:41,2026-03-03 04:53:24,3,True,routine
P006295,3,0,0,0,2026-01-19 22:16:33,2026-04-06 08:27:57,5,True,routine
P006296,2,1,0,0,2026-01-02 12:15:29,2026-03-14 00:09:22,4,True,routine
P006297,2,2,0,0,2026-01-29 00:06:54,2026-05-09 13:46:34,4,True,routine
P006298,2,1,0,0,2026-04-03 16:47:49,2026-05-31 16:31:57,5,True,high_support_need
P006299,2,1,0,0,2026-03-31 01:42:36,2026-04-17 03:10:34,4,True,high_support_need
P006300,6,3,1,0,2026-01-24 03:20:33,2026-05-17 08:16:40,3,True,routine
P006301,1,0,0,0,2026-04-10 03:12:21,2026-04-10 03:12:21,5,True,high_support_need
P006302,2,1,1,0,2026-02-25 22:07:05,2026-03-04 14:40:24,4,True,routine
P006303,2,1,0,0,2026-01-07 22:54:07,2026-02-03 08:16:17,4,True,high_support_need
P006304,7,6,5,0,2026-02-05 14:11:05,2026-05-23 23:32:58,1,False,routine
P006305,5,4,1,1,2026-01-11 10:33:28,2026-05-27 02:07:44,2,True,routine
P006306,5,4,2,0,2026-01-11 03:35:43,2026-03-21 21:55:29,3,True,routine
P006307,3,1,0,0,2026-02-06 14:31:53,2026-04-28 19:24:24,4,True,high_support_need
P006308,2,2,0,0,2026-01-12 22:43:01,2026-01-28 00:43:41,4,True,routine
P006309,4,1,2,0,2026-03-15 01:46:42,2026-04-29 06:14:49,4,True,new
P006310,6,5,1,0,2026-02-07 18:20:09,2026-05-27 07:02:02,3,False,new
P006311,5,4,0,1,2026-01-28 03:54:15,2026-05-14 09:25:58,4,True,new
P006312,6,5,3,0,2026-01-03 03:56:25,2026-05-23 18:39:10,2,True,routine
P006313,1,1,0,0,2026-05-22 12:04:21,2026-05-22 12:04:21,4,True,new
P006314,7,6,2,0,2026-01-17 00:49:45,2026-05-27 13:22:58,3,True,routine
P006315,2,2,1,0,2026-02-12 10:25:44,2026-02-19 06:30:09,4,True,routine
P006316,4,2,0,1,2026-01-16 18:04:33,2026-04-19 16:38:52,4,True,high_support_need
P006317,4,4,2,1,2026-01-23 00:00:59,2026-03-07 04:04:37,3,False,routine
P006318,2,1,0,0,2026-01-13 21:08:24,2026-02-28 14:59:54,5,True,high_support_need
P006319,4,4,2,1,2026-03-04 05:05:23,2026-05-06 00:41:56,2,False,routine
P006320,2,0,0,0,2026-01-31 15:16:38,2026-04-07 13:49:24,4,False,routine
P006321,5,5,3,0,2026-04-08 09:39:34,2026-05-29 04:22:44,2,False,new
P006322,5,4,1,0,2026-01-15 01:45:14,2026-05-28 14:56:50,3,False,new
P006323,5,3,2,0,2026-01-06 06:33:28,2026-05-07 00:18:21,4,True,routine
P006324,5,4,2,1,2026-02-04 16:33:49,2026-05-17 01:19:26,3,True,routine
P006325,6,5,2,0,2026-01-07 12:53:04,2026-05-28 18:22:14,1,True,routine
P006326,7,5,4,0,2026-01-04 04:43:26,2026-04-01 19:08:32,2,False,routine
P006327,6,4,2,0,2026-01-27 13:46:10,2026-05-15 09:46:31,4,False,new
P006328,5,4,2,0,2026-01-19 22:30:15,2026-05-21 15:34:35,4,True,routine
P006329,3,2,2,0,2026-05-14 06:30:02,2026-05-27 05:24:03,3,False,new
P006330,1,0,0,0,2026-02-21 22:27:59,2026-02-21 22:27:59,5,True,routine
P006331,7,5,2,0,2026-01-24 19:10:14,2026-05-15 12:32:05,3,False,routine
P006332,4,2,0,0,2026-01-01 12:15:13,2026-05-20 09:17:59,4,True,routine
P006333,6,4,1,1,2026-01-28 21:59:18,2026-05-24 10:08:06,3,True,routine
P006334,6,4,3,0,2026-01-05 13:42:07,2026-05-22 18:51:47,2,True,high_support_need
P006335,8,5,5,0,2026-01-01 20:08:16,2026-04-15 08:48:13,2,True,new
P006336,5,4,2,1,2026-01-27 15:51:07,2026-05-15 15:39:57,2,True,new
P006337,6,4,2,0,2026-01-19 14:51:34,2026-05-24 21:37:12,3,False,high_support_need
P006338,2,1,0,0,2026-03-09 11:44:53,2026-05-11 23:14:57,5,True,routine
P006339,7,4,4,0,2026-02-13 07:21:05,2026-04-12 18:21:14,2,False,routine
P006340,5,5,1,0,2026-01-02 10:58:44,2026-04-30 15:16:13,3,False,routine
P006341,6,4,3,1,2026-01-04 11:17:23,2026-03-31 18:47:47,2,False,new
P006342,5,2,2,0,2026-02-09 02:57:35,2026-05-28 06:14:58,4,False,high_support_need
P006343,3,3,0,0,2026-01-11 04:53:15,2026-03-27 15:26:07,3,True,routine
P006344,3,1,0,0,2026-01-12 23:05:18,2026-05-17 00:27:52,5,True,new
P006345,4,3,0,1,2026-01-06 06:06:54,2026-05-21 12:31:05,4,True,routine
P006346,4,0,1,0,2026-01-05 04:33:12,2026-05-04 14:01:12,4,True,routine
P006347,3,3,0,0,2026-01-07 08:08:16,2026-05-06 01:46:49,4,True,new
P006348,3,3,0,0,2026-03-05 18:33:18,2026-05-07 07:55:07,4,True,routine
P006349,4,3,2,0,2026-01-11 04:05:54,2026-02-16 02:02:44,3,True,routine
P006350,7,4,4,0,2026-03-09 19:06:48,2026-05-09 19:39:50,2,False,routine
P006351,2,0,0,0,2026-02-06 06:43:10,2026-03-13 11:02:29,4,True,high_support_need
P006352,3,3,2,0,2026-03-18 00:54:35,2026-03-29 07:04:42,2,True,routine
P006353,4,3,2,0,2026-01-21 14:49:16,2026-04-18 12:19:52,2,True,routine
P006354,6,5,3,1,2026-01-01 11:17:35,2026-05-17 14:07:39,1,False,new
P006355,4,2,2,0,2026-01-01 13:32:30,2026-03-26 07:45:48,3,True,routine
P006356,5,5,2,0,2026-01-07 03:56:26,2026-04-18 22:19:44,3,False,routine
P006357,6,4,2,1,2026-01-23 00:13:54,2026-05-01 05:23:23,3,True,routine
P006358,4,2,1,0,2026-02-15 20:44:11,2026-05-19 19:59:44,3,True,routine
P006359,3,2,0,0,2026-02-09 23:19:46,2026-04-28 12:05:39,4,True,high_support_need
P006360,1,1,0,0,2026-05-15 05:06:07,2026-05-15 05:06:07,4,True,routine
P006361,4,3,1,0,2026-01-17 16:34:40,2026-05-11 12:24:15,3,True,routine
P006362,2,1,0,0,2026-01-16 21:33:27,2026-05-12 08:01:51,3,True,routine
P006363,9,5,5,1,2026-01-02 17:07:26,2026-05-03 15:36:41,2,True,routine
P006364,4,2,1,0,2026-02-28 14:59:15,2026-04-17 09:42:45,4,True,routine
P006365,4,2,1,0,2026-02-01 00:01:58,2026-05-15 13:08:22,3,True,routine
P006366,1,1,0,0,2026-01-10 05:24:42,2026-01-10 05:24:42,5,True,routine
P006367,2,1,0,0,2026-01-20 10:13:23,2026-04-04 13:46:27,5,False,routine
P006368,2,2,0,0,2026-02-15 16:25:07,2026-05-02 03:22:50,4,True,new
P006369,4,3,0,0,2026-02-10 09:35:10,2026-05-27 17:11:35,3,False,routine
P006370,6,3,1,1,2026-01-18 14:25:11,2026-05-12 21:47:26,4,True,routine
P006371,3,3,1,0,2026-02-07 02:23:04,2026-05-10 19:06:24,3,False,routine
P006372,3,3,1,0,2026-02-01 07:05:48,2026-04-27 03:22:27,3,True,routine
P006373,3,2,2,0,2026-01-09 08:40:25,2026-01-16 19:01:06,3,True,routine
P006374,4,3,1,0,2026-02-13 04:40:55,2026-04-26 06:40:09,2,True,routine
P006375,3,0,0,0,2026-02-17 01:33:54,2026-05-18 20:25:01,4,True,routine
P006376,5,2,2,0,2026-01-03 00:57:55,2026-02-25 07:48:04,4,True,new
P006377,4,3,1,0,2026-01-12 20:29:22,2026-04-04 06:36:02,3,False,routine
P006378,5,3,2,0,2026-01-02 06:08:36,2026-05-14 20:38:31,2,True,routine
P006379,4,3,0,0,2026-01-15 03:31:17,2026-05-13 06:21:59,4,True,high_support_need
P006380,6,5,3,0,2026-01-16 13:01:33,2026-05-18 13:30:48,2,True,routine
P006381,1,1,0,0,2026-01-31 05:22:24,2026-01-31 05:22:24,4,True,routine
P006382,2,1,0,0,2026-02-22 03:25:09,2026-03-24 05:10:51,5,False,routine
P006383,4,3,1,0,2026-01-19 03:15:08,2026-05-06 20:35:23,3,True,routine
P006384,4,4,1,0,2026-03-16 19:06:03,2026-05-29 10:48:03,3,False,routine
P006385,3,2,1,0,2026-04-06 15:46:41,2026-05-22 04:31:55,3,True,routine
P006386,5,4,1,0,2026-02-02 21:13:10,2026-04-29 11:19:02,4,True,routine
P006387,3,1,2,0,2026-01-04 09:59:50,2026-01-20 21:58:15,4,False,new
P006388,7,4,4,0,2026-01-11 05:34:31,2026-05-14 04:01:04,2,True,routine
P006389,5,3,3,0,2026-03-11 07:21:14,2026-05-17 16:59:39,3,False,routine
P006390,6,4,1,0,2026-01-02 07:44:38,2026-05-13 18:36:59,2,True,new
P006391,6,6,3,0,2026-01-09 18:07:51,2026-05-26 08:26:51,2,False,routine
P006392,5,4,2,1,2026-02-01 17:56:46,2026-05-26 21:38:08,2,False,routine
P006393,2,2,0,0,2026-01-15 19:58:37,2026-03-01 21:11:52,5,True,routine
P006394,4,1,1,0,2026-03-16 03:58:02,2026-05-25 11:32:15,4,True,routine
P006395,3,2,0,0,2026-01-16 10:21:02,2026-04-07 08:34:51,4,True,routine
P006396,3,1,1,0,2026-02-27 10:54:07,2026-04-28 06:38:11,4,True,routine
P006397,6,4,3,0,2026-03-14 14:24:22,2026-05-30 19:53:17,3,True,routine
P006398,2,1,0,0,2026-05-05 12:02:18,2026-05-22 07:33:18,3,True,routine
P006399,2,2,0,0,2026-04-10 14:16:04,2026-05-04 17:26:23,4,True,new
P006400,2,1,0,0,2026-01-27 20:27:46,2026-04-04 16:14:24,4,True,routine
P006401,6,5,2,1,2026-01-17 07:19:11,2026-05-26 12:52:43,2,True,high_support_need
P006402,10,8,7,1,2026-02-11 10:06:31,2026-05-22 05:58:41,2,False,routine
P006403,1,0,0,0,2026-02-20 10:11:01,2026-02-20 10:11:01,4,True,routine
P006404,4,2,1,0,2026-01-15 10:54:25,2026-04-23 14:52:25,3,True,new
P006405,4,2,1,0,2026-02-06 12:12:52,2026-05-04 01:17:04,3,True,routine
P006406,2,1,0,0,2026-03-12 04:50:19,2026-05-05 14:28:28,3,True,new
P006407,1,0,0,0,2026-04-20 23:01:18,2026-04-20 23:01:18,4,True,new
P006408,4,4,0,0,2026-01-02 22:11:32,2026-05-19 11:10:04,2,True,high_support_need
P006409,3,2,1,0,2026-01-02 03:55:38,2026-02-15 07:33:23,4,False,routine
P006410,2,1,0,0,2026-01-13 12:40:31,2026-02-17 04:44:27,4,True,routine
P006411,1,1,0,0,2026-05-27 22:51:14,2026-05-27 22:51:14,5,True,routine
P006412,7,6,5,0,2026-01-01 18:32:20,2026-03-31 18:59:02,1,False,routine
P006414,1,0,0,0,2026-03-02 05:22:52,2026-03-02 05:22:52,5,True,routine
P006415,2,2,1,1,2026-04-25 21:28:19,2026-05-04 02:50:18,3,True,routine
P006416,8,5,3,0,2026-01-06 13:56:30,2026-04-21 13:22:08,2,False,high_support_need
P006417,1,1,0,0,2026-01-02 09:04:15,2026-01-02 09:04:15,4,False,routine
P006418,3,1,1,0,2026-02-25 00:37:58,2026-05-31 01:15:32,4,True,new
P006419,3,3,0,0,2026-02-24 01:30:05,2026-05-13 13:12:25,3,True,high_support_need
P006420,2,0,0,0,2026-03-17 04:39:16,2026-05-14 23:47:25,4,True,new
P006421,4,4,2,0,2026-02-16 08:01:23,2026-05-02 15:25:15,3,False,routine
P006422,3,1,0,0,2026-03-01 01:18:53,2026-05-29 12:48:51,4,False,routine
P006423,6,3,3,1,2026-01-06 21:32:31,2026-04-17 23:51:49,2,False,new
P006424,6,2,2,0,2026-01-10 13:46:01,2026-05-27 11:52:37,3,True,routine
P006425,4,3,1,0,2026-03-25 13:20:25,2026-04-28 10:27:21,3,True,routine
P006426,4,3,0,0,2026-02-08 05:46:27,2026-05-17 05:57:37,4,True,routine
P006427,4,4,0,1,2026-01-07 21:17:41,2026-05-11 10:28:52,3,True,new
P006428,9,7,5,0,2026-01-18 18:25:13,2026-05-16 07:40:31,2,False,new
P006429,4,3,1,0,2026-01-12 19:36:59,2026-03-24 20:08:29,3,False,new
P006430,5,2,1,0,2026-02-03 13:50:25,2026-05-14 22:10:20,4,False,routine
P006431,4,3,1,0,2026-01-28 15:27:09,2026-05-31 03:14:47,4,True,routine
P006432,6,4,2,0,2026-01-07 01:59:30,2026-05-16 15:23:11,3,False,routine
P006433,4,2,0,0,2026-01-15 00:33:54,2026-05-03 16:55:07,5,True,routine
P006434,5,2,2,0,2026-01-30 15:14:40,2026-04-02 18:29:37,4,True,routine
P006435,3,1,0,0,2026-01-09 19:42:38,2026-03-19 13:24:27,4,True,new
P006436,5,4,1,1,2026-02-05 14:53:13,2026-05-26 21:30:28,3,False,routine
P006437,4,3,0,0,2026-01-13 13:07:26,2026-04-24 19:41:17,3,True,routine
P006438,3,2,1,0,2026-03-31 06:52:18,2026-05-25 19:11:04,3,True,high_support_need
P006439,3,1,0,0,2026-02-07 11:46:46,2026-04-12 14:14:20,5,True,high_support_need
P006440,5,2,2,0,2026-02-10 13:09:51,2026-04-16 23:25:06,4,False,high_support_need
P006441,5,4,2,0,2026-01-13 22:40:04,2026-05-01 19:34:57,3,True,routine
P006442,4,3,2,0,2026-02-19 19:46:40,2026-05-17 12:45:05,3,False,routine
P006443,7,5,5,0,2026-02-10 17:53:26,2026-05-24 19:18:43,2,True,routine
P006444,4,3,1,0,2026-01-11 13:28:26,2026-04-22 22:30:07,4,True,new
P006445,7,4,4,0,2026-01-28 00:47:40,2026-05-21 14:32:23,1,True,routine
P006446,1,1,0,0,2026-05-13 17:36:49,2026-05-13 17:36:49,4,True,routine
P006447,5,5,2,0,2026-02-10 01:46:18,2026-05-27 10:21:03,2,False,high_support_need
P006448,4,2,2,0,2026-01-04 05:49:01,2026-05-25 05:09:46,2,True,new
P006449,3,1,1,0,2026-03-14 16:20:51,2026-04-26 10:21:35,3,True,routine
P006450,2,1,0,0,2026-02-18 23:34:13,2026-05-22 15:40:34,5,True,routine
P006452,2,2,1,0,2026-03-30 11:07:46,2026-04-08 08:40:38,3,True,routine
P006453,7,4,2,1,2026-01-03 19:57:37,2026-05-31 10:19:47,3,False,routine
P006454,5,3,1,1,2026-02-24 00:24:27,2026-05-10 14:35:39,3,True,routine
P006455,2,1,1,0,2026-02-22 09:23:47,2026-03-04 17:43:43,4,True,routine
P006456,5,3,3,0,2026-01-02 22:53:41,2026-04-18 10:41:28,3,True,routine
P006458,4,3,1,0,2026-01-18 12:00:16,2026-04-14 23:09:06,4,True,routine
P006460,7,2,2,0,2026-01-25 17:34:27,2026-05-31 10:20:44,2,True,high_support_need
P006461,5,5,2,1,2026-01-31 07:43:19,2026-05-06 01:06:57,3,False,routine
P006462,8,6,3,0,2026-01-03 11:18:59,2026-05-17 22:39:30,2,True,high_support_need
P006463,5,3,2,0,2026-03-02 03:31:35,2026-05-03 09:19:56,2,True,routine
P006464,4,4,1,0,2026-03-04 22:35:08,2026-05-10 19:54:31,3,False,routine
P006465,6,4,2,0,2026-01-06 21:56:35,2026-05-15 20:20:12,3,False,routine
P006466,3,1,1,0,2026-02-01 15:38:37,2026-03-26 14:38:51,4,True,routine
P006467,4,4,1,0,2026-01-25 18:50:18,2026-04-17 19:33:32,2,True,routine
P006468,3,2,0,0,2026-01-27 12:45:48,2026-04-28 05:20:51,4,True,routine
P006469,4,4,2,0,2026-01-24 04:36:04,2026-05-06 08:41:54,2,True,new
P006470,4,2,2,0,2026-02-01 21:44:27,2026-03-28 20:57:43,3,False,high_support_need
P006471,6,5,2,1,2026-01-16 05:39:57,2026-05-31 10:31:59,3,False,routine
P006472,6,6,2,1,2026-01-09 02:28:12,2026-05-18 09:51:15,1,False,new
P006473,5,3,0,0,2026-01-01 01:01:05,2026-05-30 01:11:19,4,False,high_support_need
P006474,5,2,1,0,2026-01-26 00:06:57,2026-05-12 07:43:08,3,True,routine
P006476,6,5,2,0,2026-01-08 04:47:27,2026-05-04 18:15:15,2,True,routine
P006477,5,3,2,0,2026-01-23 18:41:15,2026-05-22 01:07:40,3,False,routine
P006479,9,8,5,0,2026-01-05 20:41:28,2026-05-30 11:17:51,3,False,routine
P006480,5,4,2,1,2026-01-02 10:37:49,2026-04-12 23:02:42,3,True,routine
P006481,4,2,2,0,2026-01-28 11:45:52,2026-05-21 10:33:26,3,True,new
P006482,2,1,1,0,2026-01-17 20:55:40,2026-01-27 01:47:30,4,True,new
P006483,5,5,2,0,2026-01-30 00:51:59,2026-05-20 10:14:32,2,True,new
P006484,1,0,0,0,2026-05-08 00:36:30,2026-05-08 00:36:30,4,True,routine
P006485,2,2,1,0,2026-03-02 13:11:03,2026-03-13 14:22:48,3,False,routine
P006486,4,1,2,0,2026-01-08 17:01:53,2026-05-31 00:02:54,4,True,high_support_need
P006487,1,1,0,0,2026-01-08 11:33:24,2026-01-08 11:33:24,4,True,routine
P006488,6,3,2,0,2026-02-12 22:43:27,2026-05-18 23:56:41,3,False,routine
P006489,8,5,5,0,2026-03-10 04:16:16,2026-05-12 01:53:40,2,True,routine
P006490,5,3,3,0,2026-02-10 06:16:40,2026-04-03 04:18:43,2,True,routine
P006491,4,3,2,0,2026-03-20 12:38:02,2026-05-19 05:13:42,2,True,routine
P006492,6,4,2,0,2026-01-15 16:47:34,2026-05-21 05:14:00,3,True,routine
P006493,4,2,2,0,2026-03-10 04:52:14,2026-04-18 17:17:05,4,True,routine
P006494,2,1,0,1,2026-02-07 11:33:27,2026-03-23 23:11:56,3,False,routine
P006495,7,6,4,0,2026-02-08 21:25:44,2026-05-24 06:18:43,1,False,new
P006496,4,3,0,0,2026-01-02 09:51:21,2026-04-13 09:58:14,3,False,routine
P006497,2,1,1,0,2026-03-08 23:46:50,2026-03-23 02:24:12,4,False,high_support_need
P006498,3,2,0,0,2026-01-17 20:55:56,2026-04-19 11:18:17,4,False,routine
P006499,2,2,0,0,2026-01-04 04:47:24,2026-04-05 03:21:37,4,True,high_support_need
P006500,3,1,0,0,2026-03-09 17:41:12,2026-04-28 23:40:03,5,True,routine
P006501,7,4,5,0,2026-01-09 18:22:59,2026-03-19 23:26:21,2,False,new
P006502,3,1,1,0,2026-04-21 18:15:55,2026-05-26 09:05:49,4,True,high_support_need
P006503,4,2,1,1,2026-01-19 21:00:45,2026-05-19 05:12:53,3,False,new
P006504,5,5,1,0,2026-01-25 04:46:29,2026-05-24 18:49:08,3,False,high_support_need
P006505,5,3,1,0,2026-01-31 13:22:36,2026-05-13 12:23:35,3,False,new
P006506,3,2,1,0,2026-02-07 12:49:40,2026-05-10 19:03:22,3,True,high_support_need
P006507,5,3,2,0,2026-02-10 07:42:49,2026-05-24 11:37:47,3,False,routine
P006508,3,2,1,0,2026-01-20 14:30:29,2026-05-18 09:57:15,3,True,new
P006509,3,2,0,0,2026-02-14 13:51:31,2026-05-29 10:23:40,4,True,routine
P006510,4,3,1,0,2026-03-23 19:29:17,2026-05-26 05:58:42,3,True,routine
P006511,1,1,0,0,2026-03-01 22:14:22,2026-03-01 22:14:22,4,True,routine
P006512,7,3,4,0,2026-02-16 15:52:39,2026-04-28 13:13:18,2,True,routine
P006513,2,2,0,0,2026-01-31 13:21:47,2026-02-26 19:40:33,4,True,high_support_need
P006514,5,3,2,0,2026-02-18 07:48:48,2026-05-24 10:41:16,3,True,routine
P006515,5,5,1,0,2026-01-12 17:01:55,2026-05-06 12:15:38,2,True,routine
P006516,3,2,1,0,2026-02-19 12:55:27,2026-04-28 12:50:27,4,False,routine
P006517,6,2,4,0,2026-02-16 23:23:47,2026-05-03 23:37:27,3,True,routine
P006518,3,3,0,0,2026-01-23 13:20:05,2026-05-30 08:18:05,3,True,routine
P006519,6,4,2,0,2026-01-15 20:06:12,2026-05-25 22:57:53,3,True,high_support_need
P006520,10,4,6,1,2026-01-29 21:58:15,2026-05-28 08:20:11,2,False,routine
P006521,4,3,3,0,2026-02-21 17:28:41,2026-03-06 01:33:37,2,True,routine
P006522,1,1,0,0,2026-01-09 00:11:17,2026-01-09 00:11:17,4,False,routine
P006523,1,1,0,0,2026-02-28 04:31:06,2026-02-28 04:31:06,5,True,routine
P006524,7,5,4,0,2026-01-16 22:18:28,2026-04-10 09:26:28,2,True,routine
P006525,5,2,2,0,2026-01-08 03:32:09,2026-05-11 03:01:17,4,False,routine
P006526,4,2,0,0,2026-01-06 16:03:15,2026-04-22 10:59:48,4,False,routine
P006527,5,3,1,0,2026-01-16 20:40:12,2026-05-27 10:19:30,4,True,high_support_need
P006528,2,1,1,0,2026-03-05 21:49:55,2026-03-08 02:40:08,4,True,routine
P006529,2,1,0,0,2026-02-17 19:14:03,2026-05-25 00:32:29,3,True,routine
P006530,2,1,1,0,2026-01-03 06:43:51,2026-01-13 22:17:39,4,True,new
P006531,4,3,1,0,2026-03-12 08:47:04,2026-05-21 16:40:17,4,True,new
P006532,6,2,3,0,2026-01-23 02:37:17,2026-04-27 23:57:30,2,True,routine
P006533,6,5,3,0,2026-01-18 04:36:54,2026-05-05 06:12:16,2,False,routine
P006534,3,1,1,0,2026-01-01 04:08:41,2026-02-15 10:27:50,4,True,high_support_need
P006535,2,0,0,0,2026-01-14 08:58:04,2026-05-03 18:01:48,4,True,routine
P006536,4,2,1,0,2026-01-04 03:44:04,2026-05-27 05:28:43,4,True,routine
P006537,4,4,1,0,2026-01-08 04:04:12,2026-03-17 17:38:48,4,True,routine
P006538,3,1,0,0,2026-01-19 11:43:39,2026-05-07 10:52:36,5,True,routine
P006539,6,3,1,0,2026-01-02 21:05:29,2026-04-27 07:54:19,3,False,routine
P006540,2,1,0,0,2026-02-17 09:54:10,2026-04-06 08:57:09,4,True,routine
P006541,7,5,2,1,2026-01-03 00:06:18,2026-05-27 18:55:34,2,True,new
P006542,4,2,1,0,2026-01-03 17:28:30,2026-04-15 14:41:36,3,True,routine
P006543,3,1,0,0,2026-03-14 10:56:03,2026-05-14 20:00:23,3,False,high_support_need
P006544,2,2,0,0,2026-02-19 13:22:25,2026-04-01 22:57:04,4,True,high_support_need
P006545,4,2,0,0,2026-01-05 17:57:08,2026-05-28 03:58:52,4,True,routine
P006546,4,4,1,0,2026-01-13 08:05:32,2026-03-25 00:27:25,4,False,routine
P006547,6,5,2,0,2026-01-08 14:22:13,2026-05-08 09:27:17,3,False,routine
P006548,4,2,2,0,2026-02-06 00:58:47,2026-05-21 00:21:42,4,True,new
P006549,2,1,1,0,2026-03-11 21:32:56,2026-03-15 03:14:33,4,True,routine
P006550,2,2,0,0,2026-01-13 14:01:28,2026-02-16 19:35:59,5,True,routine
P006551,4,3,1,0,2026-02-20 00:57:02,2026-05-18 06:06:20,4,True,routine
P006552,7,7,5,1,2026-02-23 15:58:32,2026-05-21 09:42:33,3,True,routine
P006553,1,1,0,0,2026-03-17 01:27:36,2026-03-17 01:27:36,5,True,routine
P006554,3,3,1,0,2026-01-16 06:04:31,2026-04-16 20:26:21,4,True,routine
P006555,4,1,1,0,2026-01-31 00:08:37,2026-04-25 09:42:07,3,False,routine
P006556,10,8,5,0,2026-01-07 01:57:14,2026-05-28 15:20:32,1,True,routine
P006557,5,3,2,1,2026-01-26 14:55:18,2026-05-17 00:03:29,3,True,routine
P006558,1,0,0,0,2026-01-31 09:52:15,2026-01-31 09:52:15,5,True,routine
P006560,5,2,2,0,2026-02-12 20:50:56,2026-05-21 08:48:11,3,True,new
P006561,6,6,1,1,2026-01-23 21:09:57,2026-05-27 02:45:43,2,True,routine
P006562,4,4,1,0,2026-02-13 12:36:47,2026-04-29 20:12:11,4,False,routine
P006563,1,0,0,0,2026-04-17 07:33:22,2026-04-17 07:33:22,4,True,routine
P006564,3,2,1,0,2026-01-04 02:15:49,2026-02-03 09:35:51,3,True,new
P006565,3,0,2,0,2026-03-07 12:22:45,2026-03-17 12:35:32,4,True,new
P006566,1,0,0,0,2026-05-14 21:27:50,2026-05-14 21:27:50,5,True,new
P006567,5,5,0,0,2026-01-01 09:18:16,2026-05-31 02:11:59,3,True,routine
P006568,4,3,2,0,2026-03-21 05:46:23,2026-05-12 13:14:32,4,True,new
P006569,5,5,3,0,2026-03-10 11:42:32,2026-04-26 16:15:51,3,True,routine
P006570,9,7,4,0,2026-01-04 05:35:52,2026-05-15 14:34:10,1,False,new
P006571,5,2,2,0,2026-01-30 18:41:41,2026-05-20 12:13:34,4,True,routine
P006572,4,3,1,0,2026-01-01 11:42:09,2026-04-01 13:13:12,3,True,routine
P006573,1,0,0,0,2026-02-08 01:14:19,2026-02-08 01:14:19,4,True,routine
P006574,5,4,2,0,2026-01-03 10:57:08,2026-05-03 12:19:08,3,False,routine
P006575,3,2,1,0,2026-01-25 14:24:15,2026-03-08 10:27:33,4,True,high_support_need
P006576,4,3,0,1,2026-01-09 18:38:09,2026-05-29 23:23:10,3,True,high_support_need
P006577,2,0,0,0,2026-01-19 16:33:38,2026-03-17 18:16:16,5,True,routine
P006578,4,3,1,1,2026-01-09 12:56:19,2026-04-08 21:11:18,4,False,routine
P006579,6,6,4,0,2026-02-26 08:33:53,2026-05-14 21:28:07,2,False,routine
P006580,4,3,2,0,2026-03-07 01:51:20,2026-05-05 10:09:43,2,True,routine
P006581,4,2,1,0,2026-01-15 07:02:16,2026-05-13 01:07:38,3,False,new
P006582,8,7,6,0,2026-01-11 19:57:26,2026-03-14 18:20:11,2,False,routine
P006583,4,2,2,0,2026-01-24 11:40:20,2026-04-13 10:02:25,4,False,high_support_need
P006584,3,3,0,0,2026-01-19 07:10:53,2026-05-30 15:29:09,4,True,high_support_need
P006585,4,3,1,0,2026-01-03 07:14:01,2026-04-12 14:41:56,3,True,new
P006586,7,5,3,0,2026-01-16 09:12:35,2026-05-16 22:26:20,2,False,routine
P006587,3,1,2,0,2026-01-09 07:07:54,2026-01-25 08:01:35,4,True,new
P006588,8,6,4,0,2026-01-08 04:20:19,2026-05-24 17:40:08,1,False,routine
P006589,2,2,1,0,2026-05-20 19:19:50,2026-05-27 22:11:25,3,True,routine
P006590,2,0,1,0,2026-04-19 10:37:18,2026-04-24 18:48:53,4,False,routine
P006591,7,4,2,1,2026-01-12 07:26:46,2026-05-08 03:47:36,3,True,high_support_need
P006592,6,4,2,2,2026-02-02 16:30:08,2026-05-31 22:54:06,2,True,routine
P006593,6,6,3,0,2026-02-19 18:56:08,2026-05-31 19:59:12,2,True,routine
P006594,8,6,4,1,2026-01-12 03:14:32,2026-05-20 10:00:35,1,False,new
P006595,6,5,4,1,2026-01-17 06:49:22,2026-03-19 14:38:02,2,False,routine
P006596,6,6,3,1,2026-01-05 00:45:45,2026-05-18 16:02:31,2,False,high_support_need
P006597,4,1,2,0,2026-01-13 18:55:39,2026-05-07 10:26:29,4,True,routine
P006598,2,2,1,0,2026-04-02 19:48:37,2026-04-11 04:39:05,4,True,new
P006599,5,4,2,0,2026-01-08 14:20:45,2026-05-13 13:17:09,2,True,new
P006600,2,0,0,0,2026-03-23 19:25:44,2026-04-09 09:19:14,5,True,high_support_need
P006601,9,6,4,0,2026-01-05 15:54:09,2026-05-26 12:15:27,2,False,routine
P006602,7,3,5,0,2026-02-03 03:09:36,2026-04-18 08:46:24,3,True,new
P006603,3,3,1,0,2026-02-20 11:16:08,2026-03-23 16:08:12,3,False,routine
P006604,4,3,1,0,2026-01-15 03:21:41,2026-05-20 16:19:17,4,True,routine
P006605,2,1,0,0,2026-03-20 18:46:27,2026-05-04 11:31:47,5,True,routine
P006606,3,3,0,0,2026-01-16 05:23:15,2026-05-08 16:06:29,3,True,routine
P006607,2,1,0,0,2026-02-25 04:30:05,2026-04-18 07:25:32,5,True,routine
P006608,1,0,0,0,2026-04-20 01:43:25,2026-04-20 01:43:25,4,True,routine
P006609,4,1,2,0,2026-01-26 06:06:47,2026-05-26 19:25:05,3,True,routine
P006610,3,3,2,0,2026-01-26 01:07:56,2026-02-06 08:11:58,3,True,new
P006611,3,1,1,0,2026-02-15 08:53:11,2026-04-11 22:33:20,4,True,high_support_need
P006612,4,3,1,0,2026-02-02 09:10:52,2026-04-27 04:21:06,2,True,new
P006613,7,6,4,0,2026-01-21 13:46:46,2026-05-08 16:58:05,2,False,new
P006614,9,7,4,1,2026-01-13 20:32:36,2026-05-27 04:56:39,3,False,new
P006615,7,4,2,0,2026-01-08 16:31:25,2026-05-10 01:48:37,2,False,routine
P006616,5,4,2,1,2026-01-02 02:54:44,2026-04-25 14:34:54,3,False,routine
P006617,6,6,3,1,2026-01-08 08:07:27,2026-05-23 05:06:37,2,False,routine
P006618,3,2,1,0,2026-03-22 23:39:04,2026-04-09 19:46:11,5,True,routine
P006619,4,3,1,0,2026-02-05 01:26:41,2026-04-12 08:07:31,3,True,routine
P006620,6,5,2,0,2026-01-04 05:46:20,2026-04-21 07:38:06,3,True,routine
P006621,4,3,2,0,2026-04-18 04:05:37,2026-05-25 20:23:12,3,False,routine
P006622,4,1,1,0,2026-01-20 20:50:03,2026-05-24 01:48:22,3,True,routine
P006623,4,2,1,0,2026-02-05 02:02:59,2026-05-16 14:58:21,4,True,routine
P006624,2,1,0,0,2026-01-01 22:41:04,2026-04-17 18:31:14,4,True,routine
P006625,5,3,2,0,2026-01-11 11:25:08,2026-05-17 21:17:22,2,False,routine
P006626,5,4,2,1,2026-01-17 11:52:20,2026-05-30 14:15:21,3,True,routine
P006627,4,3,1,0,2026-01-08 03:59:05,2026-04-17 05:32:49,3,True,routine
P006628,3,3,0,0,2026-01-11 04:15:18,2026-03-25 20:10:23,3,True,routine
P006629,7,6,3,0,2026-01-27 00:03:11,2026-05-24 14:37:58,2,False,routine
P006630,6,2,1,0,2026-01-14 21:49:41,2026-05-27 18:11:22,4,True,routine
P006631,4,3,2,0,2026-01-08 13:47:41,2026-02-14 21:08:53,3,False,routine
P006632,2,0,0,0,2026-04-27 00:36:59,2026-05-27 16:21:28,5,True,routine
P006633,3,1,1,0,2026-01-11 20:33:29,2026-03-13 00:51:36,3,True,routine
P006634,5,3,3,0,2026-03-31 00:58:57,2026-05-19 12:30:49,2,False,routine
P006635,1,1,0,0,2026-02-17 22:01:48,2026-02-17 22:01:48,4,True,routine
P006636,5,3,0,0,2026-01-26 14:28:30,2026-05-23 23:51:59,4,True,routine
P006637,3,2,1,0,2026-03-18 04:57:53,2026-05-17 19:42:36,4,False,routine
P006638,6,4,2,0,2026-01-03 19:22:12,2026-05-26 18:41:24,3,True,routine
P006639,7,3,3,0,2026-01-15 17:59:31,2026-05-04 11:28:19,2,False,new
P006640,5,3,3,0,2026-01-15 04:21:17,2026-03-22 17:10:57,2,True,new
P006641,3,2,1,0,2026-03-08 22:30:20,2026-05-11 20:08:22,4,True,routine
P006642,2,1,0,0,2026-04-26 00:59:19,2026-05-31 09:00:26,5,True,routine
P006643,4,3,1,0,2026-02-20 07:32:58,2026-04-16 21:43:08,3,True,routine
P006644,3,2,0,0,2026-02-17 20:48:55,2026-04-25 00:53:09,4,False,routine
P006645,6,5,1,0,2026-01-09 15:34:11,2026-05-30 12:45:20,3,True,new
P006646,4,3,1,0,2026-02-27 14:00:28,2026-05-14 20:25:58,4,True,new
P006647,2,1,0,0,2026-03-29 05:42:05,2026-04-14 22:43:00,4,True,high_support_need
P006648,2,2,0,0,2026-03-08 23:54:18,2026-04-26 23:41:37,3,False,new
P006649,4,2,0,0,2026-01-24 10:48:51,2026-05-15 02:03:49,3,True,high_support_need
P006650,1,0,0,0,2026-03-31 07:46:09,2026-03-31 07:46:09,5,True,new
P006651,5,2,1,0,2026-01-15 11:14:19,2026-05-17 18:28:53,4,True,new
P006652,2,2,0,0,2026-01-24 01:00:13,2026-04-15 05:01:54,3,True,routine
P006653,5,3,2,1,2026-01-01 20:12:01,2026-05-14 19:39:22,2,False,routine
P006654,5,3,2,0,2026-01-23 11:50:47,2026-05-29 15:58:55,3,False,routine
P006655,8,4,5,0,2026-01-16 12:00:24,2026-05-19 21:05:12,2,True,routine
P006656,2,2,0,0,2026-01-23 18:40:10,2026-05-18 20:17:39,5,True,routine
P006657,3,2,1,0,2026-01-11 17:18:44,2026-05-22 12:52:13,3,False,new
P006658,4,2,2,0,2026-03-08 06:19:05,2026-05-23 12:12:23,4,True,routine
P006659,6,4,2,0,2026-01-05 12:52:21,2026-05-11 03:57:26,3,True,new
P006660,4,3,1,1,2026-02-11 05:42:05,2026-05-18 09:26:59,4,True,new
P006661,6,2,3,0,2026-02-18 21:37:35,2026-05-23 07:35:13,4,False,new
P006662,4,3,0,0,2026-01-02 15:09:31,2026-04-18 01:22:52,3,False,routine
P006663,5,3,2,0,2026-01-30 02:54:43,2026-05-05 10:18:52,3,True,high_support_need
P006664,4,3,1,0,2026-01-01 08:11:45,2026-05-30 22:53:36,3,True,new
P006665,2,1,0,0,2026-01-22 04:05:21,2026-03-29 13:32:03,3,True,routine
P006666,4,4,1,1,2026-01-31 09:09:17,2026-04-03 10:47:36,2,True,routine
P006667,6,5,4,0,2026-03-18 08:46:31,2026-05-24 05:32:56,2,True,routine
P006668,2,1,0,1,2026-03-07 15:13:24,2026-04-06 13:56:02,5,True,routine
P006669,2,0,0,0,2026-03-31 06:08:27,2026-05-24 21:12:06,4,True,high_support_need
P006670,5,4,2,0,2026-01-28 13:28:16,2026-05-02 07:36:43,2,False,routine
P006671,5,3,3,0,2026-03-27 21:25:30,2026-05-19 08:22:21,2,True,new
P006672,3,3,0,0,2026-02-17 03:05:05,2026-04-15 03:11:09,5,True,routine
P006673,2,0,0,0,2026-03-19 06:14:16,2026-04-12 04:50:47,5,True,routine
P006674,5,4,1,0,2026-01-06 11:30:01,2026-05-18 08:41:39,3,True,new
P006675,6,2,2,0,2026-01-09 14:57:45,2026-05-13 07:31:22,3,True,high_support_need
P006676,3,2,0,0,2026-01-02 05:33:34,2026-03-09 22:48:20,3,False,routine
P006677,2,2,0,0,2026-03-06 23:42:06,2026-04-06 09:42:20,4,True,routine
P006679,3,1,1,0,2026-02-28 15:53:05,2026-05-20 07:20:42,4,True,routine
P006680,6,6,4,0,2026-03-04 18:58:11,2026-05-06 12:42:22,3,False,high_support_need
P006681,2,1,0,0,2026-03-28 16:45:38,2026-05-02 03:44:32,5,True,high_support_need
P006682,4,2,1,0,2026-01-17 16:08:27,2026-05-05 08:28:16,4,True,routine
P006683,3,2,1,0,2026-01-16 11:56:19,2026-02-12 11:49:45,4,False,new
P006684,4,1,2,0,2026-01-22 23:46:31,2026-04-10 19:18:06,3,False,routine
P006685,2,1,0,0,2026-01-04 02:00:29,2026-03-15 16:58:42,5,True,routine
P006686,6,3,2,0,2026-01-19 09:47:09,2026-04-23 17:32:58,3,False,routine
P006687,2,1,0,0,2026-04-26 22:00:16,2026-05-22 00:22:02,4,True,routine
P006688,3,3,0,0,2026-02-17 16:54:32,2026-05-13 16:25:00,4,True,new
P006689,1,1,0,0,2026-05-05 03:42:43,2026-05-05 03:42:43,4,True,routine
P006690,4,4,1,0,2026-01-17 20:13:52,2026-05-20 17:56:05,2,True,routine
P006691,6,6,1,0,2026-01-21 05:09:47,2026-05-11 05:54:21,3,True,new
P006692,4,3,0,0,2026-01-28 12:52:21,2026-05-10 01:08:30,4,True,routine
P006693,3,2,1,0,2026-01-17 07:32:19,2026-02-15 11:32:40,3,True,routine
P006694,6,4,2,0,2026-02-18 10:12:24,2026-05-10 16:15:57,3,True,routine
P006695,5,4,3,1,2026-01-18 16:34:02,2026-05-30 22:17:22,3,False,routine
P006696,6,6,3,1,2026-01-13 10:01:08,2026-05-30 22:18:31,2,False,routine
P006697,4,3,1,0,2026-01-31 08:20:21,2026-04-24 23:19:09,2,False,high_support_need
P006698,3,3,0,0,2026-03-12 22:44:34,2026-05-09 10:02:07,4,True,routine
P006699,3,2,1,0,2026-02-18 02:21:49,2026-03-27 05:34:53,4,True,routine
P006700,3,2,0,0,2026-02-05 00:22:29,2026-04-28 09:51:53,4,True,routine
P006701,5,3,2,0,2026-02-27 03:11:30,2026-05-20 17:13:00,3,False,new
P006702,4,2,1,0,2026-02-25 23:59:58,2026-05-30 10:52:47,3,True,high_support_need
P006703,3,2,1,0,2026-03-09 02:24:55,2026-04-11 19:31:23,4,True,new
P006704,2,1,0,0,2026-03-03 22:47:14,2026-04-23 08:47:07,5,True,high_support_need
P006705,1,1,0,0,2026-05-24 09:34:47,2026-05-24 09:34:47,3,True,routine
P006706,4,3,0,0,2026-01-08 03:59:01,2026-04-24 14:38:32,3,True,routine
P006707,3,2,0,0,2026-03-02 12:10:14,2026-05-01 09:21:47,4,True,routine
P006708,5,3,1,0,2026-01-12 18:07:35,2026-05-09 05:39:42,3,True,routine
P006709,6,5,0,0,2026-01-02 02:55:20,2026-05-29 07:45:13,3,False,high_support_need
P006710,4,4,0,0,2026-01-14 12:13:55,2026-05-02 06:45:16,3,True,new
P006711,4,4,1,0,2026-01-06 07:01:13,2026-05-19 15:48:38,4,True,routine
P006712,4,3,2,0,2026-01-17 19:46:01,2026-03-19 00:59:20,3,False,routine
P006713,3,1,0,0,2026-01-03 18:19:58,2026-03-18 01:21:02,5,True,routine
P006714,1,1,0,1,2026-05-08 08:07:58,2026-05-08 08:07:58,4,True,new
P006715,3,1,0,0,2026-02-17 15:47:52,2026-04-24 16:13:22,4,True,routine
P006716,5,3,2,0,2026-02-17 05:14:07,2026-05-12 00:05:59,3,True,routine
P006717,3,1,0,0,2026-01-27 08:13:37,2026-05-31 05:10:53,5,True,routine
P006718,4,3,1,0,2026-01-02 18:42:32,2026-03-25 02:37:33,3,True,routine
P006719,4,4,1,0,2026-02-02 20:50:30,2026-05-04 20:38:55,4,True,routine
P006720,2,1,0,1,2026-02-20 19:13:56,2026-04-20 05:26:34,4,True,routine
P006721,2,0,0,0,2026-02-27 07:59:08,2026-04-25 13:05:12,4,True,routine
P006722,5,4,2,0,2026-01-31 07:26:36,2026-05-28 19:43:59,3,True,routine
P006723,4,2,1,0,2026-02-01 07:31:52,2026-05-04 15:34:56,3,True,routine
P006724,8,5,4,1,2026-01-18 12:40:45,2026-04-21 00:54:09,2,False,high_support_need
P006725,3,2,0,0,2026-03-14 12:32:34,2026-04-30 20:19:12,4,False,routine
P006726,3,3,0,0,2026-01-05 04:51:51,2026-05-13 20:30:38,3,True,high_support_need
P006727,4,1,1,0,2026-01-19 03:58:34,2026-04-05 03:18:22,3,True,high_support_need
P006728,4,1,2,0,2026-01-20 03:16:30,2026-03-22 21:18:34,4,True,routine
P006729,4,1,0,0,2026-01-04 04:59:44,2026-05-11 10:25:22,4,False,routine
P006730,1,0,0,0,2026-02-26 20:58:40,2026-02-26 20:58:40,5,True,new
P006731,6,4,3,0,2026-01-19 00:09:29,2026-05-18 08:45:41,2,False,routine
P006732,8,4,5,0,2026-01-14 22:59:16,2026-05-17 23:05:43,2,False,routine
P006733,4,2,0,0,2026-01-08 00:52:31,2026-05-09 01:03:47,4,True,new
P006734,7,5,4,0,2026-01-08 14:17:38,2026-05-31 08:27:13,1,True,high_support_need
P006735,4,3,1,0,2026-01-06 11:58:42,2026-03-14 20:49:13,3,False,routine
P006736,6,4,2,0,2026-02-06 01:19:58,2026-05-25 23:01:11,3,True,routine
P006737,3,3,1,0,2026-01-13 22:39:33,2026-04-06 20:30:23,3,False,routine
P006738,6,5,3,0,2026-01-09 08:29:48,2026-04-21 22:36:21,2,True,new
P006739,2,1,1,0,2026-02-10 11:21:55,2026-02-20 23:54:40,4,True,routine
P006740,4,1,1,0,2026-02-26 18:26:02,2026-04-23 18:34:39,4,True,routine
P006741,5,3,3,0,2026-01-28 09:46:42,2026-05-15 19:26:11,2,True,new
P006742,3,2,0,0,2026-01-19 23:23:01,2026-05-30 21:40:41,5,True,routine
P006743,3,1,1,0,2026-03-14 12:39:37,2026-05-06 00:06:14,4,True,new
P006744,4,1,0,0,2026-01-08 23:08:18,2026-05-30 00:19:14,5,True,routine
P006745,3,2,2,0,2026-05-03 10:49:36,2026-05-19 03:55:39,3,True,routine
P006746,2,1,1,0,2026-01-08 18:36:13,2026-01-09 01:56:09,3,True,routine
P006748,3,3,1,0,2026-02-06 17:01:21,2026-03-23 00:37:24,4,True,high_support_need
P006750,3,1,0,0,2026-01-07 03:08:34,2026-05-29 13:37:12,5,True,new
P006751,5,4,2,0,2026-02-17 17:33:44,2026-05-31 11:12:45,3,True,new
P006752,6,4,3,0,2026-02-01 00:45:49,2026-05-12 21:55:30,3,True,new
P006753,4,2,1,0,2026-02-07 15:40:03,2026-05-15 14:09:33,3,False,routine
P006754,4,3,1,1,2026-01-28 05:13:24,2026-04-28 16:52:01,4,True,new
P006755,4,2,0,0,2026-01-07 09:33:46,2026-05-05 01:18:06,4,True,new
P006756,2,2,0,0,2026-01-10 04:20:44,2026-02-20 22:41:10,4,False,high_support_need
P006757,4,3,1,0,2026-01-08 12:54:39,2026-05-18 23:03:20,3,False,new
P006758,3,3,0,0,2026-02-25 08:34:13,2026-05-15 22:39:38,3,True,routine
P006759,4,3,2,0,2026-02-14 05:06:14,2026-04-06 18:16:49,2,True,routine
P006760,2,0,0,0,2026-04-14 09:07:55,2026-05-04 22:36:17,4,True,new
P006761,5,2,2,0,2026-01-24 03:34:11,2026-04-12 05:43:41,3,True,new
P006762,3,3,0,0,2026-01-12 00:52:03,2026-04-18 13:23:37,3,False,routine
P006763,2,2,0,0,2026-01-10 02:17:47,2026-03-14 16:10:57,4,True,high_support_need
P006764,1,1,0,0,2026-01-14 10:00:56,2026-01-14 10:00:56,5,True,new
P006765,5,4,2,2,2026-01-16 02:08:52,2026-05-31 21:05:40,2,True,routine
P006766,4,4,0,0,2026-01-05 06:30:07,2026-04-25 08:55:27,3,True,routine
P006767,5,5,3,0,2026-01-07 01:52:24,2026-03-30 08:05:49,2,False,new
P006768,5,3,3,1,2026-01-11 23:42:03,2026-05-17 02:16:58,2,True,new
P006769,5,2,1,0,2026-01-10 03:33:45,2026-05-31 13:15:59,4,True,new
P006770,5,4,3,0,2026-01-16 09:34:50,2026-04-18 09:11:44,3,True,new
P006771,2,1,0,1,2026-02-27 15:44:30,2026-05-19 11:18:00,4,False,new
P006772,1,1,0,0,2026-05-15 01:07:19,2026-05-15 01:07:19,3,True,routine
P006773,1,0,0,0,2026-05-12 17:11:50,2026-05-12 17:11:50,4,True,routine
P006774,5,4,0,0,2026-01-09 18:36:18,2026-05-14 18:11:39,3,False,routine
P006776,4,2,1,1,2026-01-22 23:36:10,2026-05-07 02:12:15,4,False,new
P006777,7,7,4,0,2026-01-03 00:14:05,2026-05-05 00:56:42,2,False,routine
P006778,8,8,5,0,2026-01-22 17:52:57,2026-03-26 10:31:19,1,False,routine
P006779,5,3,0,1,2026-02-17 23:51:44,2026-05-16 23:28:59,4,False,routine
P006780,5,3,1,0,2026-01-24 01:26:09,2026-05-30 18:51:22,2,True,new
P006781,6,4,3,1,2026-01-02 01:30:32,2026-05-01 16:53:16,3,True,routine
P006782,8,7,3,0,2026-01-02 15:55:21,2026-05-04 17:32:04,1,True,routine
P006783,6,4,2,0,2026-01-16 04:03:43,2026-05-09 00:23:27,3,True,routine
P006784,2,1,1,0,2026-03-22 23:52:51,2026-03-25 17:31:36,4,True,routine
P006785,6,6,2,1,2026-01-04 15:05:30,2026-04-22 16:39:08,2,True,high_support_need
P006786,3,3,0,0,2026-03-24 03:44:37,2026-05-28 19:23:50,3,False,routine
P006787,6,4,3,1,2026-02-02 00:26:33,2026-05-18 13:11:43,2,True,new
P006788,7,5,4,1,2026-02-16 22:22:25,2026-05-27 10:56:48,2,False,new
P006789,5,4,2,0,2026-02-14 19:35:56,2026-05-22 23:09:51,3,True,routine
P006790,5,1,1,0,2026-02-04 10:07:29,2026-04-30 15:27:24,4,False,routine
P006791,3,2,0,0,2026-01-16 04:47:11,2026-04-15 20:58:05,3,True,routine
P006792,2,2,0,0,2026-02-22 08:41:34,2026-03-24 19:05:46,5,True,new
P006793,7,5,4,0,2026-01-16 05:48:03,2026-05-05 09:40:20,1,False,routine
P006794,3,2,0,0,2026-01-20 14:00:48,2026-04-24 00:25:08,4,True,routine
P006795,5,2,1,0,2026-01-19 18:18:33,2026-05-05 13:04:27,4,True,routine
P006796,2,2,0,0,2026-01-20 17:04:38,2026-03-03 05:21:03,3,True,routine
P006797,6,3,4,2,2026-02-25 02:11:21,2026-05-10 03:01:50,3,True,new
P006798,5,4,2,0,2026-01-06 00:06:32,2026-04-02 22:22:19,3,True,routine
P006799,8,3,4,0,2026-01-13 03:00:42,2026-04-22 03:08:52,2,False,routine
P006800,4,3,2,0,2026-01-01 23:25:58,2026-02-19 20:42:17,3,True,routine
P006801,2,1,0,0,2026-02-19 14:02:00,2026-03-06 21:56:22,5,True,routine
P006802,4,1,0,0,2026-01-25 11:35:33,2026-05-20 04:13:43,4,True,high_support_need
P006803,4,2,1,0,2026-02-10 18:33:41,2026-05-09 12:00:12,3,False,routine
P006804,4,2,2,0,2026-01-21 02:14:49,2026-04-21 10:23:22,3,True,high_support_need
P006805,5,4,2,1,2026-01-27 06:59:30,2026-05-27 20:20:54,2,False,routine
P006806,4,3,0,0,2026-01-15 23:40:32,2026-04-17 19:34:59,3,False,new
P006807,2,2,0,0,2026-01-10 08:33:06,2026-02-27 08:58:57,4,True,routine
P006808,6,2,2,0,2026-01-18 03:20:07,2026-04-18 17:57:29,4,True,new
P006809,4,3,1,0,2026-03-24 08:40:06,2026-05-23 11:28:40,4,True,high_support_need
P006810,4,1,0,0,2026-01-16 13:45:20,2026-05-17 22:23:26,5,True,routine
P006811,2,2,0,0,2026-03-17 09:08:09,2026-05-25 03:30:23,4,True,new
P006812,1,1,0,0,2026-05-09 22:28:17,2026-05-09 22:28:17,3,False,new
P006814,3,1,0,0,2026-01-24 11:53:51,2026-05-31 09:42:44,4,True,routine
P006815,2,1,1,0,2026-01-18 15:13:22,2026-01-19 11:13:22,4,True,new
P006816,5,4,2,0,2026-01-20 10:38:50,2026-05-31 19:19:15,3,False,routine
P006817,3,2,0,0,2026-03-13 19:48:17,2026-05-23 15:41:18,4,True,new
P006818,6,5,2,0,2026-02-03 12:03:59,2026-05-17 05:28:16,3,True,routine
P006819,1,0,0,0,2026-02-16 09:54:56,2026-02-16 09:54:56,5,True,routine
P006820,3,1,0,0,2026-01-02 10:37:51,2026-04-21 11:40:35,5,True,high_support_need
P006821,2,1,0,0,2026-03-08 03:19:06,2026-04-06 20:04:38,4,True,new
P006822,3,2,0,0,2026-01-17 12:29:44,2026-05-25 19:56:56,3,True,routine
P006823,4,4,1,0,2026-02-24 08:26:00,2026-05-11 01:02:37,3,True,high_support_need
P006824,8,5,3,1,2026-01-13 03:09:41,2026-05-30 17:58:13,1,True,high_support_need
P006825,5,4,1,0,2026-01-04 00:35:34,2026-05-31 02:55:20,2,True,routine
P006826,5,3,1,0,2026-02-09 01:13:32,2026-05-21 03:13:53,3,True,routine
P006827,4,4,2,0,2026-01-01 23:50:33,2026-05-01 23:29:15,3,False,routine
P006828,5,5,0,0,2026-01-07 06:56:36,2026-05-25 10:37:14,4,True,new
P006829,1,1,0,1,2026-04-10 22:49:15,2026-04-10 22:49:15,4,True,high_support_need
P006830,5,3,1,1,2026-01-04 23:22:10,2026-05-16 23:12:11,3,True,new
P006831,3,2,1,0,2026-02-21 13:02:25,2026-03-31 10:39:05,4,False,routine
P006832,1,1,0,0,2026-02-09 12:36:19,2026-02-09 12:36:19,5,True,routine
P006833,5,5,1,0,2026-01-20 07:51:44,2026-04-21 06:25:19,3,False,routine
P006834,9,4,4,0,2026-01-03 20:37:56,2026-05-28 16:31:31,3,False,new
P006835,3,1,1,0,2026-01-12 09:45:56,2026-02-11 07:23:18,4,False,routine
P006836,3,3,0,0,2026-02-26 01:05:34,2026-05-26 01:46:47,2,True,new
P006837,5,5,1,0,2026-01-22 03:44:07,2026-05-14 09:42:53,2,False,routine
P006838,4,3,1,0,2026-02-02 19:22:32,2026-05-26 13:04:36,2,True,routine
P006839,5,2,3,0,2026-01-09 12:41:18,2026-05-01 17:47:50,3,False,high_support_need
P006840,1,1,0,0,2026-04-07 18:22:52,2026-04-07 18:22:52,4,True,high_support_need
P006841,7,5,3,0,2026-01-19 10:17:20,2026-05-18 00:14:51,2,True,routine
P006842,5,3,2,0,2026-03-01 00:18:47,2026-05-27 02:35:59,3,True,routine
P006843,5,5,1,0,2026-01-08 08:32:55,2026-05-24 09:49:32,4,True,routine
P006844,3,0,1,0,2026-01-01 21:12:54,2026-05-23 00:24:58,4,True,routine
P006846,4,4,2,1,2026-02-09 06:00:16,2026-04-29 01:06:36,3,False,new
P006847,6,4,0,0,2026-01-05 13:56:52,2026-05-26 20:00:45,4,True,routine
P006848,5,4,1,0,2026-02-15 05:20:27,2026-05-13 10:05:55,3,False,routine
P006849,5,4,2,0,2026-02-15 15:15:34,2026-05-06 14:02:37,3,True,routine
P006850,6,3,2,0,2026-01-20 14:28:53,2026-05-29 17:23:55,3,True,routine
P006851,1,0,0,0,2026-01-09 03:03:23,2026-01-09 03:03:23,4,True,routine
P006852,4,3,1,0,2026-02-20 19:43:06,2026-05-31 14:40:44,4,False,high_support_need
P006853,4,4,0,0,2026-01-05 18:23:35,2026-04-07 09:01:54,3,True,high_support_need
P006854,3,1,2,0,2026-05-06 11:51:59,2026-05-26 02:54:17,4,True,routine
P006855,2,1,0,0,2026-01-05 22:05:10,2026-05-08 01:37:27,4,True,high_support_need
P006856,3,3,0,0,2026-02-09 08:35:20,2026-05-24 07:47:47,4,True,new
P006857,2,2,0,0,2026-01-20 12:35:13,2026-04-20 13:50:36,4,True,routine
P006858,8,5,4,0,2026-02-09 10:27:10,2026-05-23 18:44:21,1,False,routine
P006859,5,2,1,0,2026-01-17 11:33:09,2026-05-31 12:37:58,3,True,new
P006860,5,4,3,0,2026-04-15 16:42:11,2026-05-18 21:02:55,3,True,new
P006861,2,1,1,0,2026-05-16 13:26:22,2026-05-29 07:14:20,4,True,routine
P006862,4,3,0,0,2026-01-23 13:38:29,2026-05-21 17:14:04,3,True,new
P006863,6,3,1,0,2026-01-14 05:44:28,2026-05-25 15:34:44,3,False,high_support_need
P006864,4,3,1,0,2026-01-20 12:58:28,2026-05-19 14:29:04,4,True,routine
P006865,7,3,3,0,2026-01-03 14:20:23,2026-05-04 18:22:28,4,True,new
P006866,3,1,1,0,2026-02-06 08:41:09,2026-05-05 00:51:48,3,True,new
P006867,6,5,3,0,2026-01-02 22:50:30,2026-05-18 17:36:52,2,False,high_support_need
P006868,10,6,6,0,2026-01-11 07:06:27,2026-05-29 02:01:36,2,True,routine
P006869,4,2,2,0,2026-01-16 03:45:27,2026-04-13 16:39:26,3,False,routine
P006870,3,3,0,1,2026-01-14 18:38:05,2026-05-03 15:26:39,4,True,high_support_need
P006871,5,2,2,1,2026-01-25 07:57:07,2026-05-18 12:10:07,3,True,routine
P006872,3,1,0,0,2026-02-08 05:32:11,2026-05-19 08:14:26,4,True,high_support_need
P006874,8,6,3,0,2026-01-01 05:47:17,2026-05-23 07:21:33,3,False,routine
P006875,4,2,1,1,2026-01-21 22:46:23,2026-04-02 05:30:47,3,True,routine
P006876,2,1,1,0,2026-03-16 21:41:55,2026-03-29 12:30:29,5,True,routine
P006877,4,3,2,1,2026-03-05 04:58:17,2026-04-23 17:03:25,3,True,routine
P006878,3,2,1,0,2026-03-27 10:40:19,2026-05-04 17:43:38,4,True,new
P006879,4,2,0,0,2026-01-26 02:43:18,2026-04-26 21:47:59,4,False,routine
P006880,10,6,6,0,2026-01-09 22:03:29,2026-05-10 03:01:24,1,False,new
P006881,5,3,1,0,2026-02-04 02:29:50,2026-05-23 16:50:47,3,False,new
P006882,3,1,0,0,2026-02-05 23:54:27,2026-03-19 08:59:54,4,True,routine
P006883,5,2,1,0,2026-01-15 12:29:46,2026-04-28 23:16:23,4,True,new
P006884,4,4,1,0,2026-01-12 07:52:08,2026-05-31 06:56:07,3,False,routine
P006886,1,0,0,0,2026-03-28 06:31:26,2026-03-28 06:31:26,5,True,routine
P006887,5,3,2,0,2026-01-22 09:22:03,2026-05-05 04:51:48,4,False,routine
P006888,3,3,1,0,2026-01-22 13:03:36,2026-05-29 18:35:36,3,True,new
P006889,2,1,0,0,2026-01-31 17:51:02,2026-05-26 11:24:21,5,True,routine
P006890,4,3,2,0,2026-01-22 17:46:16,2026-03-24 12:09:57,2,True,routine
P006891,6,4,3,0,2026-02-06 18:00:13,2026-05-31 01:53:31,1,False,routine
P006892,5,4,2,0,2026-01-11 19:25:29,2026-04-25 10:38:23,3,True,high_support_need
P006893,5,3,3,0,2026-03-01 00:45:35,2026-05-12 21:59:09,3,True,routine
P006894,2,0,0,0,2026-01-01 18:41:58,2026-04-27 06:43:48,5,True,routine
P006895,6,3,3,0,2026-01-17 17:01:35,2026-04-09 10:24:45,2,True,routine
P006896,2,1,0,0,2026-01-03 06:04:31,2026-01-21 02:17:26,4,True,high_support_need
P006897,3,2,0,0,2026-01-18 20:51:59,2026-04-16 11:05:23,5,True,high_support_need
P006899,6,3,2,0,2026-01-01 18:50:24,2026-05-27 13:40:43,3,False,high_support_need
P006900,4,2,1,0,2026-01-08 00:05:36,2026-02-21 21:00:35,4,False,routine
P006901,3,3,1,0,2026-02-15 02:22:58,2026-04-27 00:54:17,3,True,routine
P006902,5,2,1,0,2026-02-10 18:16:31,2026-05-07 03:20:03,4,True,routine
P006903,4,2,0,0,2026-02-13 12:01:52,2026-05-16 21:40:16,3,True,high_support_need
P006904,2,1,0,0,2026-02-19 18:38:18,2026-04-11 19:56:25,4,True,new
P006905,7,6,3,0,2026-02-03 20:47:50,2026-05-22 01:35:58,2,False,routine
P006906,11,8,7,0,2026-01-01 19:24:28,2026-05-29 09:03:34,1,False,new
P006907,7,4,3,0,2026-01-07 21:34:38,2026-05-13 06:26:32,2,False,high_support_need
P006908,4,3,1,0,2026-02-09 14:32:57,2026-05-27 05:24:34,3,True,routine
P006909,3,2,2,0,2026-04-29 00:34:19,2026-05-22 19:38:58,3,True,routine
P006910,5,3,2,0,2026-01-01 19:51:55,2026-04-12 09:54:48,3,False,routine
P006912,3,3,2,0,2026-05-08 04:39:43,2026-05-23 16:13:53,3,True,routine
P006913,1,0,0,0,2026-05-18 20:22:39,2026-05-18 20:22:39,5,True,routine
P006914,7,4,2,0,2026-01-01 20:33:40,2026-05-20 10:30:02,3,True,routine
P006915,5,4,1,0,2026-02-15 08:06:09,2026-05-31 05:34:58,3,False,high_support_need
P006916,2,1,0,0,2026-01-17 22:20:55,2026-02-15 08:10:05,5,True,high_support_need
P006917,3,1,0,0,2026-01-02 01:35:52,2026-05-07 09:07:19,4,True,routine
P006918,2,2,0,0,2026-02-10 23:32:50,2026-05-03 13:51:54,5,True,routine
P006920,3,2,1,0,2026-02-23 01:38:54,2026-05-09 05:34:03,3,True,routine
P006921,8,4,4,0,2026-01-08 02:55:19,2026-03-29 17:03:56,1,True,routine
P006922,3,2,1,0,2026-04-02 21:16:26,2026-05-31 16:39:57,3,False,new
P006923,4,2,1,0,2026-01-22 13:49:07,2026-04-22 01:34:44,3,True,new
P006924,8,2,4,0,2026-01-08 12:02:05,2026-05-24 01:55:53,2,True,new
P006925,1,1,0,1,2026-01-30 19:05:35,2026-01-30 19:05:35,4,True,new
P006926,1,1,0,0,2026-05-29 09:19:18,2026-05-29 09:19:18,4,True,new
P006927,1,1,0,0,2026-04-29 05:20:48,2026-04-29 05:20:48,4,False,new
P006928,4,2,1,0,2026-02-22 08:27:56,2026-05-17 14:07:23,4,True,routine
P006929,4,2,2,0,2026-03-13 10:09:18,2026-05-15 18:38:22,3,False,routine
P006930,6,2,1,0,2026-01-19 12:37:57,2026-05-13 12:45:05,4,True,new
P006931,3,2,1,0,2026-01-25 03:28:50,2026-03-16 19:33:27,4,False,new
P006932,7,5,3,0,2026-01-17 11:09:25,2026-05-03 11:54:02,2,True,routine
P006933,3,2,1,0,2026-02-04 00:00:11,2026-04-19 04:25:41,4,False,new
P006934,4,3,1,0,2026-02-19 02:38:20,2026-05-29 12:35:19,3,True,routine
P006935,3,2,0,0,2026-03-27 16:45:00,2026-05-28 15:13:03,3,True,routine
P006936,2,1,0,1,2026-01-24 11:56:21,2026-02-14 06:38:29,5,True,routine
P006937,8,4,5,0,2026-02-26 22:24:05,2026-05-28 08:52:56,1,False,new
P006938,5,2,2,0,2026-01-25 05:57:52,2026-05-29 02:27:13,3,True,high_support_need
P006939,6,3,1,0,2026-01-11 02:39:36,2026-05-27 15:51:00,3,True,high_support_need
P006940,3,3,2,0,2026-05-21 10:04:10,2026-05-24 01:39:42,4,True,routine
P006941,3,3,0,0,2026-02-19 09:23:11,2026-05-01 11:37:14,4,True,routine
P006942,3,3,1,0,2026-03-07 11:34:01,2026-04-02 09:40:15,3,False,routine
P006943,5,1,2,1,2026-01-24 08:32:21,2026-05-17 14:10:27,4,True,new
P006944,4,2,0,0,2026-01-30 04:34:59,2026-05-25 03:53:49,3,True,routine
P006945,4,2,1,0,2026-01-31 03:46:36,2026-05-08 14:00:40,4,True,routine
P006946,1,1,0,0,2026-03-27 20:41:21,2026-03-27 20:41:21,5,True,high_support_need
P006947,5,4,1,1,2026-01-06 03:50:26,2026-05-23 09:43:18,3,True,high_support_need
P006948,3,3,0,0,2026-01-10 09:30:12,2026-05-12 16:15:39,4,True,routine
P006949,5,4,3,1,2026-01-01 23:55:56,2026-01-26 09:15:37,2,True,routine
P006950,1,1,0,0,2026-01-03 04:08:31,2026-01-03 04:08:31,4,True,routine
P006951,4,3,1,0,2026-02-08 00:40:56,2026-05-16 05:15:15,3,True,new
P006952,1,0,0,0,2026-02-02 06:22:28,2026-02-02 06:22:28,4,True,new
P006953,3,2,1,0,2026-01-25 07:52:38,2026-03-13 01:07:46,3,True,routine
P006954,3,2,1,0,2026-03-25 13:21:21,2026-05-04 14:57:27,3,True,new
P006955,3,2,1,1,2026-01-06 23:52:20,2026-03-28 16:57:28,4,True,routine
P006956,6,2,2,0,2026-01-11 02:57:47,2026-05-05 11:37:56,4,False,routine
P006957,7,3,3,0,2026-01-12 05:59:21,2026-05-19 04:00:37,2,True,routine
P006958,6,4,2,0,2026-02-06 22:58:41,2026-05-23 15:07:52,2,False,routine
P006959,6,3,2,0,2026-02-08 00:51:57,2026-05-20 07:29:47,2,True,high_support_need
P006960,2,2,0,0,2026-02-22 17:20:21,2026-04-22 01:11:05,4,True,routine
P006961,4,3,1,0,2026-01-17 13:21:35,2026-05-19 14:01:16,3,True,routine
P006962,3,2,1,0,2026-02-01 02:02:13,2026-04-17 05:34:28,4,True,new
P006963,7,3,2,0,2026-01-05 22:42:14,2026-05-15 15:04:54,3,False,new
P006964,2,0,0,0,2026-03-08 11:59:51,2026-04-08 23:53:41,4,True,routine
P006965,5,4,1,0,2026-01-14 19:51:46,2026-05-18 22:40:21,4,True,routine
P006966,4,4,2,0,2026-01-18 16:38:46,2026-05-14 18:46:22,2,False,routine
P006967,6,5,2,0,2026-01-19 02:30:49,2026-04-16 02:08:00,3,False,high_support_need
P006968,4,2,2,0,2026-02-17 22:23:01,2026-05-05 22:35:41,3,True,high_support_need
P006969,2,1,0,0,2026-03-17 19:46:17,2026-04-03 07:18:53,5,True,high_support_need
P006970,2,2,0,0,2026-03-10 12:11:40,2026-04-24 16:43:53,4,True,routine
P006971,5,5,2,1,2026-01-06 22:12:08,2026-05-01 13:08:57,2,True,routine
P006972,7,4,3,0,2026-01-06 07:43:00,2026-05-22 20:46:59,3,True,routine
P006973,3,1,0,0,2026-02-14 03:41:40,2026-05-28 07:05:27,4,True,high_support_need
P006974,5,3,1,0,2026-01-23 01:49:17,2026-05-10 03:35:12,3,True,routine
P006975,6,5,2,2,2026-01-04 18:27:54,2026-05-02 20:30:54,2,True,routine
P006976,4,2,1,0,2026-01-29 12:04:10,2026-04-21 12:32:55,3,True,routine
P006977,3,3,0,1,2026-01-23 14:04:12,2026-04-19 05:04:37,3,True,routine
P006978,3,1,1,0,2026-01-11 13:37:14,2026-03-26 10:10:44,4,True,routine
P006979,6,4,3,0,2026-01-18 06:16:03,2026-04-10 21:23:32,2,True,routine
P006980,4,1,1,0,2026-01-08 20:13:51,2026-04-21 08:21:54,5,True,routine
P006981,2,1,0,0,2026-01-15 19:33:29,2026-05-13 00:15:29,4,True,routine
P006982,1,0,0,0,2026-04-14 23:43:48,2026-04-14 23:43:48,5,True,routine
P006983,2,1,0,0,2026-01-27 08:08:34,2026-02-26 07:38:35,3,True,routine
P006984,5,4,3,0,2026-01-20 07:40:40,2026-03-02 09:55:51,3,True,routine
P006985,2,0,0,0,2026-01-31 18:31:36,2026-03-11 20:31:51,5,True,new
P006986,5,4,3,1,2026-03-26 01:31:40,2026-05-31 04:36:57,3,True,new
P006987,3,3,0,0,2026-01-05 21:29:01,2026-02-13 01:45:32,3,True,routine
P006988,2,2,0,0,2026-03-01 12:35:41,2026-05-25 09:32:52,3,True,high_support_need
P006989,2,1,1,0,2026-01-14 21:47:11,2026-01-29 11:50:16,3,True,new
P006990,2,1,0,0,2026-01-11 17:27:37,2026-05-07 11:52:30,4,True,routine
P006991,4,2,1,0,2026-02-18 23:15:41,2026-04-21 17:36:58,4,True,new
P006992,4,4,1,0,2026-01-19 17:20:55,2026-05-20 04:48:16,3,True,routine
P006993,5,2,2,0,2026-01-04 07:30:44,2026-05-28 14:28:02,4,True,new
P006994,1,1,0,0,2026-02-12 23:18:52,2026-02-12 23:18:52,4,True,routine
P006995,2,1,0,0,2026-01-20 15:02:50,2026-03-04 22:16:58,4,True,routine
P006996,5,2,3,0,2026-03-18 14:48:24,2026-05-20 08:07:59,4,True,new
P006997,6,4,2,0,2026-01-24 09:23:30,2026-05-15 19:02:43,2,False,routine
P006998,3,3,0,1,2026-01-27 07:28:24,2026-04-21 17:09:49,2,False,routine
P006999,3,2,1,0,2026-03-09 06:34:39,2026-05-18 01:53:54,3,True,new
P007000,4,1,1,0,2026-02-18 21:24:34,2026-05-14 18:15:03,4,True,routine
P007001,7,4,3,1,2026-01-28 01:54:10,2026-05-30 20:51:07,2,False,routine
P007002,6,3,1,0,2026-01-05 05:25:22,2026-04-09 21:27:21,3,False,new
P007003,3,2,1,0,2026-01-03 23:10:21,2026-02-04 22:17:24,5,True,high_support_need
P007004,2,2,0,0,2026-03-14 09:23:17,2026-05-26 04:06:38,4,True,routine
P007005,6,6,1,0,2026-01-25 18:55:14,2026-05-04 05:22:47,2,True,routine
P007006,5,4,3,0,2026-02-02 20:16:27,2026-03-27 00:26:47,2,True,routine
P007007,4,1,1,0,2026-01-23 14:08:17,2026-04-17 10:11:26,4,False,routine
P007008,3,2,2,0,2026-03-18 01:41:34,2026-03-31 18:49:33,3,True,routine
P007009,3,1,1,0,2026-01-10 19:54:24,2026-03-11 00:41:59,4,False,routine
P007010,6,4,2,0,2026-01-20 02:29:46,2026-05-05 22:59:36,3,True,routine
P007011,3,3,1,0,2026-01-08 12:04:19,2026-05-30 20:50:43,4,True,routine
P007012,3,2,0,0,2026-01-04 10:05:04,2026-04-12 08:40:13,3,True,routine
P007013,6,3,2,0,2026-02-07 05:55:57,2026-05-17 07:11:58,4,False,routine
P007014,4,4,2,0,2026-01-04 05:24:49,2026-02-16 09:54:56,3,True,routine
P007015,1,1,0,0,2026-01-03 10:47:48,2026-01-03 10:47:48,4,True,new
P007016,2,2,0,0,2026-04-04 16:15:19,2026-04-20 06:05:03,3,True,routine
P007017,6,5,2,0,2026-01-18 10:05:57,2026-05-22 05:26:12,2,True,high_support_need
P007018,5,5,3,0,2026-02-16 15:21:52,2026-05-06 07:13:33,1,False,routine
P007019,6,4,1,0,2026-01-03 12:07:47,2026-05-10 12:19:23,3,False,new
P007020,6,4,1,1,2026-01-09 00:41:03,2026-05-04 16:25:39,2,True,routine
P007021,1,0,0,0,2026-05-06 03:53:17,2026-05-06 03:53:17,5,True,new
P007022,5,4,3,0,2026-02-07 11:06:11,2026-05-19 05:35:54,3,True,routine
P007023,5,3,3,0,2026-03-25 00:23:49,2026-05-31 19:57:57,3,True,routine
P007024,3,1,0,0,2026-03-05 17:04:28,2026-05-05 01:09:25,4,True,routine
P007025,4,3,0,0,2026-01-22 15:32:12,2026-05-19 06:29:37,4,True,routine
P007026,9,7,5,0,2026-01-07 04:24:30,2026-05-11 07:14:29,3,False,new
P007027,4,2,2,0,2026-02-26 23:57:34,2026-04-08 18:46:19,2,False,routine
P007028,4,2,0,1,2026-01-28 18:35:37,2026-05-27 15:13:20,4,True,routine
P007029,1,1,0,0,2026-03-10 09:47:14,2026-03-10 09:47:14,5,True,new
P007030,7,4,4,1,2026-01-08 13:58:34,2026-04-22 08:10:44,2,False,routine
P007031,4,1,1,0,2026-01-10 14:08:08,2026-05-02 09:07:16,4,False,routine
P007032,8,5,5,0,2026-01-05 12:53:09,2026-04-27 16:29:59,1,False,routine
P007033,3,3,0,1,2026-01-19 20:39:55,2026-04-24 06:15:29,4,True,routine
P007034,5,2,1,0,2026-01-20 15:29:51,2026-05-05 12:46:08,4,True,high_support_need
P007035,5,5,1,1,2026-01-19 14:11:12,2026-05-20 03:57:13,2,True,routine
P007036,5,4,2,0,2026-01-27 17:53:00,2026-03-18 05:00:20,4,False,routine
P007037,3,3,1,0,2026-03-21 00:19:11,2026-05-05 16:43:31,4,True,high_support_need
P007038,3,3,0,0,2026-02-24 02:04:21,2026-05-29 09:28:00,4,True,routine
P007039,4,4,0,0,2026-01-28 23:38:44,2026-05-27 13:25:39,3,True,high_support_need
P007040,4,2,1,0,2026-03-15 06:31:23,2026-05-10 19:49:40,4,True,routine
P007041,2,2,0,0,2026-02-10 21:31:07,2026-04-10 03:42:47,4,True,routine
P007042,3,2,1,0,2026-03-02 19:32:00,2026-03-30 21:56:46,3,True,routine
P007043,4,0,1,0,2026-02-25 23:32:18,2026-05-24 06:42:13,5,False,routine
P007044,6,4,0,1,2026-01-06 01:55:01,2026-05-18 16:15:30,3,True,routine
P007045,7,4,4,0,2026-01-29 21:51:06,2026-05-06 19:22:19,2,False,new
P007046,2,0,0,0,2026-01-29 03:07:06,2026-02-22 14:24:13,5,True,routine
P007047,3,3,2,0,2026-02-05 11:41:27,2026-02-12 07:00:15,2,True,high_support_need
P007048,5,4,1,0,2026-01-09 13:50:12,2026-05-01 00:42:56,4,True,new
P007049,1,1,0,0,2026-02-11 05:09:28,2026-02-11 05:09:28,4,False,routine
P007050,3,1,1,0,2026-03-04 16:31:21,2026-04-15 04:25:29,4,False,routine
P007051,6,2,2,0,2026-01-04 05:48:11,2026-05-22 12:03:05,3,False,high_support_need
P007052,3,3,0,0,2026-02-04 21:10:55,2026-05-25 07:35:40,4,True,high_support_need
P007053,7,5,6,1,2026-03-25 15:39:22,2026-05-08 09:11:13,2,True,routine
P007054,2,0,0,0,2026-04-28 04:08:54,2026-05-14 11:22:26,4,True,high_support_need
P007055,4,3,0,0,2026-01-03 14:19:35,2026-05-19 22:37:27,3,True,new
P007056,4,4,1,0,2026-01-04 02:13:14,2026-05-13 10:10:31,4,False,high_support_need
P007057,7,5,4,0,2026-02-14 10:14:05,2026-05-14 20:52:51,1,True,routine
P007058,6,5,1,0,2026-01-12 18:26:08,2026-05-30 05:30:01,3,True,routine
P007059,4,4,1,0,2026-01-07 13:47:22,2026-05-26 17:10:18,4,False,new
P007060,5,3,1,0,2026-01-20 16:45:54,2026-05-20 18:26:20,4,True,high_support_need
P007061,3,3,0,0,2026-01-08 21:50:53,2026-04-11 10:10:00,4,True,new
P007062,7,3,3,0,2026-01-14 17:32:24,2026-04-29 20:19:14,4,True,routine
P007063,4,4,0,0,2026-01-20 01:42:28,2026-05-20 23:49:49,3,True,routine
P007064,6,3,3,0,2026-02-17 11:54:01,2026-05-01 23:34:04,3,True,routine
P007065,6,3,1,0,2026-01-04 04:10:20,2026-05-22 13:28:44,3,True,new
P007066,4,2,0,0,2026-01-21 22:55:46,2026-04-28 21:53:19,4,True,routine
P007067,4,1,0,1,2026-03-03 09:55:03,2026-05-30 17:38:00,5,True,routine
P007069,2,1,0,0,2026-01-22 03:27:38,2026-05-18 18:52:02,5,True,routine
P007070,2,2,0,0,2026-02-14 13:56:32,2026-05-29 03:34:38,4,True,routine
P007071,2,1,0,0,2026-03-02 10:24:03,2026-05-06 02:48:55,4,True,high_support_need
P007073,1,0,0,0,2026-02-10 03:37:03,2026-02-10 03:37:03,5,True,new
P007074,4,2,0,0,2026-01-29 20:50:37,2026-05-15 21:44:01,3,True,routine
P007075,3,1,0,0,2026-02-19 07:45:14,2026-05-19 10:03:27,4,True,routine
P007076,5,5,2,0,2026-02-28 18:29:22,2026-05-14 22:52:07,2,True,high_support_need
P007077,6,3,3,0,2026-01-16 12:14:32,2026-05-29 02:51:36,2,False,high_support_need
P007078,5,2,2,0,2026-01-13 04:41:21,2026-04-26 18:00:23,5,True,routine
P007079,3,2,1,0,2026-03-08 12:22:06,2026-05-13 08:45:34,4,True,high_support_need
P007080,5,5,3,0,2026-01-16 11:05:53,2026-03-19 17:03:52,2,True,high_support_need
P007081,6,4,4,0,2026-03-11 03:44:34,2026-05-24 15:09:15,2,True,routine
P007082,3,3,0,0,2026-03-09 20:23:06,2026-05-09 04:17:36,3,True,routine
P007083,3,1,1,0,2026-03-09 17:34:51,2026-05-26 21:37:44,4,True,high_support_need
P007084,2,2,0,0,2026-01-19 04:42:04,2026-04-27 00:36:35,4,True,routine
P007085,5,2,0,1,2026-01-03 11:03:48,2026-05-03 08:40:23,4,True,new
P007086,1,1,0,0,2026-02-20 15:27:20,2026-02-20 15:27:20,4,True,routine
P007087,8,7,4,0,2026-01-02 17:35:56,2026-04-20 02:33:37,3,True,new
P007088,4,3,1,0,2026-01-16 16:14:18,2026-05-26 14:54:48,3,False,routine
P007089,9,4,5,0,2026-01-01 23:11:28,2026-05-26 05:54:27,2,False,routine
P007090,5,2,2,0,2026-01-23 06:39:52,2026-05-15 17:33:57,3,True,routine
P007091,2,2,1,0,2026-02-23 16:05:59,2026-03-06 08:23:26,4,True,routine
P007092,5,4,1,0,2026-01-05 13:20:39,2026-05-04 17:06:23,3,False,new
P007093,3,3,0,0,2026-02-17 03:51:31,2026-05-10 01:25:14,4,True,routine
P007094,4,2,2,0,2026-01-24 10:26:13,2026-03-08 06:48:16,3,False,routine
P007095,8,5,4,0,2026-01-07 11:00:44,2026-05-29 05:50:01,3,True,routine
P007096,5,4,2,0,2026-02-20 15:56:31,2026-05-22 02:45:19,3,True,high_support_need
P007097,3,3,0,1,2026-03-20 00:57:01,2026-05-29 20:08:58,4,False,new
P007098,2,2,0,1,2026-02-16 01:14:26,2026-03-12 10:14:15,3,True,routine
P007099,1,0,0,0,2026-04-11 19:10:59,2026-04-11 19:10:59,4,True,new
P007100,6,5,1,0,2026-01-22 06:20:43,2026-05-28 16:13:36,2,True,routine
P007101,4,3,0,0,2026-02-02 12:35:41,2026-05-20 15:24:54,4,False,routine
P007102,2,2,0,0,2026-02-09 20:38:36,2026-04-29 03:35:59,4,True,routine
P007103,6,4,4,0,2026-02-20 10:40:56,2026-04-04 15:19:33,3,False,routine
P007104,6,2,3,0,2026-01-15 06:17:09,2026-03-21 21:29:36,3,True,routine
P007105,3,2,0,0,2026-02-20 18:20:01,2026-05-06 20:21:08,4,True,routine
P007106,1,1,0,0,2026-02-07 07:03:34,2026-02-07 07:03:34,4,True,new
P007107,1,0,0,0,2026-05-27 09:10:22,2026-05-27 09:10:22,4,True,routine
P007108,3,3,0,0,2026-02-07 05:09:09,2026-04-11 02:13:22,3,False,routine
P007109,4,1,1,0,2026-01-21 07:53:08,2026-05-19 18:52:09,4,True,routine
P007110,3,1,1,0,2026-03-16 09:12:05,2026-05-02 23:57:35,4,True,routine
P007111,3,1,0,0,2026-01-07 10:49:37,2026-03-19 16:30:54,4,True,routine
P007112,5,5,1,0,2026-02-07 21:13:49,2026-05-26 20:01:39,2,True,routine
P007113,6,4,2,0,2026-01-10 20:20:34,2026-05-20 15:19:28,2,False,routine
P007114,3,1,2,0,2026-04-15 09:20:11,2026-04-25 22:43:47,3,False,routine
P007115,10,8,4,0,2026-01-08 12:41:36,2026-05-24 17:31:21,1,True,routine
P007116,3,1,0,0,2026-01-08 22:22:59,2026-05-14 10:55:35,5,True,routine
P007117,1,1,0,0,2026-03-18 20:41:44,2026-03-18 20:41:44,4,True,routine
P007118,3,3,2,1,2026-01-13 17:00:39,2026-01-28 04:08:23,3,False,routine
P007119,6,3,2,0,2026-01-27 04:56:47,2026-05-25 07:19:44,3,True,new
P007120,2,1,0,0,2026-01-16 08:38:22,2026-04-20 08:53:05,4,True,routine
P007121,7,5,3,0,2026-02-03 01:22:28,2026-05-19 07:30:59,2,True,routine
P007122,1,1,0,0,2026-02-20 06:21:31,2026-02-20 06:21:31,4,True,high_support_need
P007123,3,2,1,0,2026-02-02 00:02:57,2026-05-13 00:39:10,4,True,routine
P007124,7,4,2,0,2026-01-05 00:56:37,2026-05-20 13:37:45,2,True,high_support_need
P007125,4,3,1,0,2026-02-07 22:10:56,2026-05-28 17:24:30,4,False,high_support_need
P007126,2,0,0,0,2026-03-08 23:11:30,2026-04-25 19:40:26,4,True,routine
P007127,6,5,1,0,2026-01-07 14:11:46,2026-05-17 15:14:28,2,True,routine
P007128,4,4,1,0,2026-01-14 02:32:39,2026-04-27 04:18:05,4,False,high_support_need
P007129,9,9,5,0,2026-01-12 05:27:04,2026-05-12 22:25:42,1,True,routine
P007130,2,2,0,0,2026-03-20 00:00:58,2026-05-17 02:52:12,4,True,new
P007132,2,1,1,0,2026-04-14 03:59:35,2026-04-17 00:32:23,5,True,new
P007133,6,3,3,0,2026-03-26 09:00:15,2026-05-30 04:42:51,4,False,high_support_need
P007134,2,2,1,0,2026-01-26 10:50:11,2026-02-05 13:50:53,3,True,routine
P007135,3,1,2,1,2026-02-02 10:48:22,2026-02-17 12:37:40,5,True,new
P007136,2,0,0,0,2026-01-07 18:14:25,2026-03-22 09:03:53,5,True,routine
P007137,3,3,0,0,2026-03-10 00:26:38,2026-05-26 23:23:30,3,True,routine
P007138,2,2,0,0,2026-04-16 13:42:38,2026-05-06 18:44:01,3,True,routine
P007139,5,3,1,0,2026-01-28 04:28:12,2026-05-09 01:18:00,3,True,routine
P007140,5,4,2,0,2026-01-03 13:25:13,2026-04-20 11:18:18,3,True,routine
P007141,2,1,0,0,2026-02-09 00:11:53,2026-03-19 20:22:31,4,True,new
P007142,9,6,5,0,2026-02-01 10:59:51,2026-05-23 19:07:51,2,False,routine
P007143,6,3,0,0,2026-01-01 17:10:12,2026-05-21 22:39:43,3,True,routine
P007145,8,4,6,0,2026-01-23 05:06:49,2026-04-17 12:55:53,1,False,high_support_need
P007146,2,1,1,0,2026-04-06 08:04:58,2026-04-14 15:26:26,4,True,routine
P007147,5,2,0,0,2026-01-27 22:15:48,2026-05-10 03:41:58,2,True,routine
P007148,7,5,4,0,2026-01-18 23:23:29,2026-04-08 08:14:04,2,False,new
P007149,2,1,0,0,2026-01-23 21:53:26,2026-05-04 07:35:56,4,True,new
P007150,4,1,2,0,2026-04-12 22:19:20,2026-05-22 01:59:42,5,True,new
P007151,3,1,0,0,2026-02-02 08:49:40,2026-05-18 17:14:14,4,True,routine
P007152,6,4,2,0,2026-01-14 09:49:33,2026-05-30 19:11:27,2,False,routine
P007153,3,3,0,0,2026-03-20 16:33:39,2026-05-08 04:40:32,4,True,routine
P007154,5,4,3,0,2026-01-30 08:42:38,2026-05-24 09:00:49,2,False,high_support_need
P007155,1,0,0,0,2026-01-19 06:42:35,2026-01-19 06:42:35,4,True,new
P007156,6,4,1,0,2026-01-13 20:04:54,2026-04-27 07:01:31,2,True,routine
P007157,4,1,2,0,2026-01-30 12:46:22,2026-04-06 09:24:54,4,True,routine
P007158,4,2,1,0,2026-02-23 08:39:14,2026-05-25 16:21:57,4,True,new
P007159,3,3,1,0,2026-01-09 03:44:14,2026-05-21 04:44:23,3,True,routine
P007160,7,5,4,0,2026-01-04 04:23:31,2026-05-31 12:20:13,1,False,new
P007161,4,4,1,0,2026-01-16 02:14:11,2026-03-27 00:00:34,4,True,routine
P007162,5,3,3,0,2026-01-26 23:08:39,2026-05-16 22:16:07,2,False,new
P007163,7,5,3,0,2026-01-26 03:06:12,2026-05-21 09:24:05,3,True,routine
P007164,3,1,1,0,2026-02-08 13:29:35,2026-05-28 16:11:09,4,True,routine
P007165,7,3,3,0,2026-01-15 01:28:41,2026-04-21 19:14:37,3,True,routine
P007166,4,3,1,0,2026-01-18 21:45:05,2026-05-06 10:42:01,3,False,routine
P007167,6,4,2,0,2026-01-08 11:53:07,2026-04-30 00:38:33,2,False,routine
P007168,10,7,6,1,2026-01-06 09:35:03,2026-05-06 04:40:41,1,False,routine
P007169,4,3,1,0,2026-02-16 06:02:01,2026-05-28 01:49:15,3,True,routine
P007170,5,1,1,0,2026-02-17 07:22:28,2026-05-31 10:10:20,5,True,routine
P007171,5,5,2,0,2026-02-11 08:08:01,2026-05-24 08:29:49,2,True,routine
P007172,4,3,1,1,2026-02-09 04:10:27,2026-05-11 13:42:52,3,True,high_support_need
P007173,3,3,0,0,2026-03-02 20:03:49,2026-05-24 22:31:59,4,True,new
P007174,2,1,1,0,2026-04-27 10:42:45,2026-05-03 03:36:53,3,False,new
P007175,3,1,0,0,2026-01-16 08:42:52,2026-05-30 10:00:05,4,True,routine
P007176,5,4,1,0,2026-01-07 00:05:42,2026-05-07 13:20:09,3,True,routine
P007177,1,1,0,0,2026-03-11 16:24:26,2026-03-11 16:24:26,4,True,new
P007178,6,5,3,1,2026-03-02 16:03:41,2026-05-04 22:41:00,2,False,routine
P007179,4,4,1,0,2026-01-27 12:51:19,2026-03-24 18:43:14,3,True,routine
P007180,7,6,2,0,2026-01-04 03:00:10,2026-05-19 05:55:51,2,False,routine
P007182,4,3,0,0,2026-01-29 01:31:15,2026-05-10 13:25:53,3,True,routine
P007183,4,3,0,0,2026-01-07 04:40:20,2026-04-03 16:44:29,4,True,new
P007184,1,1,0,0,2026-04-20 10:58:03,2026-04-20 10:58:03,4,False,routine
P007185,4,1,0,0,2026-01-01 15:59:24,2026-05-30 17:32:31,5,True,routine
P007186,5,1,1,0,2026-01-10 11:03:25,2026-04-22 00:39:24,4,True,routine
P007187,7,5,2,0,2026-01-26 11:08:15,2026-05-24 05:03:05,2,False,new
P007188,4,3,1,0,2026-02-01 16:15:31,2026-05-24 01:08:10,3,True,new
P007189,7,5,3,0,2026-01-13 04:47:19,2026-05-26 04:45:18,3,False,routine
P007190,6,3,4,0,2026-03-13 01:57:15,2026-04-30 14:55:43,3,False,routine
P007191,3,2,0,0,2026-01-01 04:22:47,2026-03-13 16:45:39,4,True,routine
P007192,1,1,0,0,2026-05-20 14:45:21,2026-05-20 14:45:21,4,True,routine
P007193,3,1,1,0,2026-01-14 06:22:33,2026-03-22 06:00:06,4,True,routine
P007194,9,6,3,0,2026-01-09 11:45:14,2026-05-24 21:18:14,2,True,routine
P007195,6,1,2,0,2026-02-02 07:35:57,2026-05-31 02:43:13,4,True,new
P007196,6,4,3,0,2026-02-23 18:53:03,2026-05-07 18:37:40,1,False,high_support_need
P007197,3,1,0,0,2026-02-05 09:37:38,2026-05-15 03:29:20,4,False,high_support_need
P007198,2,1,0,0,2026-02-24 11:32:25,2026-05-17 20:51:06,4,True,routine
P007199,3,3,1,0,2026-01-06 15:17:20,2026-03-28 04:15:59,3,True,new
P007200,8,7,3,0,2026-01-01 18:03:14,2026-05-03 08:15:39,2,False,routine
P007201,7,6,4,0,2026-01-08 13:05:17,2026-04-29 15:00:41,1,True,new
P007202,2,1,0,0,2026-05-06 08:49:58,2026-05-27 15:27:40,4,True,routine
P007203,1,1,0,0,2026-03-22 01:46:58,2026-03-22 01:46:58,4,True,new
P007204,4,0,1,0,2026-01-28 14:44:04,2026-05-23 12:13:00,5,True,routine
P007205,11,6,7,0,2026-01-09 16:06:33,2026-05-25 07:19:55,2,False,routine
P007206,2,2,0,0,2026-01-07 09:23:39,2026-02-15 11:19:14,4,True,new
P007207,4,3,1,0,2026-02-25 23:15:22,2026-05-25 00:11:51,4,True,new
P007208,3,2,1,0,2026-04-16 12:51:33,2026-05-16 23:16:01,4,True,routine
P007209,7,4,3,0,2026-02-11 20:44:37,2026-05-29 16:57:32,3,False,routine
P007210,7,7,2,0,2026-02-08 10:00:20,2026-05-29 17:26:10,1,False,routine
P007211,4,3,1,0,2026-02-02 15:42:26,2026-05-07 00:45:21,3,True,new
P007212,4,2,1,0,2026-02-20 15:18:58,2026-05-07 22:49:55,4,True,routine
P007213,6,4,1,0,2026-01-08 09:33:49,2026-05-15 12:11:28,4,True,new
P007214,7,3,3,1,2026-02-22 12:06:58,2026-05-16 09:27:13,3,True,routine
P007215,5,3,2,1,2026-02-08 15:24:06,2026-04-26 15:47:07,3,False,new
P007216,3,1,1,1,2026-03-17 17:24:10,2026-05-17 00:09:01,5,True,routine
P007218,9,4,4,0,2026-01-06 23:45:52,2026-05-12 21:11:03,2,True,routine
P007219,4,3,2,0,2026-01-05 23:08:20,2026-04-02 12:31:18,3,False,routine
P007220,3,2,0,0,2026-02-17 06:28:31,2026-05-17 08:50:27,4,True,high_support_need
P007221,4,4,1,1,2026-03-04 04:28:01,2026-05-18 13:47:18,3,True,routine
P007222,5,5,1,0,2026-01-10 01:03:25,2026-05-29 13:41:55,2,True,routine
P007223,5,3,2,0,2026-02-14 08:37:44,2026-04-26 12:13:31,3,True,routine
P007224,5,3,0,0,2026-01-27 06:09:12,2026-05-16 21:51:39,4,True,high_support_need
P007225,3,3,1,0,2026-01-06 06:40:50,2026-03-26 14:38:49,2,False,new
P007226,3,2,0,0,2026-01-14 02:58:31,2026-05-13 13:05:17,3,True,routine
P007227,5,3,1,0,2026-01-15 07:08:25,2026-03-28 14:24:55,4,True,new
P007228,7,4,3,0,2026-02-03 05:23:33,2026-05-15 17:30:45,2,False,new
P007229,5,3,1,0,2026-01-31 10:34:25,2026-05-27 01:05:11,2,False,routine
P007230,1,0,0,0,2026-05-27 18:49:59,2026-05-27 18:49:59,4,True,routine
P007231,4,2,1,1,2026-01-16 23:10:08,2026-04-27 07:47:38,4,True,routine
P007232,4,2,1,0,2026-01-04 16:10:44,2026-03-15 19:42:11,3,True,routine
P007233,4,4,2,0,2026-02-08 09:29:50,2026-04-28 00:24:37,2,True,routine
P007234,2,2,0,0,2026-01-09 20:36:30,2026-02-21 00:31:21,3,True,routine
P007235,1,1,0,0,2026-01-13 06:08:42,2026-01-13 06:08:42,5,True,routine
P007236,7,6,1,0,2026-01-04 19:22:12,2026-05-30 05:48:54,2,True,high_support_need
P007237,2,2,0,0,2026-02-07 18:12:29,2026-03-18 07:11:03,5,False,routine
P007238,6,4,4,1,2026-03-29 05:44:52,2026-05-20 11:44:13,2,False,routine
P007239,10,8,7,0,2026-01-10 21:46:44,2026-05-18 14:29:00,1,False,new
P007240,3,2,0,0,2026-01-12 20:59:42,2026-05-07 07:57:06,3,True,routine
P007241,6,6,3,0,2026-02-19 17:50:23,2026-05-17 06:01:32,2,True,high_support_need
P007242,7,4,3,0,2026-01-06 18:52:37,2026-05-28 11:42:39,3,False,routine
P007243,3,2,0,0,2026-01-15 23:50:16,2026-03-22 19:58:33,4,True,routine
P007244,2,2,0,0,2026-03-04 16:52:36,2026-05-15 22:30:38,4,True,new
P007245,4,3,1,0,2026-02-26 00:19:14,2026-05-02 03:25:54,4,True,routine
P007246,5,4,2,0,2026-02-05 09:06:35,2026-05-19 15:35:35,3,True,routine
P007247,4,2,3,0,2026-02-20 06:33:17,2026-03-11 14:14:22,3,False,routine
P007248,9,3,5,0,2026-01-31 03:19:36,2026-05-26 23:49:42,2,True,routine
P007249,4,4,1,0,2026-02-22 23:10:03,2026-05-16 06:38:34,3,True,new
P007250,2,2,1,0,2026-05-04 09:46:27,2026-05-06 00:11:41,5,True,new
P007251,7,3,4,0,2026-03-15 03:51:01,2026-05-19 09:43:41,2,False,routine
P007252,5,3,2,0,2026-01-21 19:46:37,2026-05-16 03:04:55,4,False,new
P007254,1,1,0,0,2026-02-04 17:26:11,2026-02-04 17:26:11,4,False,routine
P007255,3,2,1,0,2026-02-06 16:43:54,2026-04-20 22:13:27,4,False,new
P007256,6,6,2,0,2026-01-08 06:31:12,2026-05-29 17:08:45,1,False,new
P007257,6,5,3,0,2026-01-04 14:01:28,2026-04-28 19:53:30,2,True,new
P007258,4,3,1,0,2026-01-05 15:59:00,2026-03-22 21:26:03,4,True,routine
P007259,3,2,0,0,2026-01-19 13:13:33,2026-03-28 21:34:15,4,True,new
P007260,4,3,1,0,2026-01-04 02:39:53,2026-03-21 01:49:55,3,False,high_support_need
P007261,3,2,1,0,2026-01-23 18:31:52,2026-02-14 12:17:27,4,True,routine
P007262,4,2,1,0,2026-01-02 19:10:38,2026-05-09 22:38:56,4,True,high_support_need
P007263,7,5,3,0,2026-01-18 12:15:41,2026-05-28 00:40:26,2,True,routine
P007264,4,2,3,0,2026-01-10 14:52:14,2026-02-12 16:12:55,4,True,routine
P007265,6,2,3,0,2026-01-15 18:26:35,2026-05-29 01:50:46,3,False,new
P007266,2,0,0,0,2026-03-03 03:24:02,2026-03-19 23:02:28,4,True,routine
P007267,7,7,3,0,2026-01-03 04:32:10,2026-05-15 21:44:10,2,False,new
P007269,1,1,0,0,2026-02-14 10:37:30,2026-02-14 10:37:30,4,False,routine
P007270,3,3,1,0,2026-01-29 14:46:27,2026-05-16 03:34:13,3,False,high_support_need
P007271,4,3,2,0,2026-03-24 11:17:59,2026-05-28 03:22:22,4,False,routine
P007272,6,4,3,1,2026-01-03 16:37:18,2026-04-08 03:12:31,2,True,high_support_need
P007273,4,1,1,0,2026-02-23 14:48:02,2026-05-20 16:49:10,4,True,routine
P007274,9,6,6,1,2026-01-21 14:02:36,2026-05-08 09:56:13,1,False,routine
P007275,4,1,1,0,2026-01-28 04:30:22,2026-03-29 00:15:08,4,True,routine
P007276,3,1,0,0,2026-01-18 10:25:37,2026-05-09 05:02:15,5,True,routine
P007277,3,1,0,0,2026-02-03 17:22:02,2026-05-27 01:19:03,4,False,new
P007278,4,4,1,0,2026-02-09 02:14:50,2026-05-04 07:51:45,3,True,new
P007279,5,4,2,0,2026-02-02 04:32:20,2026-05-31 23:58:49,3,False,routine
P007280,1,1,0,0,2026-05-16 23:58:54,2026-05-16 23:58:54,5,False,high_support_need
P007281,1,1,0,0,2026-01-22 07:38:19,2026-01-22 07:38:19,4,True,new
P007282,3,3,1,0,2026-03-24 00:06:51,2026-05-02 03:20:59,4,True,new
P007283,4,3,0,1,2026-03-01 03:19:56,2026-05-31 08:57:23,3,True,routine
P007284,4,1,1,0,2026-01-13 23:16:08,2026-04-08 14:59:12,4,True,routine
P007285,4,4,0,0,2026-01-24 12:29:21,2026-05-19 23:45:13,4,True,high_support_need
P007286,1,1,0,0,2026-05-13 22:53:48,2026-05-13 22:53:48,4,True,routine
P007287,2,1,0,0,2026-02-11 10:52:57,2026-02-28 20:17:18,5,True,routine
P007288,5,4,1,0,2026-02-24 09:54:39,2026-05-06 19:32:21,3,False,routine
P007289,4,4,1,0,2026-03-07 14:44:37,2026-05-20 04:52:14,3,True,routine
P007290,6,5,1,0,2026-01-15 14:17:17,2026-05-30 18:14:57,3,True,new
P007291,5,3,1,0,2026-01-02 21:07:28,2026-04-20 22:46:38,3,False,routine
P007292,4,1,2,0,2026-01-01 01:15:57,2026-05-11 16:33:19,4,True,routine
P007293,4,2,1,0,2026-03-10 18:24:50,2026-05-02 17:40:55,5,True,routine
P007294,4,3,2,0,2026-01-28 09:54:15,2026-02-28 23:21:37,3,True,routine
P007295,3,1,1,0,2026-02-21 12:30:29,2026-04-10 10:35:50,4,True,routine
P007296,1,1,0,1,2026-01-18 09:47:56,2026-01-18 09:47:56,4,True,routine
P007297,4,3,2,1,2026-01-21 07:22:01,2026-02-17 03:03:33,3,True,new
P007298,1,1,0,0,2026-03-25 04:52:00,2026-03-25 04:52:00,5,True,routine
P007299,6,3,3,0,2026-01-27 20:47:31,2026-04-26 20:51:23,3,False,routine
P007300,2,1,0,1,2026-02-20 20:02:27,2026-05-31 16:37:22,5,True,routine
P007301,4,1,0,0,2026-01-20 21:38:02,2026-05-11 12:51:02,4,True,routine
P007302,4,3,1,0,2026-02-17 22:46:12,2026-04-03 04:14:18,3,True,routine
P007303,1,0,0,0,2026-03-06 14:53:09,2026-03-06 14:53:09,4,True,high_support_need
P007304,4,4,1,0,2026-01-12 09:53:17,2026-04-02 15:31:10,5,False,routine
P007305,5,2,2,0,2026-01-17 11:01:47,2026-05-26 19:17:35,3,False,routine
P007306,5,4,1,1,2026-01-23 16:32:39,2026-05-31 19:49:00,3,False,routine
P007307,4,2,1,0,2026-02-15 08:17:23,2026-05-18 02:12:50,4,True,routine
P007308,3,2,0,0,2026-02-28 17:04:38,2026-05-25 11:56:32,4,False,routine
P007309,4,3,2,0,2026-01-23 06:11:49,2026-02-23 23:38:17,3,True,routine
P007310,4,3,1,0,2026-01-26 02:50:24,2026-05-18 12:30:08,3,True,routine
P007311,4,4,1,0,2026-01-07 09:24:22,2026-04-30 07:33:59,2,True,routine
P007313,5,4,2,0,2026-02-24 11:05:24,2026-04-26 00:30:45,3,False,routine
P007314,1,0,0,0,2026-01-30 17:20:00,2026-01-30 17:20:00,5,True,high_support_need
P007315,6,5,4,0,2026-03-16 19:48:03,2026-05-15 13:38:08,1,False,routine
P007317,3,2,1,0,2026-03-14 15:04:59,2026-04-22 18:49:47,4,False,new
P007318,4,3,1,0,2026-02-13 06:53:09,2026-04-16 22:10:33,3,True,routine
P007319,3,1,0,0,2026-01-04 04:06:49,2026-03-08 07:26:11,4,True,new
P007320,6,4,4,1,2026-01-02 14:06:27,2026-04-19 04:21:46,3,False,high_support_need
P007321,4,4,1,0,2026-02-14 13:16:30,2026-04-18 22:12:11,3,True,new
P007322,1,1,0,0,2026-04-07 05:15:46,2026-04-07 05:15:46,5,True,high_support_need
P007323,4,4,1,0,2026-01-28 04:01:26,2026-04-07 10:18:33,4,True,new
P007324,3,1,0,0,2026-02-07 11:19:58,2026-04-20 23:31:16,4,True,routine
P007325,9,9,5,0,2026-01-03 14:34:39,2026-05-24 09:27:23,2,False,new
P007326,2,1,0,0,2026-01-04 18:27:26,2026-05-31 05:29:18,5,True,routine
P007327,4,3,1,0,2026-02-18 16:59:38,2026-05-22 13:23:15,4,False,routine
P007328,4,1,1,0,2026-01-02 06:25:31,2026-04-22 13:10:29,4,False,new
P007329,4,2,3,0,2026-03-10 19:43:10,2026-04-11 03:21:15,2,True,routine
P007330,1,0,0,0,2026-02-16 08:34:43,2026-02-16 08:34:43,5,True,new
P007331,5,2,2,0,2026-01-10 21:49:23,2026-05-18 02:11:47,4,True,routine
P007332,2,1,0,0,2026-02-26 18:49:31,2026-04-27 00:23:14,4,True,new
P007333,9,5,6,0,2026-02-15 03:41:46,2026-05-25 06:52:43,3,False,routine
P007334,4,3,1,0,2026-01-13 19:54:05,2026-03-12 01:53:04,2,True,routine
P007335,6,3,3,0,2026-01-05 00:56:34,2026-04-21 23:13:40,3,True,routine
P007336,4,3,1,0,2026-01-14 07:47:01,2026-05-18 21:42:27,3,True,routine
P007337,6,3,3,0,2026-01-01 09:46:53,2026-04-22 01:50:45,3,True,new
P007338,3,2,0,0,2026-01-02 21:06:45,2026-03-26 15:09:37,4,False,high_support_need
P007339,1,0,0,0,2026-04-13 14:40:45,2026-04-13 14:40:45,4,True,routine
P007340,9,5,4,1,2026-01-17 01:28:38,2026-05-16 00:29:09,1,True,high_support_need
P007341,2,2,1,0,2026-05-12 11:19:57,2026-05-24 22:47:31,4,True,routine
P007342,1,0,0,0,2026-04-09 02:20:56,2026-04-09 02:20:56,5,True,routine
P007344,4,3,2,0,2026-01-29 07:02:51,2026-05-18 03:08:45,3,False,high_support_need
P007345,6,4,2,0,2026-01-13 04:23:35,2026-05-26 13:56:02,2,True,routine
P007346,7,2,1,0,2026-01-21 07:16:29,2026-05-26 20:27:46,3,True,routine
P007347,4,3,2,0,2026-03-01 12:36:11,2026-04-02 13:02:46,3,True,new
P007348,4,1,1,0,2026-01-27 20:38:36,2026-05-20 23:59:48,5,True,new
P007349,1,0,0,0,2026-04-25 19:43:49,2026-04-25 19:43:49,4,True,high_support_need
P007351,2,1,0,0,2026-02-13 18:00:49,2026-05-20 02:58:17,3,True,routine
P007352,5,3,1,0,2026-01-03 03:41:02,2026-04-28 09:12:26,3,True,routine
P007353,10,8,5,1,2026-01-02 03:17:27,2026-05-14 02:32:49,1,False,routine
P007354,2,2,0,0,2026-02-04 17:40:54,2026-04-21 01:28:43,4,False,high_support_need
P007355,4,3,1,0,2026-01-13 10:05:22,2026-05-16 09:06:08,4,True,new
P007356,3,2,0,0,2026-02-05 22:28:55,2026-05-17 17:50:01,4,True,routine
P007357,8,7,4,0,2026-01-23 05:56:36,2026-04-27 09:47:35,2,False,routine
P007359,5,4,3,0,2026-03-28 03:13:10,2026-04-28 09:43:34,2,True,routine
P007360,2,1,0,0,2026-03-09 05:00:03,2026-04-09 09:34:25,4,True,routine
P007361,5,3,1,0,2026-01-23 07:59:57,2026-05-22 18:17:10,4,True,routine
P007362,5,2,2,0,2026-02-25 12:52:06,2026-05-05 16:30:59,4,True,routine
P007363,2,1,0,0,2026-01-12 21:33:03,2026-02-16 15:43:34,5,True,routine
P007364,7,7,2,0,2026-01-06 09:10:26,2026-04-25 17:19:02,2,False,routine
P007365,6,2,3,0,2026-01-28 17:36:09,2026-05-21 04:08:47,4,True,routine
P007366,5,3,3,0,2026-01-18 06:47:19,2026-04-14 07:16:11,2,True,high_support_need
P007367,2,1,1,0,2026-03-29 00:03:06,2026-03-30 19:54:00,4,False,routine
P007368,6,6,3,0,2026-01-28 03:16:16,2026-05-31 18:47:08,2,True,routine
P007369,4,4,1,0,2026-01-01 23:09:47,2026-04-11 01:51:57,4,True,routine
P007370,4,3,2,0,2026-01-24 23:01:59,2026-05-22 15:42:01,4,True,routine
P007371,5,2,2,0,2026-01-03 08:14:11,2026-05-07 08:57:32,4,False,new
P007372,5,4,2,0,2026-01-08 03:13:55,2026-03-18 08:00:11,2,False,routine
P007373,4,2,1,0,2026-01-27 21:06:41,2026-04-17 15:01:06,3,False,routine
P007374,6,5,3,0,2026-01-02 20:18:22,2026-05-08 22:24:45,2,True,routine
P007375,5,3,2,0,2026-01-14 01:36:43,2026-05-16 22:06:07,2,False,high_support_need
P007376,6,6,1,0,2026-01-25 06:54:05,2026-05-20 04:38:15,2,False,new
P007377,7,5,2,0,2026-01-06 14:09:35,2026-04-14 23:26:41,2,True,routine
P007378,6,3,3,1,2026-02-24 09:26:48,2026-05-31 09:15:46,3,True,routine
P007379,4,3,2,0,2026-01-28 08:13:52,2026-04-10 19:38:48,3,True,new
P007380,10,8,5,1,2026-01-14 04:01:22,2026-05-22 06:04:29,2,False,routine
P007381,4,3,2,0,2026-01-12 01:59:46,2026-03-28 16:27:47,3,False,new
P007382,4,2,1,0,2026-01-06 09:22:32,2026-05-11 11:04:13,4,True,routine
P007383,5,4,1,0,2026-01-03 05:03:27,2026-05-20 07:20:55,3,True,new
P007384,4,3,1,0,2026-03-06 15:47:19,2026-05-28 05:39:27,3,True,routine
P007385,6,3,5,0,2026-04-20 08:15:50,2026-05-31 13:55:14,3,False,routine
P007386,3,1,1,0,2026-02-18 04:46:36,2026-04-27 09:05:28,4,False,routine
P007387,6,4,1,0,2026-01-11 15:54:17,2026-04-15 13:35:54,3,True,routine
P007388,6,5,3,0,2026-01-21 06:55:43,2026-05-09 22:07:56,3,False,new
P007389,4,3,0,1,2026-01-26 22:30:53,2026-05-15 21:53:27,3,False,high_support_need
P007390,5,3,2,0,2026-01-06 10:05:07,2026-05-31 02:45:50,4,False,high_support_need
P007391,5,2,1,0,2026-02-11 11:21:36,2026-04-16 20:18:24,3,True,routine
P007392,4,4,1,0,2026-01-10 18:20:31,2026-04-26 17:25:28,2,True,new
P007393,2,0,0,0,2026-01-06 22:24:38,2026-04-28 18:06:28,5,True,routine
P007394,1,0,0,0,2026-05-22 20:05:46,2026-05-22 20:05:46,4,True,new
P007395,3,1,0,0,2026-01-10 01:50:21,2026-04-27 03:23:17,5,True,routine
P007396,3,0,0,0,2026-02-16 14:56:43,2026-05-31 20:57:48,5,True,high_support_need
P007397,7,3,4,0,2026-02-01 11:16:12,2026-05-16 05:17:32,2,True,routine
P007398,3,0,0,0,2026-02-07 22:22:31,2026-04-18 19:41:15,4,True,new
P007399,2,2,0,0,2026-02-08 03:18:21,2026-05-17 07:45:33,4,False,routine
P007400,2,0,0,0,2026-02-11 15:47:09,2026-05-02 14:43:30,4,True,routine
P007401,4,3,0,0,2026-01-05 13:16:06,2026-05-25 14:27:43,3,True,new
P007402,3,2,0,0,2026-01-04 01:37:44,2026-04-13 09:50:00,4,True,routine
P007403,10,8,5,0,2026-02-04 11:14:18,2026-05-30 22:09:35,2,False,routine
P007404,4,1,1,0,2026-03-03 22:31:04,2026-05-15 00:48:09,4,True,routine
P007405,5,4,2,0,2026-02-03 19:39:31,2026-05-14 20:57:19,4,True,routine
P007406,2,2,0,0,2026-04-23 00:58:20,2026-05-14 12:43:24,5,True,high_support_need
P007407,4,3,2,0,2026-02-10 06:58:45,2026-04-10 12:20:19,2,False,routine
P007408,3,2,0,0,2026-01-16 20:00:00,2026-05-28 11:39:44,4,True,new
P007409,3,2,0,0,2026-01-12 21:59:06,2026-05-14 13:34:54,4,True,routine
P007410,4,3,1,1,2026-01-02 02:02:43,2026-05-27 10:59:28,3,False,high_support_need
P007411,3,2,0,0,2026-01-30 02:19:24,2026-04-30 14:55:46,5,True,routine
P007412,4,4,1,0,2026-02-21 19:59:24,2026-05-14 21:08:54,3,False,routine
P007413,2,2,0,0,2026-02-08 23:28:36,2026-04-19 06:31:00,3,True,routine
P007414,6,2,2,0,2026-01-17 16:40:50,2026-05-29 05:44:50,3,False,routine
P007415,4,2,1,0,2026-02-10 10:29:23,2026-05-10 01:45:24,4,True,routine
P007416,6,3,2,0,2026-01-12 09:55:17,2026-05-31 09:32:50,3,False,high_support_need
P007417,5,3,2,0,2026-02-13 06:56:57,2026-05-06 10:48:52,4,True,routine
P007418,2,2,0,0,2026-03-23 03:16:13,2026-05-12 19:00:18,4,True,routine
P007419,5,2,1,0,2026-02-07 13:54:11,2026-04-25 17:52:24,5,True,new
P007420,4,2,1,0,2026-02-17 09:48:52,2026-05-19 02:04:39,4,True,routine
P007421,4,2,0,0,2026-01-04 20:22:29,2026-04-30 19:11:56,3,True,routine
P007422,4,2,0,0,2026-01-05 23:04:34,2026-05-30 05:31:54,5,True,new
P007423,7,6,5,0,2026-02-12 13:49:52,2026-05-12 17:56:54,2,False,routine
P007424,3,3,1,0,2026-01-13 07:21:14,2026-02-25 08:40:10,4,True,new
P007425,1,0,0,0,2026-03-07 12:36:58,2026-03-07 12:36:58,5,True,new
P007426,5,1,1,0,2026-01-15 03:51:30,2026-05-20 20:16:42,4,True,high_support_need
P007427,3,1,0,0,2026-02-09 12:37:25,2026-04-22 05:43:34,4,True,routine
P007428,6,6,2,0,2026-01-16 16:24:47,2026-05-18 20:35:43,2,False,high_support_need
P007429,7,6,3,0,2026-01-01 08:02:34,2026-04-29 16:44:46,2,True,routine
P007430,3,0,0,0,2026-01-21 20:44:20,2026-04-03 13:59:08,5,True,routine
P007431,5,3,2,1,2026-02-02 23:42:09,2026-05-09 15:59:52,3,True,routine
P007432,3,1,0,0,2026-01-21 05:02:35,2026-05-05 19:44:38,4,True,new
P007433,6,5,2,1,2026-02-17 16:48:40,2026-05-20 08:59:40,3,True,routine
P007434,1,1,0,0,2026-03-14 16:10:50,2026-03-14 16:10:50,4,True,routine
P007435,8,7,2,0,2026-01-04 02:38:38,2026-05-04 10:44:43,2,False,routine
P007436,1,1,0,0,2026-02-06 18:24:04,2026-02-06 18:24:04,4,True,routine
P007437,5,4,1,0,2026-01-04 22:53:27,2026-05-27 18:15:24,3,False,routine
P007438,4,2,1,0,2026-01-21 17:06:33,2026-05-10 16:08:29,4,True,routine
P007439,3,1,1,1,2026-03-07 05:16:43,2026-05-28 07:13:07,4,True,routine
P007440,6,2,3,0,2026-01-08 10:50:34,2026-03-20 21:48:41,4,False,routine
P007441,6,6,1,0,2026-01-09 04:57:06,2026-05-30 02:42:29,2,True,routine
P007442,3,2,1,0,2026-01-16 10:48:51,2026-04-07 14:29:13,3,True,routine
P007443,2,2,0,0,2026-02-22 14:44:18,2026-05-05 00:03:46,5,True,routine
P007444,4,2,0,0,2026-02-08 16:23:11,2026-05-26 10:20:32,4,True,routine
P007445,5,4,2,0,2026-01-04 02:23:13,2026-04-28 02:56:16,2,False,new
P007446,5,2,2,0,2026-01-01 10:39:16,2026-05-10 01:09:38,3,True,routine
P007447,6,5,1,0,2026-02-16 03:51:01,2026-05-28 15:33:20,1,False,routine
P007448,4,4,2,1,2026-01-20 02:18:17,2026-03-08 22:28:18,3,False,routine
P007449,10,8,6,0,2026-01-07 02:38:11,2026-04-27 07:19:41,2,False,new
P007450,6,1,1,0,2026-01-02 22:01:03,2026-05-08 22:45:39,4,False,new
P007451,6,3,4,0,2026-01-03 06:59:00,2026-04-08 19:46:00,3,False,routine
P007452,7,4,4,0,2026-02-23 20:23:31,2026-05-18 12:19:20,3,True,new
P007453,7,6,3,0,2026-02-01 13:05:43,2026-05-30 21:45:19,2,True,routine
P007455,5,3,1,0,2026-02-02 16:16:29,2026-04-12 01:53:24,3,True,routine
P007456,4,3,0,0,2026-01-20 08:15:14,2026-05-16 12:47:56,3,True,routine
P007457,3,3,1,0,2026-03-07 06:40:33,2026-05-03 13:33:14,4,True,routine
P007458,5,5,3,0,2026-01-15 19:23:58,2026-03-19 01:13:23,2,False,routine
P007459,3,1,0,0,2026-03-20 11:00:46,2026-05-20 08:44:27,3,True,routine
P007460,4,3,2,1,2026-02-16 03:25:36,2026-04-03 16:38:25,3,True,routine
P007461,9,8,5,0,2026-02-02 23:43:01,2026-05-15 23:07:52,1,False,routine
P007462,4,2,1,0,2026-01-14 10:25:50,2026-05-03 07:34:09,3,True,new
P007463,5,5,1,0,2026-01-21 03:18:53,2026-04-14 10:33:35,2,True,routine
P007464,2,2,0,0,2026-02-27 06:39:29,2026-04-03 10:45:21,3,True,routine
P007465,3,3,1,0,2026-02-05 06:16:18,2026-03-25 20:08:31,4,False,routine
P007466,6,4,3,0,2026-02-23 14:07:11,2026-05-10 16:32:10,3,False,high_support_need
P007467,2,2,0,0,2026-02-17 22:06:18,2026-03-20 01:29:02,5,False,routine
P007468,4,3,1,0,2026-01-07 05:27:01,2026-04-06 00:23:31,3,True,routine
P007469,6,5,2,0,2026-01-27 02:01:37,2026-05-28 05:28:13,2,True,new
P007471,4,3,1,0,2026-01-17 00:30:31,2026-03-27 09:18:08,4,True,routine
P007472,2,2,0,0,2026-01-21 07:41:20,2026-05-18 02:31:10,4,True,new
P007473,4,2,2,0,2026-04-01 08:49:58,2026-05-09 06:10:09,4,True,routine
P007474,4,3,0,0,2026-01-20 20:46:17,2026-05-14 15:23:30,4,True,new
P007475,3,2,0,0,2026-01-06 05:43:09,2026-03-02 23:07:04,4,True,routine
P007476,2,1,0,0,2026-02-28 12:20:03,2026-04-05 10:03:06,5,True,new
P007477,1,1,0,0,2026-01-26 05:08:02,2026-01-26 05:08:02,5,True,routine
P007478,9,3,5,0,2026-01-21 04:16:19,2026-05-22 05:44:36,2,True,new
P007479,4,3,1,0,2026-01-12 06:44:56,2026-05-22 22:27:36,2,True,high_support_need
P007480,2,1,1,0,2026-05-07 07:40:28,2026-05-10 08:06:26,4,True,new
P007481,5,4,1,0,2026-01-26 07:23:58,2026-05-21 00:43:34,4,False,routine
P007482,1,1,0,0,2026-03-29 22:13:32,2026-03-29 22:13:32,4,True,routine
P007483,4,2,0,0,2026-01-08 22:05:01,2026-05-08 12:17:12,4,True,high_support_need
P007484,4,3,1,0,2026-01-07 20:26:29,2026-05-04 21:38:21,4,True,routine
P007485,2,2,1,0,2026-01-03 00:59:55,2026-01-05 19:13:23,4,True,routine
P007486,4,4,1,0,2026-01-30 06:36:45,2026-05-24 06:22:06,3,True,routine
P007487,5,5,1,0,2026-02-03 12:17:43,2026-05-30 23:18:47,2,True,routine
P007488,2,1,0,1,2026-02-09 09:29:23,2026-05-10 05:32:21,5,True,routine
P007489,4,3,1,0,2026-02-07 11:59:06,2026-05-16 07:12:23,3,False,routine
P007490,7,6,1,0,2026-01-06 23:27:13,2026-05-14 09:38:57,3,True,new
P007491,5,4,2,0,2026-02-01 20:30:32,2026-04-15 15:51:08,2,True,new
P007492,3,2,1,0,2026-01-21 23:14:41,2026-05-31 05:27:20,3,True,new
P007493,4,4,1,0,2026-01-28 19:07:57,2026-05-25 13:06:05,3,True,new
P007494,7,7,2,1,2026-01-20 20:45:18,2026-05-28 05:36:00,1,False,routine
P007495,4,4,2,0,2026-01-22 21:23:39,2026-05-19 02:32:10,2,True,new
P007496,3,1,1,0,2026-02-16 09:59:50,2026-05-29 19:00:04,3,True,routine
P007497,10,6,4,0,2026-01-02 14:38:45,2026-05-06 15:18:04,2,False,routine
P007498,5,4,1,0,2026-01-23 13:38:18,2026-05-16 20:07:00,5,False,routine
P007499,6,5,3,0,2026-02-16 13:06:58,2026-04-28 11:12:55,3,True,routine
P007500,2,1,0,0,2026-03-03 11:17:11,2026-04-21 08:35:52,5,True,routine
